buyer_key,boamp_siret,boamp_name,source_b,decp_siret,decp_name,source_d
NAME:44,,SDIS 44,BOAMP,,,
NAME:85,,SDIS 85,BOAMP,,,
NAME:acoss,,ACOSS,BOAMP,,,
NAME:ademe,,ADEME,BOAMP,,,
NAME:agce pour l enst fr a l etranger,,AGCE POUR L ENST FR A L ETRANGER,BOAMP,,,
NAME:agence regionale pays de la loire ti,,Agence Régionale Pays de la Loire TI,BOAMP,,,
NAME:angers loire metropole,,Angers Loire Métropole,BOAMP,,,
NAME:arafer,,ARAFER,BOAMP,,,
NAME:association songo,,association songo,BOAMP,,,
NAME:autorite regulation activites ferrovia,,AUTORITE REGULATION ACTIVITES FERROVIA,BOAMP,,,
NAME:bouaye,,COMMUNE DE BOUAYE,BOAMP,,,
NAME:bouguenais,,Ville de Bouguenais,BOAMP,,,
NAME:ca pornic agglo pays de retz,,CA PORNIC AGGLO PAYS DE RETZ,BOAMP,,,
NAME:caf de la somme,,CAF de la Somme,BOAMP,,,
NAME:cap atlantique,,CAP ATLANTIQUE,BOAMP,,,
NAME:carene,,CARENE,BOAMP,,,
NAME:carquefou,,Ville de Carquefou,BOAMP,,,
NAME:cc ocean marais de monts,,CC Océan Marais de Monts,BOAMP,,,
NAME:cci nantes saint nazaire,,CCI Nantes Saint-Nazaire,BOAMP,,,
NAME:cci pays de la loire,,CCI Pays de la Loire,BOAMP,,,
NAME:ccir pays de la loire,,CCIR Pays de la Loire,BOAMP,,,
NAME:cdc du pays de saint gilles cx de vie,,CDC du Pays de Saint Gilles Cx de Vie,BOAMP,,,
NAME:cenovia cites,443928874,CENOVIA CITES,BOAMP,,,
NAME:centre de gestion de la fonction publi,,CENTRE DE GESTION DE LA FONCTION PUBLI,BOAMP,,,
NAME:cesson sevigne,,COMMUNE DE CESSON SEVIGNE,BOAMP,,,
NAME:cg49,,CG49,BOAMP,,,
NAME:chambre agriculture pays de la loire,,Chambre Agriculture Pays de la Loire,BOAMP,,,
NAME:chd vendee,,CHD VENDEE,BOAMP,,,
NAME:cholet,,Ville de Cholet,BOAMP,,,
NAME:cif gie geipci,,CIF GIE GEIPCI,BOAMP,,,
NAME:cnieg,,CNIEG,BOAMP,,,
NAME:com communes du pays d ancenis,,Com Communes du Pays d'Ancenis,BOAMP,,,
NAME:com d agglo reg nazairienne estuaire,,COM D AGGLO REG NAZAIRIENNE ESTUAIRE,BOAMP,,,
NAME:comcom des vallees du haut anjou,,ComCom des Vallées du Haut-Anjou,BOAMP,,,
NAME:communaute communes la chataigneraie,,Communauté Communes La Chataigneraie,BOAMP,,,
NAME:communaute d agglomeration du niortais,,Communauté d'agglomération du Niortais,BOAMP,,,
NAME:commune d ancenis saint gereon,,Commune d'Ancenis-Saint-Géréon,BOAMP,,,
NAME:commune des herbiers,,Commune des Herbiers,BOAMP,,,
NAME:commune les sables d olonne,,COMMUNE LES SABLES D OLONNE,BOAMP,,,
NAME:communes baugeois vallee,,Communauté de communes BAUGEOIS VALLEE,BOAMP,,,
NAME:communes de grand lieu,,Communauté de Communes de Grand Lieu,BOAMP,,,
NAME:communes du perche,,Communauté de Communes du Perche,BOAMP,,,
NAME:comsopgn,,COMSOPGN,BOAMP,,,
NAME:concarneau cornouaille agglomeration,,Concarneau Cornouaille Agglomération,BOAMP,,,
NAME:conseil general de la sarthe,,Conseil Général de la Sarthe,BOAMP,,,
NAME:conseil general de la vendee,,Conseil général de la Vendée,BOAMP,,,
NAME:conseil general de loire atlantique,,Conseil général de Loire-Atlantique,BOAMP,,,
NAME:coueron,,Mairie de Coueron,BOAMP,,,
NAME:cte cnes coeur d estuaire,,Cté Cnes Coeur d'Estuaire,BOAMP,,,
NAME:cte de cnes de l ile de noirmoutier,,Cté de Cnes de l'Ile de Noirmoutier,BOAMP,,,
NAME:cte de cnes du pays d ancenis,,Cté de Cnes du Pays d'Ancenis,BOAMP,,,
NAME:cte de communes d erdre et gesvres,,Cté de Communes d'Erdre et Gesvres,BOAMP,,,
NAME:cte de communes de la blain,,Cté de Communes de la Région de Blain,BOAMP,,,
NAME:cte de communes du pays des herbiers,,Cté de Communes du Pays des Herbiers,BOAMP,,,
NAME:ctre hosp universitaire angers,,CTRE HOSP UNIVERSITAIRE ANGERS,BOAMP,,,
NAME:ctre national d enst a distance,,CTRE NATIONAL D ENST A DISTANCE,BOAMP,,,
NAME:d angers,,CHU d'Angers,BOAMP,,,
NAME:de cholet,,Centre Hospitalier de Cholet,BOAMP,,,
NAME:de la mayenne,,Sdis de la Mayenne,BOAMP,,,
NAME:de la sarthe,,SDIS de la Sarthe,BOAMP,,,
NAME:de laval 53,,Centre Hospitalier de Laval (53),BOAMP,,,
NAME:de loire atlanti,,CONSEIL DEPARTEMENTAL DE LOIRE-ATLANTI,BOAMP,,,
NAME:de nantes,,CHU de Nantes,BOAMP,,,
NAME:de saumur,,Centre hospitalier de Saumur,BOAMP,,,
NAME:des pays de la loire,,Conseil régional des Pays de la Loire,BOAMP,,,
NAME:dir interdepartementale routes ouest,,DIR INTERDEPARTEMENTALE ROUTES OUEST,BOAMP,,,
NAME:dir ouest,,DIR Ouest,BOAMP,,,
NAME:dreal pays de la loire,,DREAL Pays de la Loire,BOAMP,,,
NAME:du maine et loire,,SDIS du Maine et Loire,BOAMP,,,
NAME:du marais poitevi,,ETABLISSEMENT PUBLIC DU MARAIS POITEVI,BOAMP,,,
NAME:e collectivites vendee,,e-Collectivités Vendée,BOAMP,,,
NAME:ecole centrale de nantes,,Ecole Centrale de Nantes,BOAMP,,,
NAME:ecole des mines de nantes,,Ecole des Mines de Nantes,BOAMP,,,
NAME:epsilon centrale d achat informatique,,EPSILON CENTRALE D'ACHAT INFORMATIQUE,BOAMP,,,
NAME:esat foyers,,ESAT Foyers,BOAMP,,,
NAME:fondation partenariale polytech,,FONDATION PARTENARIALE POLYTECH,BOAMP,,,
NAME:gcs esante pays de la loire,,GCS eSanté Pays de la Loire,BOAMP,,,
NAME:gie sesam vitale,,GIE SESAM Vitale,BOAMP,,,
NAME:gpm de nantes st nazaire,,GPM de Nantes - St Nazaire,BOAMP,,,
NAME:inra angers nantes,,INRA Angers Nantes,BOAMP,,,
NAME:inst interdpt bassin sevre niortaise,,Inst. Interdpt bassin Sèvre Niortaise,BOAMP,,,
NAME:iphv les hauts thebaudieres,,IPHV LES HAUTS THEBAUDIERES,BOAMP,,,
NAME:ircantec,,IRCANTEC,BOAMP,,,
NAME:la baule,,Commune de La Baule,BOAMP,,,
NAME:la cite des congres de nantes,,La Cité des Congrès de Nantes,BOAMP,,,
NAME:la garnache,,LA GARNACHE,BOAMP,,,
NAME:la mayenne,,DEPARTEMENT DE LA MAYENNE,BOAMP,,,
NAME:la roche sur yon,,Ville de La Roche-sur-Yon,BOAMP,,,
NAME:la roche sur yon agglomeration,,LA ROCHE-SUR-YON AGGLOMERATION,BOAMP,,,
NAME:la sarthe,,Département de la Sarthe,BOAMP,,,
NAME:la vendee,,Département de la Vendée,BOAMP,,,
NAME:laval agglomeration,,Laval Agglomération,BOAMP,,,
NAME:le mans,,CH LE MANS,BOAMP,,,
NAME:le mans metropole,443928874,Le Mans Métropole,BOAMP,,,
NAME:le mans metropole communaute urbaine,,Le Mans Métropole - Communauté Urbaine,BOAMP,,,
NAME:le pellerin,,commune de Le Pellerin,BOAMP,,,
NAME:loire atlantique,,Conseil départemental Loire-Atlantique,BOAMP,,,
NAME:loire ocean developpement,,Loire Ocean developpement,BOAMP,,,
NAME:loire vendee ocean,,Centre Hospitalier Loire Vendée Océan,BOAMP,,,
NAME:lycee polyvalent leonard de vinci,,LYCEE POLYVALENT LEONARD DE VINCI,BOAMP,,,
NAME:maine et loire,,Département de Maine-et-Loire,BOAMP,,,
NAME:maine loire habitat office pub habitat,,MAINE LOIRE HABITAT OFFICE PUB HABITAT,BOAMP,,,
NAME:mairie du croisic,,Mairie du croisic,BOAMP,,,
NAME:mash,,MASH,BOAMP,,,
NAME:mauges sur loire,,COMMUNE DE MAUGES SUR LOIRE,BOAMP,,,
NAME:metropole nantes metropole,,METROPOLE NANTES METROPOLE,BOAMP,,,
NAME:mindef dga dt scat,,MINDEF/DGA/DT/SCAT,BOAMP,,,
NAME:ministere des affaires etrangeres,,Ministère des Affaires étrangères,BOAMP,,,
NAME:montrevault sur evre,,MONTREVAULT-SUR-ÈVRE,BOAMP,,,
NAME:nantes,,Ville de Nantes,BOAMP,,,
NAME:nantes metropole,,Nantes Métropole,BOAMP,,,
NAME:nantes metropole habitat,,Nantes Métropole Habitat,BOAMP,,,
NAME:o p h le mans habitat,,O.P.H LE MANS HABITAT,BOAMP,,,
NAME:office public de l habitat,,Office Public de l'Habitat,BOAMP,,,
NAME:oniris,,ONIRIS,BOAMP,,,
NAME:orchestre national des pays de la loir,,Orchestre National des Pays de la Loir,BOAMP,,,
NAME:rectorat de l academie de nantes,,Rectorat de l'Académie de Nantes,BOAMP,,,
NAME:reseau canope,,Réseau Canopé,BOAMP,,,
NAME:residences saint alexandre,,RESIDENCES SAINT ALEXANDRE,BOAMP,,,
NAME:reze,,Ville de Rezé,BOAMP,,,
NAME:saint herblain,,Commune de Saint-Herblain,BOAMP,,,
NAME:saint nazaire,,Commune de Saint-Nazaire,BOAMP,,,
NAME:saint saturnin,,MAIRIE DE SAINT SATURNIN,BOAMP,,,
NAME:saint sebastien sur loire,,Ville de Saint Sébastien sur Loire,BOAMP,,,
NAME:sarthe habitat,,Sarthe Habitat,BOAMP,,,
NAME:sdegm,,SDEGM,BOAMP,,,
NAME:sdis49,,SDIS49,BOAMP,,,
NAME:sec gal pour l adm min interieur ouest,,SEC GAL POUR L ADM MIN INTERIEUR OUEST,BOAMP,,,
NAME:sem cenovia,,SEM CENOVIA,BOAMP,,,
NAME:semitan,,SEMITAN,BOAMP,,,
NAME:semitan mandataire de la cun,,"SEMITAN, mandataire de la CUN",BOAMP,,,
NAME:semitan mandataire de nantes metropole,,SEMITAN mandataire de Nantes Métropole,BOAMP,,,
NAME:sgami ouest,,SGAMI OUEST,BOAMP,,,
NAME:sictiam,,SICTIAM,BOAMP,,,
NAME:smictom de la vallee de l authion,,SMICTOM de la Vallée de l'Authion,BOAMP,,,
NAME:soc publique reg abe de fontevraud,,SOC PUBLIQUE REG ABE DE FONTEVRAUD,BOAMP,,,
NAME:societe publique regionale abbaye de fontevraud,443928874,SOCIETE PUBLIQUE REGIONALE ABBAYE DE FONTEVRAUD,BOAMP,,,
NAME:spl eau du bassin rennais,,SPL EAU DU BASSIN RENNAIS,BOAMP,,,
NAME:spr pays de la loire,,SPR Pays de la Loire,BOAMP,,,
NAME:sydela,,SYDELA,BOAMP,,,
NAME:syndicat departemental d energie,,Syndicat Départemental d'Energie,BOAMP,,,
NAME:syndicat mixte gigalis,,SYNDICAT MIXTE GIGALIS,BOAMP,,,
NAME:syndicat mixte sarthe numerique,,"Syndicat Mixte "" Sarthe Numérique """,BOAMP,,,
NAME:syndicat trivalis,,Syndicat Trivalis,BOAMP,,,
NAME:thouare sur loire,,Ville de Thouaré-sur-Loire,BOAMP,,,
NAME:ubs,,UBS,BOAMP,,,
NAME:universite d angers,,Université d'Angers,BOAMP,,,
NAME:vallons de l erdre,,Commune de VALLONS-DE-L'ERDRE,BOAMP,,,
NAME:vendee,,VENDEE,BOAMP,,,
NAME:vendee eau,,Vendée Eau,BOAMP,,,
NAME:vendee expansion,,Vendée Expansion,BOAMP,,,
NAME:vendee habitat oph de vendee,,Vendée Habitat - OPH de Vendée,BOAMP,,,
NAME:ville d alencon,,Ville d'Alençon,BOAMP,,,
NAME:ville d angers,,Ville d'Angers,BOAMP,,,
NAME:ville d orvault,,Ville d'Orvault,BOAMP,,,
NAME:ville du croisic,,Ville du Croisic,BOAMP,,,
NAME:ville du mans,,Ville du Mans,BOAMP,,,
NAME:villemomble,,Ville de Villemomble,BOAMP,,,
SIRET:05720113900029,,,,05720113900029,PODELIHA - ENTREPRISE SOCIALE POUR L'HABITAT - SOCIETE ANONYME D'HABITATIONS A LOYER MODERE,DECP
SIRET:05720113900045,,,,05720113900045,PODELIHA - ENTREPRISE SOCIALE POUR L'HABITAT - SOCIETE ANONYME D'HABITATIONS A LOYER MODERE,DECP
SIRET:05820153400078,,,,05820153400078,LOGEMENT ET GESTION IMMOBILIERE POUR LA REGION DE L OUEST,DECP
SIRET:13000548113153,,,,13000548113153,FRANCE TRAVAIL (DR PAYS DE LOIRE),DECP
SIRET:13000610900057,,,,13000610900057,DIRECTION REGIONALE DE L'ENVIRONNEMENT DE L'AMENAGEMENT ET DU LOGEMENT PAYS DE LA LOIRE,DECP
SIRET:13000800600061,,,,13000800600061,AGENCE REGIONALE DE SANTE PAYS DE LOIRE,DECP
SIRET:13000810500012,,,,13000810500012,CHAMBRE COMMERCE INDUSTRIE NANTES - SAINT-NAZAIRE,DECP
SIRET:13000853500010,,,,13000853500010,ECOLE NATIONALE VETERINAIRE AGROALIMENTAIRE ET DE L'ALIMENTATION NANTES ATLANTIQUE,DECP
SIRET:13001232100050,,,,13001232100050,AUTORITE DE REGULATION DES TRANSPORTS,DECP
SIRET:13002928300012,13002928300012,Nantes Université,BOAMP,,,
SIRET:13002974700016,,,,13002974700016,NANTES UNIVERSITE,DECP
SIRET:13003148700015,,,,13003148700015,CHAMBRE D'AGRICULTURE DE REGION PAYS DE LA LOIRE,DECP
SIRET:17350111500013,17350111500013,Société d'aménagement de la Métropole Ouest Atlantique,BOAMP,,,
SIRET:17440000200054,,,,17440000200054,PREFECTURE DE REGION PAYS DE LA LOIRE (SECRETARIAT GEN POUR AFFAIRES REGIONALES),DECP
SIRET:17440005100010,17440005100010,Tribunal administratif de Nantes,BOAMP,,,
SIRET:17440430100015,,,,17440430100015,RECTORAT DE L'ACADEMIE DE NANTES,DECP
SIRET:18003604802284,,,,18003604802284,INSTITUT NATIONAL DE LA SANTE ET DE LA RECHERCHE MEDICALE (DELEGATION REGIONALE GRAND OUEST),DECP
SIRET:18007003900557,,,,18007003900557,INSTITUT NATIONAL DE RECHERCHE POUR L'AGRICULTURE L'ALIMENTATION ET L'ENVIRONNEMENT (INRAE PAYS-DE-LA-LOIRE NANTES),DECP
SIRET:18008928600041,,,,18008928600041,GROUPE D ETUDES ET DE CONTROLE DES VARIETES ET DES SEMENCES,DECP
SIRET:18440128900022,,,,18440128900022,CHAMBRE DE COMMERCE ET D INDUSTRIE DE REGION PAYS DE LA LOIRE,DECP
SIRET:18440132100015,,,,18440132100015,CENTRE REGIONAL OEUVRES UNIV SCOLAIRES,DECP
SIRET:18440919100014,,,,18440919100014,GIP FORM CONTINUE INSERT PROF EXPERIENCE,DECP
SIRET:18850049000019,,,,18850049000019,CHAMBRE DE COMMERCE ET DE L'INDUSTRIE,DECP
SIRET:19440100600011,,,,19440100600011,ECOLE CENTRALE DE NANTES,DECP
SIRET:19440104800021,,,,19440104800021,ECOLE NATIONALE SUPERIEURE D'ARCHITECTURE DE NANTES,DECP
SIRET:19440984300019,,,,19440984300019,UNIVERSITE DE NANTES,DECP
SIRET:19490970100303,,,,19490970100303,UNIVERSITE D'ANGERS,DECP
SIRET:20001492600030,,,,20001492600030,TERRITOIRE D ENERGIE LOIRE ATLANTIQUE (TE44),DECP
SIRET:20002377800018,,,,20002377800018,PAYS DE SAINT-GILLES-CROIX-DE-VIE AGGLOMERATION,DECP
SIRET:20003329800015,,,,20003329800015,COMMUNAUTE DE COMMUNES DES COEVRONS,DECP
SIRET:20004047500119,,,,20004047500119,LBN COMMUNAUTE,DECP
SIRET:20004248900019,20004248900019,Syndicat Départemental d'Energie et d'Equipement de la Vendée (85),BOAMP,20004248900019,SYNDICAT DEPARTEMENTAL D'ENERGIE ET D'EQUIPEMENT DE LA VENDEE,DECP
SIRET:20004311500019,20004311500019,Syndicat Mixte e-Collectivités Vendée,BOAMP,20004311500019,SM E-COLLECTIVITES,DECP
SIRET:20004855100010,,,,20004855100010,CC DU PAYS DE CRAON,DECP
SIRET:20005270200012,,,,20005270200012,COMMUNE DE BAUGE-EN-ANJOU (MAIRIE),DECP
SIRET:20005359300014,,,,20005359300014,COMMUNE DE CHEMILLE-EN-ANJOU (MAIRIE),DECP
SIRET:20005361900017,,,,20005361900017,COMMUNE DE BEAUPREAU-EN-MAUGES (MAIRIE),DECP
SIRET:20005430200019,,,,20005430200019,COMMUNE DE MONTREVAULT-SUR-EVRE (MAIRIE),DECP
SIRET:20005433600017,,,,20005433600017,COMMUNE DE MAUGES-SUR-LOIRE (MAIRIE),DECP
SIRET:20005438500014,,,,20005438500014,COMMUNE DE SEVREMOINE (MAIRIE),DECP
SIRET:20005481500010,,,,20005481500010,COMMUNE DE DIVATTE-SUR-LOIRE (MAIRIE),DECP
SIRET:20005582000019,,,,20005582000019,COMMUNE DE VAIR-SUR-LOIRE (MAIRIE),DECP
SIRET:20005588700018,,,,20005588700018,MAYENNE COMMUNAUTE,DECP
SIRET:20005743800018,,,,20005743800018,COMMUNE DE LOIRE-AUTHION (MAIRIE),DECP
SIRET:20005889900010,,,,20005889900010,COMMUNE DE BEAUFORT-EN-ANJOU (MAIRIE),DECP
SIRET:20005947500018,,,,20005947500018,COMMUNE DE LYS-HAUT-LAYON (MAIRIE),DECP
SIRET:20006001000010,,,,20006001000010,MAUGES COMMUNAUTE,DECP
SIRET:20006001000044,,,,20006001000044,MAUGES COMMUNAUTE (ORDURES MENAGERES),DECP
SIRET:20006001000085,,,,20006001000085,MAUGES COMMUNAUTE (ASSAINISSEMENT COLLECTIF),DECP
SIRET:20006542300010,,,,20006542300010,COMMUNE DE SEGRE-EN-ANJOU BLEU (MAIRIE),DECP
SIRET:20006763500017,,,,20006763500017,CA CLISSON SEVRE ET MAINE AGGLO,DECP
SIRET:20006763500132,,,,20006763500132,CA CLISSON SEVRE ET MAINE AGGLO,DECP
SIRET:20006786600018,,,,20006786600018,COMMUNAUTE DE COMMUNES SEVRE ET LOIRE,DECP
SIRET:20006786600059,,,,20006786600059,COMMUNAUTE DE COMMUNES SEVRE ET LOIRE (GESTION DES PISCINES),DECP
SIRET:20006895500018,,,,20006895500018,ANJOU LOIR ET SARTHE,DECP
SIRET:20006947400019,,,,20006947400019,COMMUNE DE OMBREE D'ANJOU (MAIRIE),DECP
SIRET:20007116500019,,,,20007116500019,CA LES SABLES D'OLONNE AGGLOMERATION,DECP
SIRET:20007116500118,,,,20007116500118,CA LES SABLES D'OLONNE AGGLOMERATION (PEPINIERE D'ENTREPRISES),DECP
SIRET:20007116500167,,,,20007116500167,CA LES SABLES D'OLONNE AGGLOMERATION,DECP
SIRET:20007154600010,,,,20007154600010,CC SUD RETZ ATLANTIQUE,DECP
SIRET:20007155300016,,,,20007155300016,CC LOIRE LAYON AUBANCE,DECP
SIRET:20007162900121,,,,20007162900121,CC CHALLANS-GOIS COMMUNAUTE,DECP
SIRET:20007167800011,,,,20007167800011,CA CHOLET AGGLOMERATION,DECP
SIRET:20007186800018,,,,20007186800018,CC DES VALLEES DU HAUT-ANJOU,DECP
SIRET:20007186800158,,,,20007186800158,CC DES VALLEES DU HAUT-ANJOU,DECP
SIRET:20007187600011,,,,20007187600011,CA SAUMUR VAL DE LOIRE,DECP
SIRET:20007190000019,,,,20007190000019,CC VENDEE GRAND LITTORAL,DECP
SIRET:20007190000308,,,,20007190000308,CC VENDEE GRAND LITTORAL,DECP
SIRET:20007191800011,,,,20007191800011,CC DU PAYS DE SAINT-FULGENT - LES ESSARTS,DECP
SIRET:20007225400010,,,,20007225400010,COMMUNE DE BAZOUGES CRE SUR LOIR (MAIRIE),DECP
SIRET:20007272600017,,,,20007272600017,COMMUNAUTE  DE COMMUNES CHATEAUBRIANT-DERVAL,DECP
SIRET:20007272600033,,,,20007272600033,COMMUNAUTE  DE COMMUNES CHATEAUBRIANT-DERVAL (ZONES D'ACTIVITES ECONOMIQUES),DECP
SIRET:20007288200018,,,,20007288200018,CC DE VIE ET BOULOGNE,DECP
SIRET:20007288200059,,,,20007288200059,CC DE VIE ET BOULOGNE (ORDURES MENAGERES),DECP
SIRET:20007326000016,,,,20007326000016,CC SUD VENDEE LITTORAL,DECP
SIRET:20007554700014,,,,20007554700014,COMMUNE DE GENNES-VAL-DE-LOIRE (MAIRIE),DECP
SIRET:20007740200010,,,,20007740200010,SYNDICAT D'EAU DE L'ANJOU,DECP
SIRET:20007740200036,,,,20007740200036,SYNDICAT D'EAU DE L'ANJOU,DECP
SIRET:20008213900011,,,,20008213900011,COMMUNE LES SABLES-D'OLONNE (MAIRIE),DECP
SIRET:20008247700015,,,,20008247700015,TERRITOIRE D'ENERGIE MAYENNE,DECP
SIRET:20008256800011,,,,20008256800011,COMMUNE DE CHERRE-AU (MAIRIE),DECP
SIRET:20008322800011,,,,20008322800011,COMMUNE DE ANCENIS-SAINT-GEREON (MAIRIE),DECP
SIRET:20008322800102,,,,20008322800102,COMMUNE DE ANCENIS-SAINT-GEREON (SPECTACLE ET EXPOSITION),DECP
SIRET:20008323600014,,,,20008323600014,CENTRE COMMUNAL D'ACTION SOCIALE,DECP
SIRET:20008339200015,,,,20008339200015,LAVAL AGGLOMERATION,DECP
SIRET:20008465500014,,,,20008465500014,COMMUNE DE CHATEAU-GONTIER-SUR-MAYENNE (MAIRIE),DECP
SIRET:20008469700016,,,,20008469700016,COMMUNE D'EVRON (MAIRIE),DECP
SIRET:20008976100015,,,,20008976100015,SI DE RESSOURCES INFORMATIQUES,DECP
SIRET:20008999300022,,,,20008999300022,SYNDICAT MIXTE D'ALIMENTATION EN EAU POTABLE (SMAEP) DE L'AUNAY - LA TOUCHE,DECP
SIRET:20009100700035,,,,20009100700035,SYNDICAT MIXTE DES PORTS DE PLAISANCE ET DE PECHE DE LOIRE-ATLANTIQUE (PORTS EN DSP),DECP
SIRET:20009665900012,,,,20009665900012,CENTRE INTERCOMMUNAL D ACTION SOCIALE LA ROCHE-SUR-YON AGGLOMERATION,DECP
SIRET:21440009500128,,,,21440009500128,COMMUNE DE BASSE-GOULAINE (MAIRIE),DECP
SIRET:21440014500055,,,,21440014500055,COMMUNE DU BIGNON (MAIRIE),DECP
SIRET:21440015200051,,,,21440015200051,COMMUNE DE BLAIN (MAIRIE),DECP
SIRET:21440020200013,,,,21440020200013,COMMUNE DE BOUGUENAIS (MAIRIE),DECP
SIRET:21440026900012,,,,21440026900012,COMMUNE DE CARQUEFOU (MAIRIE),DECP
SIRET:21440035000010,,,,21440035000010,COMMUNE DE LA CHAPELLE-SUR-ERDRE (MAIRIE),DECP
SIRET:21440036800012,,,,21440036800012,COMMUNE DE CHATEAUBRIANT (MAIRIE),DECP
SIRET:21440044200015,,,,21440044200015,COMMUNE DE CONQUEREUIL (MAIRIE),DECP
SIRET:21440045900019,,,,21440045900019,COMMUNE DE CORDEMAIS (MAIRIE),DECP
SIRET:21440047500015,,,,21440047500015,COMMUNE DE COUERON (MAIRIE),DECP
SIRET:21440049100129,,,,21440049100129,COMMUNE DU CROISIC (MAIRIE),DECP
SIRET:21440055800018,,,,21440055800018,COMMUNE DE LA BAULE-ESCOUBLAC (MAIRIE),DECP
SIRET:21440066500011,,,,21440066500011,COMMUNE DE GRANDCHAMP-DES-FONTAINES (MAIRIE),DECP
SIRET:21440069900143,,,,21440069900143,COMMUNE DE GUERANDE (MAIRIE),DECP
SIRET:21440090500011,,,,21440090500011,COMMUNE DE LA MARNE (MAIRIE),DECP
SIRET:21440092100018,,,,21440092100018,COMMUNE DE MASSERAC (MAIRIE),DECP
SIRET:21440102800011,,,,21440102800011,COMMUNE DE MONTBERT (MAIRIE),DECP
SIRET:21440109300015,,,,21440109300015,COMMUNE DE NANTES (MAIRIE),DECP
SIRET:21440110100016,,,,21440110100016,COMMUNE DE NORT-SUR-ERDRE (MAIRIE),DECP
SIRET:21440113500014,,,,21440113500014,COMMUNE DE NOZAY (MAIRIE),DECP
SIRET:21440114300018,,,,21440114300018,COMMUNE D'ORVAULT (MAIRIE),DECP
SIRET:21440120000016,,,,21440120000016,COMMUNE DU PELLERIN (MAIRIE),DECP
SIRET:21440123400015,,,,21440123400015,COMMUNE DE PIERRIC (MAIRIE),DECP
SIRET:21440129100015,,,,21440129100015,COMMUNE DE PONTCHATEAU (MAIRIE),DECP
SIRET:21440132500011,,,,21440132500011,COMMUNE DE PORNICHET (MAIRIE),DECP
SIRET:21440135800095,,,,21440135800095,COMMUNE DU POULIGUEN (MAIRIE),DECP
SIRET:21440143200015,,,,21440143200015,COMMUNE DE REZE (MAIRIE),DECP
SIRET:21440150700063,,,,21440150700063,COMMUNE DE SAINT-AIGNAN-GRANDLIEU (MAIRIE),DECP
SIRET:21440154900016,,,,21440154900016,COMMUNE DE SAINT-BREVIN-LES-PINS (MAIRIE),DECP
SIRET:21440158000011,,,,21440158000011,COMMUNE DE SAINT-ETIENNE-DE-MONTLUC (MAIRIE),DECP
SIRET:21440162200011,,,,21440162200011,COMMUNE DE SAINT-HERBLAIN (MAIRIE),DECP
SIRET:21440172100011,,,,21440172100011,COMMUNE DE SAINTE-LUCE-SUR-LOIRE (MAIRIE),DECP
SIRET:21440179600088,,,,21440179600088,COMMUNE DE SAINT-MARS-DU-DESERT (MAIRIE),DECP
SIRET:21440182000011,,,,21440182000011,COMMUNE DE SAINT-MICHEL-CHEF-CHEF (MAIRIE),DECP
SIRET:21440184600016,,,,21440184600016,COMMUNE DE SAINT-NAZAIRE (MAIRIE),DECP
SIRET:21440187900017,,,,21440187900017,COMMUNE DE SAINT-PERE-EN-RETZ (MAIRIE),DECP
SIRET:21440190300155,,,,21440190300155,COMMUNE DE SAINT-SEBASTIEN-SUR-LOIRE (MAIRIE),DECP
SIRET:21440194500016,,,,21440194500016,COMMUNE DE SAUTRON (MAIRIE),DECP
SIRET:21440195200012,,,,21440195200012,COMMUNE DE SAVENAY (MAIRIE),DECP
SIRET:21440201800011,,,,21440201800011,COMMUNE DE SUCE-SUR-ERDRE (MAIRIE),DECP
SIRET:21440204200110,,,,21440204200110,COMMUNE DE THOUARE-SUR-LOIRE (MAIRIE),DECP
SIRET:21440205900114,,,,21440205900114,COMMUNE DES TOUCHES (MAIRIE),DECP
SIRET:21440212500071,,,,21440212500071,COMMUNE DE VALLET (MAIRIE),DECP
SIRET:21440215800015,,,,21440215800015,COMMUNE DE VERTOU (MAIRIE),DECP
SIRET:21440217400012,,,,21440217400012,COMMUNE DE VIGNEUX-DE-BRETAGNE (MAIRIE),DECP
SIRET:21490007800012,,,,21490007800012,COMMUNE D'ANGERS (MAIRIE),DECP
SIRET:21490015100017,,,,21490015100017,COMMUNE D'AVRILLE (MAIRIE),DECP
SIRET:21490099500017,,,,21490099500017,COMMUNE DE CHOLET (MAIRIE),DECP
SIRET:21490180300012,,,,21490180300012,COMMUNE DE LONGUE-JUMELLES (MAIRIE),DECP
SIRET:21490223100148,,,,21490223100148,COMMUNE DE MURS-ERIGNE (MAIRIE),DECP
SIRET:21490267800017,,,,21490267800017,COMMUNE DE SAINT-BARTHELEMY-D'ANJOU (MAIRIE),DECP
SIRET:21490328800014,,,,21490328800014,COMMUNE DE SAUMUR (MAIRIE),DECP
SIRET:21490353600016,,,,21490353600016,COMMUNE DE TRELAZE (MAIRIE),DECP
SIRET:21530130000012,,,,21530130000012,COMMUNE DE LAVAL (MAIRIE),DECP
SIRET:21720003900014,,,,21720003900014,COMMUNE D'ALLONNES (MAIRIE),DECP
SIRET:21720054200017,,,,21720054200017,COMMUNE DE CHAMPAGNE (MAIRIE),DECP
SIRET:21720058300011,,,,21720058300011,COMMUNE DE CHANGE (MAIRIE),DECP
SIRET:21720067400042,,,,21720067400042,COMMUNE DE LA CHAPELLE SAINT-REMY (LOTISSEMENT LA DELANDIERE),DECP
SIRET:21720095500011,,,,21720095500011,COMMUNE DE COULAINES (MAIRIE),DECP
SIRET:21720124300011,,,,21720124300011,COMMUNE D'ECOMMOY (MAIRIE),DECP
SIRET:21720132600014,,,,21720132600014,COMMUNE DE LA FERTE BERNARD (MAIRIE),DECP
SIRET:21720154000010,,,,21720154000010,COMMUNE DE LA FLECHE (MAIRIE),DECP
SIRET:21720181300011,,,,21720181300011,COMMUNE DU MANS (MAIRIE),DECP
SIRET:21720191200011,,,,21720191200011,COMMUNE DE MAYET (MAIRIE),DECP
SIRET:21720200100012,,,,21720200100012,COMMUNE DE MONCE EN BELIN (MAIRIE),DECP
SIRET:21720216700052,,,,21720216700052,COMMUNE DE NEUVILLALAIS (MAIRIE),DECP
SIRET:21720245600018,,,,21720245600018,COMMUNE DE PREVAL (MAIRIE),DECP
SIRET:21720264700012,,,,21720264700012,COMMUNE DE SABLE SUR SARTHE (MAIRIE),DECP
SIRET:21720334800016,,,,21720334800016,COMMUNE DE SILLE LE GUILLAUME (MAIRIE),DECP
SIRET:21720337100018,,,,21720337100018,COMMUNE DE SOUGE LE GANELON (MAIRIE),DECP
SIRET:21720346200015,,,,21720346200015,COMMUNE DE LA SUZE SUR SARTHE (MAIRIE),DECP
SIRET:21720358700019,,,,21720358700019,COMMUNE DE THORIGNE SUR DUE (MAIRIE),DECP
SIRET:21850003100016,,,,21850003100016,COMMUNE D'AIZENAY (MAIRIE),DECP
SIRET:21850004900018,,,,21850004900018,COMMUNE D'ANGLES (MAIRIE),DECP
SIRET:21850018900012,,,,21850018900012,COMMUNE DE BEAUVOIR-SUR-MER (MAIRIE),DECP
SIRET:21850047800209,21850047800209,Commune de Challans,BOAMP,21850047800209,COMMUNE DE CHALLANS (MAIRIE),DECP
SIRET:21850082500128,,,,21850082500128,COMMUNE DES EPESSES (MAIRIE),DECP
SIRET:21850095700012,,,,21850095700012,COMMUNE DE FROIDFOND (MAIRIE),DECP
SIRET:21850096500015,,,,21850096500015,COMMUNE DE LA GARNACHE (MAIRIE),DECP
SIRET:21850109600018,,,,21850109600018,COMMUNE DES HERBIERS (MAIRIE),DECP
SIRET:21850113800117,,,,21850113800117,COMMUNE DE L'ILE D'YEU (ZONE ARTISANALE DE L'ILE D'YEU),DECP
SIRET:21850128600015,,,,21850128600015,COMMUNE DE LUCON (MAIRIE),DECP
SIRET:21850129400019,,,,21850129400019,COMMUNE DE LES LUCS SUR BOULOGNE (MAIRIE),DECP
SIRET:21850178100015,,,,21850178100015,COMMUNE DU POIRE-SUR-VIE (MAIRIE),DECP
SIRET:21850191400566,,,,21850191400566,COMMUNE DE LA ROCHE-SUR-YON (MAIRIE),DECP
SIRET:21850204500014,,,,21850204500014,COMMUNE DE SAINT-CHRISTOPHE-DU-LIGNERON (MAIRIE),DECP
SIRET:21850222700018,,,,21850222700018,COMMUNE DE SAINT-GILLES-CROIX-DE-VIE (MAIRIE),DECP
SIRET:21850232600018,,,,21850232600018,COMMUNE DE SAINT-HILAIRE-LE-VOUHIS (MAIRIE),DECP
SIRET:21850288800017,,,,21850288800017,COMMUNE DE TALMONT-SAINT-HILAIRE (MAIRIE),DECP
SIRET:22440002800011,,,,22440002800011,DEPARTEMENT DE LA LOIRE-ATLANTIQUE,DECP
SIRET:22490001900015,,,,22490001900015,DEPARTEMENT DE MAINE ET LOIRE (CONSEIL DEPARTEMENTAL),DECP
SIRET:22530001100015,,,,22530001100015,DEPARTEMENT DE LA MAYENNE,DECP
SIRET:22530001100486,,,,22530001100486,DEPARTEMENT DE LA MAYENNE (BA TRAITEMENT DECHETS MENAGERS),DECP
SIRET:22720002900014,,,,22720002900014,DEPARTEMENT DE LA SARTHE,DECP
SIRET:22850001300658,,,,22850001300658,DEPARTEMENT DE VENDEE,DECP
SIRET:23440003400026,,,,23440003400026,REGION DES PAYS DE LA LOIRE (CONSEIL REGIONAL DES PAYS DE LA LOIRE),DECP
SIRET:24440040400129,,,,24440040400129,METROPOLE NANTES METROPOLE,DECP
SIRET:24440043800044,,,,24440043800044,GRAND LIEU COMMUNAUTE,DECP
SIRET:24440043800127,,,,24440043800127,GRAND LIEU COMMUNAUTE,DECP
SIRET:24440045300035,,,,24440045300035,CC PAYS DE BLAIN COMMUNAUTE (COMMUNAUTE COMMUNES REGION BLAIN),DECP
SIRET:24440053700035,,,,24440053700035,CC DE NOZAY,DECP
SIRET:24440055200026,,,,24440055200026,COMMUNAUTE DE COMMUNES DU PAYS D'ANCENIS,DECP
SIRET:24440058600065,,,,24440058600065,COMMUNAUTE DE COMMUNES DU SUD ESTUAIRE,DECP
SIRET:24440061000055,,,,24440061000055,COMMUNAUTE D'AGGLOMERATION DE LA PRESQU'ILE DE GUERANDE ATLANTIQUE,DECP
SIRET:24440064400013,,,,24440064400013,COMMUNAUTE D'AGGLO DE LA REGION NAZAIRIENNE ET DE L'ESTUAIRE,DECP
SIRET:24440064400062,,,,24440064400062,COMMUNAUTE D'AGGLO DE LA REGION NAZAIRIENNE ET DE L'ESTUAIRE (COLLECTE ET TRAITEMENT DECHETS),DECP
SIRET:24490001500011,,,,24490001500011,COMMUNAUTE URBAINE ANGERS LOIRE METROPOLE,DECP
SIRET:24490001500045,,,,24490001500045,COMMUNAUTE URBAINE ANGERS LOIRE METROPOLE (SERVICE D'EAU),DECP
SIRET:24490001500060,,,,24490001500060,COMMUNAUTE URBAINE ANGERS LOIRE METROPOLE (TRANSPORTS URBAINS),DECP
SIRET:24490080900116,,,,24490080900116,CC ANJOU BLEU COMMUNAUTE,DECP
SIRET:24490088200097,,,,24490088200097,CC BAUGEOIS VALLEE,DECP
SIRET:24530022300170,,,,24530022300170,COMMUNAUTE DE COMMUNES DU PAYS DE MESLAY GREZ,DECP
SIRET:24530035500030,,,,24530035500030,COMMUNAUTE DE COMMUNES DE L'ERNEE,DECP
SIRET:24530044700019,,,,24530044700019,COMMUNAUTE DE COMMUNES DU PAYS DE CHATEAU GONTIER,DECP
SIRET:24530044700084,,,,24530044700084,COMMUNAUTE DE COMMUNES DU PAYS DE CHATEAU GONTIER (DEVELOPPEMENT ECONOMIQUE),DECP
SIRET:24720009000014,,,,24720009000014,COMMUNAUTE DE COMMUNES DU PAYS SABOLIEN,DECP
SIRET:24720013200014,,,,24720013200014,LE MANS METROPOLE COMMUNAUTE URBAINE,DECP
SIRET:24720062900076,,,,24720062900076,COMMUNAUTE DE COMMUNES DU VAL DE SARTHE,DECP
SIRET:24720062900092,,,,24720062900092,COMMUNAUTE DE COMMUNES DU VAL DE SARTHE (SERVICE ORDURES MENAGERES),DECP
SIRET:24720062900217,,,,24720062900217,COMMUNAUTE DE COMMUNES DU VAL DE SARTHE (ASSAINISSEMENT COLLECTIF),DECP
SIRET:24720068600100,,,,24720068600100,COMMUNAUTE DE COMMUNES DU PERCHE EMERAUDE,DECP
SIRET:24850019100023,,,,24850019100023,COMMUNAUTE DE COMMUNES DE L ILE DE NOIRMOUTIER,DECP
SIRET:24850025800046,,,,24850025800046,COMMUNAUTE DE COMMUNES OCEAN MARAIS DE MONTS,DECP
SIRET:24850053000113,,,,24850053000113,COMMUNAUTE DE COMMUNES DU PAYS DES ACHARDS,DECP
SIRET:24850058900317,,,,24850058900317,LA ROCHE-SUR-YON AGGLOMERATION,DECP
SIRET:24850062100011,,,,24850062100011,COMMUNAUTE DE COMMUNES DU PAYS DES HERBIERS,DECP
SIRET:24850062100045,,,,24850062100045,COMMUNAUTE DE COMMUNES DU PAYS DES HERBIERS,DECP
SIRET:24850066200015,,,,24850066200015,CC DU PAYS DE MORTAGNE,DECP
SIRET:25440109400068,,,,25440109400068,SYNDICAT MIXTE ATLANTIC'EAU,DECP
SIRET:25440124300012,,,,25440124300012,EAUX ET VILAINE - ETABLISSEMENT PUBLIC TERRITORIAL DU BASSIN DE LA VILAINE,DECP
SIRET:25440139100027,,,,25440139100027,SYNDICAT MIXTE DEVELOPPEMENT AQUACULTURE ET PECHE EN PAYS DE LA LOIRE,DECP
SIRET:25440183900025,,,,25440183900025,ATLANPOLE,DECP
SIRET:25440252200018,,,,25440252200018,SYNDICAT MIXTE CENTRE NORD ATLANTIQUE POUR LE TRAITEMENT ET LE RECYCLAGE DES DECHETS,DECP
SIRET:25490130900032,,,,25490130900032,SI ENERGIES DE MAINE ET LOIRE,DECP
SIRET:25490250500018,,,,25490250500018,SYNDICAT MIXTE DE L'OPERA ANGERS NANTES,DECP
SIRET:25720053500017,,,,25720053500017,SYND INTERCOMMUNAL POUR L'ALIMENTATION EN EAU POTABLE DE LA REGION DE PONTVALLAIN,DECP
SIRET:25720054300037,,,,25720054300037,SYNDICAT INTER-COLLECTIVITES DES EAUX DE LA REGION MANCELLE,DECP
SIRET:25720137600023,,,,25720137600023,SYNDICAT MIXTE DE VALORISATION DES ORDURES MENAGERES - LOIR ET SARTHE (SYVALORM LOIR ET SARTHE),DECP
SIRET:25720191300023,,,,25720191300023,SYNDICAT MIXTE POUR L AMENAGEMENT ET LA PROMOTION DU PARC D ACTIVITES D INTERET DEP DE L ECHANGEUR SABLE LA FLECHE,DECP
SIRET:25720217600018,,,,25720217600018,SYNDICAT MIXTE POUR LE DEVELOPPEMENT NUMERIQUE,DECP
SIRET:25720230900015,,,,25720230900015,SI VOCATION SCOLAIRE DE L'ECOLE MOLIERE,DECP
SIRET:25850022200033,25850022200033,Vendée Eau (85),BOAMP,25850022200033,VENDEE EAU,DECP
SIRET:25850296200040,,,,25850296200040,SYNDICAT MIXTE ETUDES POUR COORDINATION DEPARTEMENTALE DE TRAITEMENT DECHETS MENAGERS DE VENDEE,DECP
SIRET:26440013600471,,,,26440013600471,CHU NANTES (DIRECTION GENERALE),DECP
SIRET:26440052400130,,,,26440052400130,CENTRE COMMUNAL D'ACTION SOCIALE,DECP
SIRET:26490003600015,,,,26490003600015,CENTRE HOSPITALIER UNIVERSITAIRE D'ANGERS,DECP
SIRET:26490044000019,,,,26490044000019,EHPAD LES TROENES SAINT-PIERRE MONTLIMART,DECP
SIRET:26490067100019,,,,26490067100019,CENTRE COMMUNAL D'ACTION SOCIALE,DECP
SIRET:26530023600014,,,,26530023600014,CENTRE HOSPITALIER DE LAVAL,DECP
SIRET:26530085500128,,,,26530085500128,CENTRE COMMUNAL D'ACTION SOCIALE,DECP
SIRET:26720016000013,,,,26720016000013,HOPITAL LE MANS,DECP
SIRET:26720048300019,,,,26720048300019,CTRE COM ACTION SOCIALE DE COULAINES (CCAS),DECP
SIRET:26720048300027,,,,26720048300027,CTRE COM ACTION SOCIALE DE COULAINES (RESIDENCE AUTONOMIE LE PLESSIS),DECP
SIRET:26720048300043,,,,26720048300043,CTRE COM ACTION SOCIALE DE COULAINES (EHPAD LES TROIS VALLEES),DECP
SIRET:26850242400016,,,,26850242400016,CHD LA ROCHE SUR YON LUCON MONTAIGU (CHD-VENDEE),DECP
SIRET:27440002700307,,,,27440002700307,NANTES METROPOLE HABITAT-OFFICE PUBLIC DE L'HABITAT DE LA METROPOLE NANTAISE,DECP
SIRET:27490002600023,,,,27490002600023,OFFICE PUBLIC DE L'HABITAT SAUMUR HABITAT (SAUMUR HABITAT),DECP
SIRET:27490003400019,,,,27490003400019,MELDOMYS (HABITAT 49),DECP
SIRET:27530001000012,,,,27530001000012,OFFICE PUBLIC DE L HABITAT DU DEPARTEMENT DE LA MAYENNE (MAYENNE HABITAT),DECP
SIRET:27720003600196,,,,27720003600196,OPH DE LA COMMUNAUTE URBAINE DU MANS (LE MANS METROPOLE HABITAT),DECP
SIRET:27850001200184,,,,27850001200184,OFFICE PUBLIC DE L HABITAT DE VENDEE,DECP
SIRET:28440001700018,,,,28440001700018,SCE DEPARTEMENTAL INCENDIE ET SECOURS,DECP
SIRET:28440002500011,,,,28440002500011,CENTRE DEPARTEMENTAL DE GESTION DE LA FONCTION PUBLIQUE TERRITORIALE,DECP
SIRET:28440002500029,,,,28440002500029,CENTRE DEPARTEMENTAL DE GESTION DE LA FONCTION PUBLIQUE TERRITORIALE (TRANSFERTS CDGFPT),DECP
SIRET:28490001600023,,,,28490001600023,SCE DEPARTEMENTAL INCENDIE ET SECOURS,DECP
SIRET:28530001800030,,,,28530001800030,SCE DEPARTEMENTAL INCENDIE ET SECOURS,DECP
SIRET:28720026500018,,,,28720026500018,SCE DEPARTEMENTAL INCENDIE ET SECOURS,DECP
SIRET:28850001000013,28850001000013,SDIS 85,BOAMP,28850001000013,SCE DEPARTEMENTAL INCENDIE ET SECOURS,DECP
SIRET:28850002800023,,,,28850002800023,CENTRE DEPARTEMENTAL DE GESTION DE LA FONCTION PUBLIQUE TERRITORIALE,DECP
SIRET:30975508000053,,,,30975508000053,MAYENNE CULTURE,DECP
SIRET:31468496000045,,,,31468496000045,STE D'ECONOMIE MIXTE DES TRANSPORTS EN COMMUN DE L'AGGLOMERATION NANTAISE SEMITAN,DECP
SIRET:34200781200023,,,,34200781200023,SEVRE LOIRE HABITAT,DECP
SIRET:38105376800028,,,,38105376800028,LA CITE LE CENTRE DES CONGRES DE NANTES,DECP
SIRET:38529030900454,,,,38529030900454,AGENCE DE L ENVIRONNEMENT ET DE LA MAITRISE DE L ENERGIE,DECP
SIRET:38910686500014,,,,38910686500014,ANGERS LOIRE HABITAT,DECP
SIRET:39172288100052,,,,39172288100052,GIE SESAM VITALE,DECP
SIRET:39326709100097,,,,39326709100097,BOSCOP,DECP
SIRET:40304085000014,,,,40304085000014,SARTHE HABITAT,DECP
SIRET:44212836900018,,,,44212836900018,OFFICE PUBLIC DE L HABITAT  SILENE,DECP
SIRET:45045211500030,,,,45045211500030,S.A.M.O.A. SOC AMENA METR OUEST ATLANT,DECP
SIRET:47865038500014,,,,47865038500014,CAISSE NAT INDUSTRIES ELECT GAZIERES,DECP
SIRET:48241421600044,,,,48241421600044,LE VOYAGE A NANTES,DECP
SIRET:48756658000014,48756658000014,BACKNET SOLUTIONS,BOAMP,,,
SIRET:50937719800023,50937719800023,CHD VENDEE,BOAMP,,,
SIRET:51516374900010,,,,51516374900010,CPAM DE LOIRE ATLANTIQUE,DECP
SIRET:52859061500035,52859061500035,CHD VENDEE,BOAMP,,,
SIRET:52921080900016,52921080900016,GIE des EPL des Pays de la Loire,BOAMP,,,
SIRET:52926090300016,,,,52926090300016,SOCIETE PUBLIQUE REGIONALE ABBAYE DE FONTEVRAUD,DECP
SIRET:53417248100010,,,,53417248100010,CAISSE D'ALLOCATIONS FAMILIALES DE MAINE-ET-LOIRE (CAF DE MAINE-ET-LOIRE),DECP
SIRET:53510475600015,,,,53510475600015,URSSAF DES PAYS DE LA LOIRE,DECP
SIRET:53516441200020,,,,53516441200020,LOIRE OCEAN METROPOLE AMENAGEMENT,DECP
SIRET:55204648400564,,,,55204648400564,CDC HABITAT SOCIAL SOCIETE ANONYME D'HABITATIONS A LOYER MODERE,DECP
SIRET:55565030800052,,,,55565030800052,LAVAL MAYENNE AMENAGEMENTS,DECP
SIRET:55645016100030,,,,55645016100030,COOP LOGIS,DECP
SIRET:55655032500030,,,,55655032500030,MEDUANE HABITAT,DECP
SIRET:75124540800016,,,,75124540800016,GIE GRAND OUEST,DECP
SIRET:75256187800014,,,,75256187800014,VENDEE ENERGIE,DECP
SIRET:75305003800037,,,,75305003800037,LOGIROAD,DECP
SIRET:77560485300041,,,,77560485300041,GRAND PORT MARITIME DE NANTES SAINT-NAZAIRE,DECP
SIRET:77571510501032,,,,77571510501032,ADAPEI ARIA DE VENDEE (ADAPEI ARIA VENDEE),DECP
SIRET:78601955400116,,,,78601955400116,CAISSE D ALLOCATIONS FAMILIALES DE LOIRE ATLANTIQUE,DECP
SIRET:79002001000019,,,,79002001000019,VENDEE EXPANSION - GIE,DECP
SIRET:79886871700017,,,,79886871700017,MIXT,DECP
SIRET:79915633600015,,,,79915633600015,GIE FONTEVRAUD,DECP
SIRET:79924570900016,,,,79924570900016,SPL LAVAL MAYENNE AMENAGEMENTS,DECP
SIRET:83095506800044,83095506800044,Destination Angers,BOAMP,,,
SIRET:83095506800051,,,,83095506800051,ANGERS LOIRE TOURISME EXPO CONGRES,DECP
SIRET:85680136000020,,,,85680136000020,SA NANTAISE D HABITATIONS,DECP
SIRET:86780133400063,,,,86780133400063,ATLANTIQUE HABITATIONS SA HLM,DECP
SIRET:86880152300028,,,,86880152300028,HARMONIE HABITAT,DECP
SIRET:92084215000012,92084215000012,CARIFOREF,BOAMP,,,
SIRET:92339590900016,,,,92339590900016,FONDATION OPEN-C,DECP
