idweb,objet,descripteur_libelle,cpv_clean,cpv_div2,category_id_rule,category_label_rule,category_id_final,notes
20-130029,Matériels de réseau informatique,Informatique (matériel),48821000.0,48.0,CAT01,Software & Applications,,
19-101998,Refonte de l'infrastructure du système d'information de la ville de Couëron,Informatique (matériel)|Informatique (prestations de services)|Informatique (maintenance serveurs et réseaux),30200000.0,30.0,CAT06,IT Hardware & Equipment,,
16-103833,"maintenance de serveurs de technologie intel "" x86 "", de baies de stockage et de leurs périphériques associés pour le compte de nantes métropole",Informatique (prestations de services)|Informatique (maintenance serveurs et réseaux),48800000.0,48.0,CAT05,Cloud & Infrastructure,,
20-91196,"accord cadre à bons de commande pour l'acquisition et la maintenance d'une nouvelle infrastructure it, et la refonte de l'environnement citrix",Informatique (maintenance serveurs et réseaux),72000000.0,72.0,CAT02,IT Services & Consulting,,
20-865,"Fourniture, mise en oeuvre et maintenance d'un système de vidéo protection sur les zones et parcs d'activités ainsi que sur certains bâtiments de la Communauté de Communes de Grand Lieu (44)",Surveillance,35120000.0,35.0,CAT03,Cybersecurity,,
16-153188,16s0058 - renovation des foyers logements pour le ccas de la ville de saint-nazaire (relance) lots 1-2-4-5-8-9-12-13-14-15-16,Chauffage (travaux)|Démolition|Electricité (travaux)|Espaces verts|Etanchéité|Gros oeuvre|Menuiserie|Mobilier|Mobilier urbain|Peinture (travaux)|Plomberie (travaux)|Ravalement|Revêtements de sols|Revêtements muraux|Terrassement|Ventilation,45223220.0,45.0,CAT04,Telecom & Networks,,
19-39464,Services de téléphonie mobile et prestations associées,Télécommunications,64212000.0,64.0,CAT03,Cybersecurity,,
23-169318,"Achat d'équipements de protection individuelle (Epi) et de vêtements de travail pour les agents du Département, et du Service Départemental de Sécurité et d'Incendie",Chaussures ou articles chaussants|Equipements spécialisés|Habillement|Matériel de sécurité|Textile,18100000.0,18.0,CAT_UNKNOWN,Unknown,,
21-19187,aménagement du carrefour de l'ebeaupin à carquefou et thouaré-sur-loire,Assainissement|Espaces verts|Réseaux divers|Voirie,45112700.0,45.0,CAT_UNKNOWN,Unknown,,
18-173397,travaux d'aménagement des casiers bioréacteurs a8 et a9 et de réhabilitation du casier bioréacteur a7 sur l'installation de stockage de déchets non dangereux (isdnd) de sainte-flaive-des-loups,Drainage|Etanchéité|Réseaux divers|Terrassement,,,CAT08,Data & AI,,
19-1347,18s0066 - fournitures de services de solutions d'impression bureautiques - groupement de commande,Informatique (matériel),30120000.0,30.0,CAT06,IT Hardware & Equipment,,
17-159035,Travaux de rénovation et de modernisation du Centre des Congrès d'Angers,Bâtiment,50700000.0,50.0,CAT_UNKNOWN,Unknown,,
20-52846,Fourniture de petits matériels d'incendie et de secours et pièces détachées pour le Service Départemental d'Incendie et de Secours de la MAYENNE.,Groupe électrogène|Matériel de secours et d'incendie|Outillage|Signalisation,35110000.0,35.0,CAT03,Cybersecurity,,
22-82536,Location maintenance de terminaux de paiement électroniques (TPE) pour le compte du Crous de Nantes Pays de la Loire,Location (matériels),72500000.0,72.0,CAT02,IT Services & Consulting,,
16-184750,infogérance du système d'information,Informatique (assistance)|Informatique (maintenance serveurs et réseaux),72611000.0,72.0,CAT10,IT Maintenance & Support,,
17-8352,Evolution et maintien en condition opérationnelle des réseaux informatiques et des installations de téléphone sur Ip,Informatique (matériel),48800000.0,48.0,CAT05,Cloud & Infrastructure,,
16-125901,Rénovation et sécurisation des accès de la CPAM de la Loire-Atlantique,Contrôle d'accès|Surveillance,,,CAT04,Telecom & Networks,,
24-68390,Modernisation du système priorité bus par détection radio GPS - groupement de commandes,Contrôle d'accès,42961100.0,42.0,CAT_UNKNOWN,Unknown,,
24-133497,"Fourniture de signalisation de police, de direction, temporaire, plastique ainsi que la fourniture de petits outillages associés",Signalisation,35260000.0,35.0,CAT03,Cybersecurity,,
22-122102,"Acquisition, installation, formation et maintenance d'équipements de réseaux et d'un système de téléphonie sur IP",Informatique (matériel)|Informatique (prestations de services)|Informatique (assistance)|Informatique (maintenance serveurs et réseaux),32420000.0,32.0,CAT06,IT Hardware & Equipment,,
19-124424,"FOURNITURE, INSTALLATION, L'ACCOMPAGNEMENT, MISE EN OEUVRE ET MAINTENANCE D'UNE SOLUTION DE GESTION DES RECRUTEMENTS POUR LE GHT VENDEE",Logiciel,48000000.0,48.0,CAT01,Software & Applications,,
22-128177,Mise à disposition d'une solution de digital asset management et prestations associées,Prestations de services,72500000.0,72.0,CAT02,IT Services & Consulting,,
20-1280,Fourniture d'équipements audiovisuels et visioconférence,Audiovisuel,32321300.0,32.0,CAT04,Telecom & Networks,,
19-151799,Travaux de sécurisation des cours de promenade à la Maison d'Arrêt de Laval,Bâtiment,45000000.0,45.0,CAT_UNKNOWN,Unknown,,
23-132830,acquisition d'un logiciel de gestion des dossiers d'autorisation d'urbanisme et du foncier,Logiciel,48000000.0,48.0,CAT01,Software & Applications,,
18-103911,"accord-cadre - evaluation préalable, fourniture, pose, prestations de services associées et maintenance de l'ensemble des matériels nécessaires à la vidéoprotection des bâtiments publics métropolitain",Télésurveillance,32323500.0,32.0,CAT04,Telecom & Networks,,
18-146639,Acquisition de matériels divers pour la Setram,Equipements spécialisés|Informatique (matériel)|Logiciel|Matériel électrique|Onduleur,39300000.0,39.0,CAT_UNKNOWN,Unknown,,
24-109552,Assistance numérique pour les collèges publics de Loire-Atlantique,Informatique (assistance)|Informatique (prestations de services),72611000.0,72.0,CAT10,IT Maintenance & Support,,
24-13163,Assistance numérique pour les collèges publics de Loire-Atlantique,Informatique (prestations de services)|Informatique (assistance),72611000.0,72.0,CAT10,IT Maintenance & Support,,
15-45725,abonnement à une base de données avec acquisition de licences d'accès simultanés et fourniture de notices bibliographiques pour la médiathèque Louis Aragon au Mans,Informatique (prestations de services),72320000.0,72.0,CAT09,GIS & Mapping,,
16-131906,Maintien en condition opérationnelle de solution intégrée d'infrastructure gestion clés et solution gestion cartes à puce des systèmes Messagerie sécurisée et Gestion des certificats sur cartes à puce,Informatique (prestations de services),72611000.0,72.0,CAT10,IT Maintenance & Support,,
19-155905,construction de la nouvelle scène de musiques actuelles de la roche-sur-yon agglomération,"Ascenseur|Bâtiment|Charpente|Chauffage (travaux)|Cloison, faux plafond|Couverture|Electricité (travaux)|Espaces verts|Gros oeuvre|Matériel scénique|Menuiserie|Oeuvre d'art|Peinture (travaux)|Plomberie (travaux)|Revêtements de sols|Serrurerie|Terrassement|Ventilation",45212000.0,45.0,CAT_UNKNOWN,Unknown,,
15-89263,Divers secteurs - relevés altimétriques et géométriques des ouvrages de distribution d'eau potable pour le compte de la Vendée Eau à La Roche-sur-Yon,Alimentation en eau potable|Prestations de services,72322000.0,72.0,CAT08,Data & AI,,
20-68370,Campagne de mesure de la tension électrique chez l'utilisateur réseau,Electrification rurale|Matériel électrique|Prestations de services,72316000.0,72.0,CAT08,Data & AI,,
18-5823,infogérance du système d'information de l'arafer,Informatique (prestations de services)|Informatique (maintenance serveurs et réseaux),72611000.0,72.0,CAT10,IT Maintenance & Support,,
20-120399,"Collecte, transport et traitement des déchets chimiques",Déchets non ménagers (prestations),90520000.0,90.0,CAT_UNKNOWN,Unknown,,
20-81858,Location maintenance du système d'impression connecté avec une solution de gestion associée,Matériel d'imprimerie,30121100.0,30.0,CAT06,IT Hardware & Equipment,,
23-7514,"Maintenance, fournitures et prestations associées aux outils Business Objects et Etl-Talend",Informatique (prestations de services)|Logiciel|Informatique (assistance),72267100.0,72.0,CAT02,IT Services & Consulting,,
19-43730,"Prestations de maintenance, fourniture et prestations associées pour les matériels de stockage principal",Informatique (matériel)|Informatique (maintenance serveurs et réseaux),48822000.0,48.0,CAT01,Software & Applications,,
23-73840,"Mission de conseil et d'accompagnement en communication - Conception et réalisation d'outils de communication digitaux, de supports d'édition et d'actions de communication","Publicité, Communication",72000000.0,72.0,CAT02,IT Services & Consulting,,
18-35804,Marché de fourniture de postes de travail informatique,Informatique (matériel),30214000.0,30.0,CAT06,IT Hardware & Equipment,,
19-177220,construction d'un complexe culturel salles de cinéma - salle de spectacles à l'aigle,Ascenseur|Audiovisuel|Bâtiment|Charpente|Couverture|Electricité (travaux)|Equipements spécialisés|Etanchéité|Fondations spéciales|Gros oeuvre|Matériel photographique et cinématographique|Matériel scénique|Menuiserie|Peinture (travaux)|Plâtrerie|Plomberie (travaux)|Revêtements de sols|Serrurerie,45000000.0,45.0,CAT_UNKNOWN,Unknown,,
23-68037,Accord cadre à marchés subséquents - fourniture de matériel informatique et téléphonique,Informatique (matériel)|Télécommunications,30200000.0,30.0,CAT06,IT Hardware & Equipment,,
15-83578,fourniture et entretien des équipements de radio-téléphone TETRA au Mans,Matériel de transmission,32236000.0,32.0,CAT04,Telecom & Networks,,
17-14754,Prestations d'assistance technique et conduite de projets techniques pour la mise en oeuvre du schéma directeur du système d'information,Informatique (prestations de services),72611000.0,72.0,CAT10,IT Maintenance & Support,,
23-131368,"Acquisition d'abonnement de logiciels, maintenance et prestations associées des outils d'infrastructure - Lots 03 et 11",Logiciel|Informatique (maintenance serveurs et réseaux),72267100.0,72.0,CAT02,IT Services & Consulting,,
17-115598,Maison natale G. Clemenceau - Production multimédia,Audiovisuel|Prestations de services,92110000.0,92.0,CAT08,Data & AI,,
21-170226,"équipement en matériels informatiques, techniques pour la Setram",Informatique (matériel)|Matériel de manutention|Matériel de téléphonie|Véhicules (acquisition),39300000.0,39.0,CAT_UNKNOWN,Unknown,,
24-36643,Plateforme Matérielle et logicielle pour la virtualisation de serveurs en immersion,Informatique (prestations de services),48800000.0,48.0,CAT05,Cloud & Infrastructure,,
19-82021,Construction neuve d'un datacenter sur le site du campus Belle Beille de l'Université d?Angers,Climatisation|Electricité (travaux)|Gros oeuvre|Menuiserie|Voirie et réseaux divers,45000000.0,45.0,CAT05,Cloud & Infrastructure,,
19-88976,Sécurisation de cinq déchèteries de la Carene,Maintenance,35121000.0,35.0,CAT03,Cybersecurity,,
15-161519,Fourniture et déploiement d'un logiciel de planification et de gestion des activités liées au temps de travail du personnel du sdis de la vendée à La Roche-sur-Yon,Informatique (prestations de services)|Logiciel,48450000.0,48.0,CAT01,Software & Applications,,
19-131092,Fourniture de pièces détachées pour réaliser la maintenance en régie des appareils de protection respiratoire de marque MSA,Pièces détachées,35111100.0,35.0,CAT03,Cybersecurity,,
16-168733,INFRASTRUCTURES ET TELECOMMUNICATIONS DES VILLAGES ET ESPACES ORGANISATION DU VENDEE GLOE,Ouvrage d'infrastructure|Télécommunications,79952000.0,79.0,CAT05,Cloud & Infrastructure,,
22-121558,"FOURNITURE, INSTALLATION, MAINTENANCE ET PRESTATIONS DE SERVICES ASSOCIES POUR LA MISE EN PLACE D'UNE SOLUTION DE DOSSIER DE L'USAGER INFORMATISE POUR LE GCSMS MAY'AGE 53",Logiciel,48000000.0,48.0,CAT01,Software & Applications,,
17-71852,balisage et aménagement de véhicules de type renault master fourgon en véhicules tous usages,Prestations de services,35121000.0,35.0,CAT03,Cybersecurity,,
21-36974,Hébergement des plateformes internet des Pays de la Loire et des solutions applicatives,Informatique (prestations de services),48800000.0,48.0,CAT05,Cloud & Infrastructure,,
23-167186,"prestations pour la concertation, la communication, l'organisation d'événements et le conseil en stratégie pour le renouvellement urbain des quartiers de belle-beille et monplaisir (npnru)","Etude|Prestations de services|Publicité, Communication|Assistance à maîtrise d'ouvrage|Evénementiel",79310000.0,79.0,CAT_UNKNOWN,Unknown,,
18-127938,Reconstruction du centre départemental enfance familles (CDEF) à SAINT SEBASTIEN SUR LOIRE,Bâtiment,45215210.0,45.0,CAT_UNKNOWN,Unknown,,
15-90148,acquisition de matériels informatiques à Concarneau,Informatique (matériel)|Logiciel|Matériel de bureau,30200000.0,30.0,CAT06,IT Hardware & Equipment,,
16-129976,"mise en oeuvre d'une solution logicielle de gestion du processus achat incluant la dimension marchés publics, maintenance et prestations associées.",Informatique (prestations de services)|Logiciel,48490000.0,48.0,CAT01,Software & Applications,,
21-153244,21-026,Informatique (matériel)|Logiciel,30200000.0,30.0,CAT06,IT Hardware & Equipment,,
16-142317,acquisition de materiels informatiques et logiciels,Informatique (matériel)|Logiciel,30230000.0,30.0,CAT06,IT Hardware & Equipment,,
24-27595,Ingénierie et visualisation data,Assistance technique,72611000.0,72.0,CAT10,IT Maintenance & Support,,
19-116545,MISE A DISPOSITION D'UNE SOLUTION LOGICIELLE INFORMATIQUE DE GESTION BUDGETAIRE ET COMPTABLE ET SERVICES ASSOCIES,Logiciel,72220000.0,72.0,CAT02,IT Services & Consulting,,
20-114714,Assistance à l'adaptation du logiciel de gestion des ressources humaines HR ACCESS,Informatique (prestations de services),72611000.0,72.0,CAT10,IT Maintenance & Support,,
22-120139,INFOGERANCE MEAE 2023,Informatique (prestations de services),72250000.0,72.0,CAT03,Cybersecurity,,
24-5196,"Fourniture et prestations associées d'équipements réseaux et d'une infrastructure Wi-Fi, maintenance de l'existant",Informatique (maintenance serveurs et réseaux)|Informatique (matériel),32420000.0,32.0,CAT06,IT Hardware & Equipment,,
18-90423,A completer,Logiciel,48000000.0,48.0,CAT01,Software & Applications,,
21-44241,renouvellement du système d'aide à l'exploitation et à l'information des voyageurs (saeiv) pour réseau bus et tramway et du système radio associé,Informatique (prestations de services)|Transport,48627000.0,48.0,CAT01,Software & Applications,,
24-138492,Fourniture de matériels et licences informatiques,Informatique (matériel),30200000.0,30.0,CAT06,IT Hardware & Equipment,,
21-99965,"FOURNITURE, POSE ET MISE EN SERVICE ET MAINTENANCE D'ECRANS DE DIFFUSION ET DE VISIOCONFERENCE",Informatique (matériel)|Matériel électronique,32323000.0,32.0,CAT04,Telecom & Networks,,
20-74969,Prestation de télérelève de compteurs fluides et de capteurs - Année 2020 pour une durée de 4 ans,Prestations de services,72322000.0,72.0,CAT08,Data & AI,,
15-147210,"gestion des communautés web, à Nantes",Informatique (prestations de services)|Internet,72315200.0,72.0,CAT03,Cybersecurity,,
16-153795,accord-cadre pour la fourniture et la mise en oeuvre d'un dispositif de vidéo protection de la voie publique de la ville de saint-nazaire,Maintenance|Télésurveillance,32323500.0,32.0,CAT04,Telecom & Networks,,
17-93930,Assistance technique développement,Assistance technique|Informatique (prestations de services),72212900.0,72.0,CAT07,Digital Workplace & Collaboration,,
19-17531,"MARCHE 19_01 : FOURNITURE, INSTALLATION ET SERVICE APRES-VENTE DE MATERIELS AUDIOVISUELS",Audiovisuel,32321300.0,32.0,CAT04,Telecom & Networks,,
19-90615,Maintenance exploitation et évolution des systèmes de téléphonie interne,Informatique (maintenance serveurs et réseaux),50334000.0,50.0,CAT04,Telecom & Networks,,
24-53601,Déploiement d'objets connectés à un superviseur pour l'optimisation des consommations d'énergie,Electricité (travaux)|Automatisation|Câblage,45311000.0,45.0,CAT_UNKNOWN,Unknown,,
22-57534,Prestations de service pour l'entretien des réseaux et ouvrages annexes des bâtiments communaux de la ville de Saint-Herblain,Réseaux divers,32400000.0,32.0,CAT04,Telecom & Networks,,
19-153412,Mission d'assistance technique pour l'aménagement numérique de la Vendée,Assistance technique|Etude|Télécommunications|Assistance à maîtrise d'ouvrage|Ingénierie,71330000.0,71.0,CAT_UNKNOWN,Unknown,,
20-80292,Déploiement d'un système radio à la D.I.R. Ouest,Télécommunications,32344250.0,32.0,CAT04,Telecom & Networks,,
23-43183,Prestations de services externalisation de la hotline informatique,Informatique (prestations de services)|Informatique (assistance),79512000.0,79.0,CAT10,IT Maintenance & Support,,
18-546,"FOURNITURE DE LICENCES DE PRODUITS AUTODESK, SUPPORT TECHNIQUE ET PRESTATIONS D'ACCOMPAGNEMENT ET DE FORMATION ASSOCIEES",Logiciel,48321000.0,48.0,CAT01,Software & Applications,,
16-78440,fourniture de mobilier et d'équipements divers pour l'aménagement de l'hôtel des..,Cuisine (équipement)|Informatique (matériel)|Mobilier|Sonorisation|Signalétique,39150000.0,39.0,CAT08,Data & AI,,
19-142563,Services de télécommunications du Département de la Sarthe,Informatique (prestations de services),64200000.0,64.0,CAT07,Digital Workplace & Collaboration,,
22-99915,TRAVAUX D'ENTRETIEN ET DE MAINTENANCE DES BATIMENTS ET DES INFRASTRUCTURES DES ETABLISSEMENTS DU GHT 49,Bâtiment|Chauffage (travaux)|Couverture|Electricité (travaux)|Gaz médicaux|Gros oeuvre|Réseaux divers|Tous corps d'état,45400000.0,45.0,CAT05,Cloud & Infrastructure,,
15-114816,Divers secteurs - relevés altimétriques et géométriques des ouvrages de distribution d'eau potable pour le compte de la Vendée Eau à La Roche-sur-Yon,Alimentation en eau potable|Prestations de services,72322000.0,72.0,CAT08,Data & AI,,
22-7823,Accord-cadre relatif à l'évolution et la maintenance des infrastructures IT et à la mise en oeuvre d'une infrastructure d'Intercom pour la Cité des Congrès de Nantes,Audiovisuel|Câblage|Fibre optique|Informatique (prestations de services)|Matériel de téléphonie|Informatique (maintenance serveurs et réseaux),32424000.0,32.0,CAT04,Telecom & Networks,,
21-137082,Evolution des systèmes d'information et renouvellement des équipements pédagogiques numériques pour les BTS services informatiques aux organisations des lycées publics de la Région,Informatique (matériel),48800000.0,48.0,CAT05,Cloud & Infrastructure,,
19-108442,Mise à disposition d'une solution en ligne de digital asset management et prestations associées,Prestations de services,72500000.0,72.0,CAT02,IT Services & Consulting,,
24-62964,Accord-cadre relatif à l'évolution et la maintenance des infrastructures réseaux audiovisuelles de La Cité des Congrès de Nantes,Informatique (maintenance serveurs et réseaux)|Audiovisuel|Maintenance,32424000.0,32.0,CAT04,Telecom & Networks,,
18-154990,"acquisition, mise en oeuvre et maintenance d'une ged pour les dossiers individuels",Logiciel|Maintenance,48613000.0,48.0,CAT01,Software & Applications,,
15-64904,fourniture et déploiement d'un logiciel de planification et de gestion des activités liées au temps de travail du personnel du SDIS de la Vendée à La Roche Sur Yon,Informatique (prestations de services)|Logiciel,48450000.0,48.0,CAT01,Software & Applications,,
21-151331,Développement d'un outil de gestion à destination du concours Polytech.,Informatique (prestations de services),72212900.0,72.0,CAT07,Digital Workplace & Collaboration,,
16-92162,télésurveillance et gardiennage des bâtiments communaux et intercommunaux pour les besoins de la Ville de La Roche-sur-Yon,Surveillance|Télésurveillance,35125000.0,35.0,CAT03,Cybersecurity,,
24-140255,"Acquisition et maintenance de matériels (serveurs, accessoires, matériels périphériques), logiciels systèmes et prestations associées",Logiciel,48822000.0,48.0,CAT01,Software & Applications,,
23-130445,"Acquisition, installation, calage et maintenance de matériel de projection - Mapping et supports techniques dans le cadre de la Nuit des Chimères pour une durée de 4 ans",Audiovisuel|Informatique (matériel)|Maintenance,48820000.0,48.0,CAT01,Software & Applications,,
19-175237,Construction d'un Pôle Culturel,Bâtiment,45212300.0,45.0,CAT_UNKNOWN,Unknown,,
18-52868,Assistance pour le développement spécifique applicatif,Informatique (prestations de services)|Informatique (assistance),72611000.0,72.0,CAT10,IT Maintenance & Support,,
19-22323,REFONTE DES SITES INSTITUTIONNELS ET INTERNE DE LA REGION DES PAYS DE LA LOIRE,Site internet,72420000.0,72.0,CAT02,IT Services & Consulting,,
23-165727,"l'acquisition d'un équipement 'Phénomobile verger' pour mesurer l'intensité de la floraison et la santé des arbres et l'architecture, le nombre, la taille, la couleur et",Laboratoire (matériel)|Matériel électrique,38424000.0,38.0,CAT08,Data & AI,,
16-55493,"remplacement des logiciels de facturation et de gestion administrative, pour personnes agees dependantes du CCAS d'Angers",Logiciel,48180000.0,48.0,CAT01,Software & Applications,,
20-6008,"PRESTATIONS DE MAINTENANCE PREVENTIVE, CORRECTIVE ET FOURNITURE DE PIECES DETACHEES POUR LES EXTINCTEURS, ARI, RIA, COLONNES SECHES ET POTEAUX INCENDIE DES ETABLISSEMENTS DU GHT 49",Matériel de secours et d'incendie,50413200.0,50.0,CAT08,Data & AI,,
23-126802,"Prestations de maintenance préventive, corrective et fourniture de pièces détachées pour les extincteurs, RIA, colonnes sèches et poteaux incendie des établissements du GHT 49",Extincteur,50413200.0,50.0,CAT08,Data & AI,,
20-23861,"Fourniture, installation et maintenance d'un système de vidéo détection et de localisation des feux d'espaces naturels",Télésurveillance,35120000.0,35.0,CAT03,Cybersecurity,,
23-75513,La présente consultation vise à la passation d'un marché ayant pour objet la mise en place d'une ' Infogérance de l'Environnement de Travail Utilisateur '.,Informatique (prestations de services),72611000.0,72.0,CAT10,IT Maintenance & Support,,
24-26114,Marché négocié n° 230395 sans mise en concurrence sur le maintien en service et la maintenance du logiciel WEBDETTE et des outils automatisé WINGET et WEBPREV HOPITAUX.,Informatique (prestations de services),72267000.0,72.0,CAT02,IT Services & Consulting,,
20-892,marché de fourniture de mobilier pour l'aménagement du centre technique municipal et intercommunal,Mobilier,,,CAT08,Data & AI,,
20-43556,Acquisition et maintenance de matériels audio-vidéo et d'éclairage,Audiovisuel|Interphone|Matériel photographique et cinématographique,32321200.0,32.0,CAT04,Telecom & Networks,,
22-96691,Fourniture et prestations de refonte et de maintenance des infrastructures du système informatique de la Ville de Bouguenais.,Informatique (matériel)|Informatique (prestations de services)|Informatique (maintenance serveurs et réseaux),48800000.0,48.0,CAT05,Cloud & Infrastructure,,
20-87480,PRESTATIONS DE COMMUNICATION POUR L'EPF DE LA VENDEE,"Site internet|Publicité, Communication",79822500.0,79.0,CAT_UNKNOWN,Unknown,,
21-26465,"PRESTATIONS D'ASSISTANCE TECHNIQUE POUR LA CONCEPTION, LA MISE EN OEUVRE ET le MAINTIEN AUX CONDITIONS OPÉRATIONNELLES DES APPLICATIONS DU SI DU GHT44 (2 LOTS)",Informatique (prestations de services),72611000.0,72.0,CAT10,IT Maintenance & Support,,
20-70832,Masque & Cartes Vitale,"Carte magnétique, carte à puce",30163000.0,30.0,CAT06,IT Hardware & Equipment,,
17-115640,A completer,Informatique (prestations de services),48800000.0,48.0,CAT05,Cloud & Infrastructure,,
22-121609,Création de contenus de formation digitale,Formation,72000000.0,72.0,CAT02,IT Services & Consulting,,
20-42663,Conception et mise en oeuvre d'agents conversationnels (chatbot),Informatique (prestations de services),72212221.0,72.0,CAT07,Digital Workplace & Collaboration,,
18-46804,Fourniture d'un logiciel de gestion de dette et prestation de conseils et d'assistance à la gestion active de la dette et de la trésorerie,Prestations de services,66151000.0,66.0,CAT01,Software & Applications,,
18-35039,"Prestations d'assistance, conseil et expertise, et accompagnement au changement",Prestations de services,79400000.0,79.0,CAT_UNKNOWN,Unknown,,
22-117459,enrichissement de la base de données livrjeun,Livres,72320000.0,72.0,CAT09,GIS & Mapping,,
16-154804,"redevance, tierce maintenance applicative, maintenance GED alfresco pour Nantes Métropole Habitat",Informatique (prestations de services),48000000.0,48.0,CAT01,Software & Applications,,
24-139412,"Marché de fourniture et de maintenance de matériel réseau informatique pour les CCI Région Pays de la Loire, Centre Val de Loire et Bretagne",Informatique (maintenance serveurs et réseaux),32420000.0,32.0,CAT06,IT Hardware & Equipment,,
21-106226,"FOURNITURE, MISE EN OEUVRE ET MAINTENANCE D'UN SYSTEME DE VIDEO-PROTECTION URBAINE POUR LA COMMUNE DE BOUGUENAIS",Surveillance,35120000.0,35.0,CAT03,Cybersecurity,,
24-107102,Location et achats ponctuels de matériels pour les festivités et divers évènements et réalisation de prestations associées,Location (matériels),39154000.0,39.0,CAT03,Cybersecurity,,
18-177187,Mise à disposition d'une solution en ligne de gestion de marchés publics et prestations associées,Informatique (prestations de services),72500000.0,72.0,CAT02,IT Services & Consulting,,
15-93928,"acquisition, livraison et installation de mobiliers et de matériels pour l'établissement d'hébergement pour personnes agées dépendantes à Cholet",Electroménager|Equipements spécialisés|Literie|Mobilier,39143000.0,39.0,CAT05,Cloud & Infrastructure,,
22-113375,Connexion Lignes 1 & 2 Phase 2 CETEX Babinière -CFA PCC - MTIC12,Logiciel,72212100.0,72.0,CAT07,Digital Workplace & Collaboration,,
23-37438,Fourniture et déploiement d'un système de priorité radio aux carrefours à feux pour les bus du territoire de la Carene,Logiciel|Matériel de transmission|Progiciel,35262000.0,35.0,CAT03,Cybersecurity,,
22-161045,Fourniture de vêtements de travail et d'équipements de protection individuelle (EPI),Equipements spécialisés,35113400.0,35.0,CAT03,Cybersecurity,,
24-47720,Acquisition de vêtements de travail et d'équipements de protection individuelle - durée de 4 ans,Chaussures ou articles chaussants|Equipements spécialisés|Habillement|Matériel de sécurité,35113400.0,35.0,CAT03,Cybersecurity,,
16-106250,fournitures pour travaux pour les services techniques de la cpam de la sarthe,Chauffage (matériel)|Matériaux de construction|Matériel électrique|Matériel de sécurité|Métallurgie|Quincaillerie (articles)|Ventilation,44110000.0,44.0,CAT_UNKNOWN,Unknown,,
24-63940,Prestations de support des applicatifs liés à la plate-forme UNCLOUD de Nantes Université.,Informatique (assistance),72261000.0,72.0,CAT02,IT Services & Consulting,,
24-141111,"Fourniture, installation, paramétrage, intégration, déploiement et maintenance d'une solution de gestion de stock et préparation du chariot d'intervention pour les futurs blocs opératoires de l'Ile de",Logiciel,48430000.0,48.0,CAT01,Software & Applications,,
21-98181,Cellule support OPERA et OPALE - MF2,Informatique (prestations de services),72253000.0,72.0,CAT02,IT Services & Consulting,,
18-38747,Accord cadre relatif à la logistique dans le cadre des manifestations évènementielles organisées par la Ville du Mans - un an - renouvelable 3 fois,Location (matériels),75200000.0,75.0,CAT09,GIS & Mapping,,
22-12455,"Fourniture et maintenance des composants logiciels du système d'information décisionnel (Bo, 360 et Talend) pour les besoins du Département de la Sarthe",Informatique (prestations de services),72267100.0,72.0,CAT02,IT Services & Consulting,,
24-114529,La présente consultation concerne les prestations de communication autour de la marque INNTO,"Publicité, Communication|Site internet",79341400.0,79.0,CAT_UNKNOWN,Unknown,,
23-149508,Exploitation et maintenance du système d'information sur l'eau du Marais poitevin,Informatique (prestations de services)|Prestations de services,72212670.0,72.0,CAT07,Digital Workplace & Collaboration,,
16-109003,"Fourniture, installation et maintenance d'un calculateur et de l'environnement associé pour le CCIPL et SUBATECH",Informatique (matériel)|Maintenance,32423000.0,32.0,CAT04,Telecom & Networks,,
22-2207,"DEVELOPPEMENT D'UN OUTIL DE GESTION A DESTINATION DU CONCOURS POLYTECH CONCEPTION, MISE EN SERVICE",Informatique (prestations de services),72212900.0,72.0,CAT07,Digital Workplace & Collaboration,,
20-114032,"Acquisition d'équipements de sécurité (chaussures, vêtements, EPI)",Matériel de sécurité,35113400.0,35.0,CAT03,Cybersecurity,,
20-118996,"PRESTATIONS D'ASSISTANCE TECHNIQUE POUR LA CONCEPTION, LA MISE EN OEUVRE ET L'EXPLOITATION DES INFRASTRUCTURES DU SI DU GHT44 (2 LOTS)",Informatique (prestations de services),72611000.0,72.0,CAT10,IT Maintenance & Support,,
16-172610,"Acquisition d'un logiciel de gestion des entretiens d'évaluation, prestations de mise en oeuvre associées et maintenance",Informatique (prestations de services)|Logiciel,72212450.0,72.0,CAT07,Digital Workplace & Collaboration,,
22-36572,"équipement en matériels informatiques, techniques pour la Setram",Informatique (matériel)|Matériel de manutention|Matériel de téléphonie|Véhicules (acquisition),39300000.0,39.0,CAT_UNKNOWN,Unknown,,
18-96170,TRAVAUX D'ENTRETIEN ET DE MAINTENANCE DES BATIMENTS ET DES INFRASTRUCTURES DES ETABLISSEMENTS DU GHT 49,Bâtiment|Chauffage (travaux)|Couverture|Electricité (travaux)|Gaz médicaux|Gros oeuvre|Réseaux divers|Tous corps d'état,45400000.0,45.0,CAT05,Cloud & Infrastructure,,
18-25344,Réaménagement muséographique et scénographique de la maison de la réserve et conception d'une signalétique extérieure sur l'espace naturel sensible de Nalliers-Mouzeuil-Saint-Martin,Logiciel|Signalétique|Equipement muséographique,,,CAT09,GIS & Mapping,,
17-41053,"Travaux d'infrastructure et bâtiment pour l'aménagement des accès nord et sud de la gare de Saint-Nazaire, dans le cadre du pôle d'echange multimodal",Ascenseur|Assainissement|Bâtiment|Couverture|Eclairage public|Espaces verts|Etanchéité|Génie civil|Métallerie|Mobilier urbain|Réseaux divers|Revêtements de sols|Terrassement|Voirie,45454000.0,45.0,CAT05,Cloud & Infrastructure,,
22-34405,travaux de viabilisation et d'amenagement - boulevard de la baule,Assainissement|Espaces verts|Terrassement|Voirie et réseaux divers,45111291.0,45.0,CAT08,Data & AI,,
21-67771,Evolution des systèmes d'information et renouvellement des équipements pédagogiques numériques pour les BTS services informatiques aux organisations des lycées publics de la Région,Informatique (matériel),48800000.0,48.0,CAT05,Cloud & Infrastructure,,
20-68352,Accompagnement au déploiement du socle Publik et des e-services associés,Informatique (prestations de services),72611000.0,72.0,CAT10,IT Maintenance & Support,,
17-156562,"fourniture, supervision, monétique, assistance et maintenance d'infrastructures de recharge pour les véhicules électriques",Equipements spécialisés|Logiciel|Maintenance,32424000.0,32.0,CAT04,Telecom & Networks,,
22-61807,"Acquisition, mise en oeuvre, maintenance et évolution d'un logiciel de recrutement en mode Saas et prestations associées",Logiciel,72268000.0,72.0,CAT02,IT Services & Consulting,,
19-22007,MISE AUX NORMES ET OPTIMISATION DE TROIS DÉCHETTERIES,"Bâtiment|Clôture|Contrôle d'accès|Déchetterie (travaux)|Maîtrise d'oeuvre|Matériel de sécurité|Surveillance|Signalétique|Vidéo, cinéma|Voirie|Voirie et réseaux divers|Télésurveillance",45232470.0,45.0,CAT_UNKNOWN,Unknown,,
19-127477,refonte du système d'information de la direction de l'eau et de l'assainissement d'angers loire métropole,Alimentation en eau potable|Informatique (matériel)|Informatique (prestations de services)|Logiciel|Informatique (maintenance serveurs et réseaux),72212900.0,72.0,CAT07,Digital Workplace & Collaboration,,
17-179825,"supervision, sécurité et analyse des vulnérabilités pour les sites internet, veille cybersécurité",Informatique (prestations de services),72316000.0,72.0,CAT08,Data & AI,,
16-170075,"Achat d'un système de sonorisation et accrochage, pour la salle de concerts de 400 places",Sonorisation,32342410.0,32.0,CAT04,Telecom & Networks,,
16-124376,Le présent marché a pour objet la réalisation de prestations en assistance des équipes de la Région des Pays de la Loire dans les tâches d'administration de bases de données.,Informatique (prestations de services),72212610.0,72.0,CAT07,Digital Workplace & Collaboration,,
15-56776,"prestation de sonorisation et d'éclairage pour les festivals Tempo Rives et Accroches coeurs en 2015, à Angers",Matériel scénique|Prestations de services|Sonorisation,32342410.0,32.0,CAT04,Telecom & Networks,,
21-113592,Fourniture d'Équipements de Protection Individuelle et de vêtements de travail - accords-cadres mono-attributaires avec émission de bons de commande - groupement de commandes,Articles à usage unique|Consommables médicaux|Chaussures ou articles chaussants|Equipements spécialisés|Habillement|Textile,18143000.0,18.0,CAT_UNKNOWN,Unknown,,
19-118142,"Vérification périodique installations sécurité incendie, électroménager, ascenseurs, toitures terrasses gouttières chéneaux",Bâtiment|Surveillance,71315400.0,71.0,CAT_UNKNOWN,Unknown,,
16-137248,travaux d'entretien courant et de petites réparations répartis en 6 agences,Electricité (travaux)|Interphone|Maçonnerie|Menuiserie|Plomberie (travaux)|Serrurerie,45330000.0,45.0,CAT_UNKNOWN,Unknown,,
18-97260,18s0066 - fournitures de services de solutions d'impression bureautiques - groupement de commande,Informatique (matériel),30120000.0,30.0,CAT06,IT Hardware & Equipment,,
16-158195,acquisition d'une solution de ged (gestion électronique de documents) et de gec (gestion électronique de courrier) pour la ville de saint-hilaire-de-riez,Dématérialisation|Informatique (prestations de services)|Logiciel|Informatique (assistance)|Informatique (maintenance serveurs et réseaux),72212311.0,72.0,CAT07,Digital Workplace & Collaboration,,
15-32693,refonte globale de l'infrastructure serveurs et stockages informatiques à Bouguenais,Informatique (matériel)|Informatique (prestations de services),48800000.0,48.0,CAT05,Cloud & Infrastructure,,
16-38113,Fourniture et mise en oeuvre d'un sig de gestion des fourreaux de télécommunications pour le mans métropole à Le Mans (rectificatif),Informatique (prestations de services)|Télécommunications,72212214.0,72.0,CAT07,Digital Workplace & Collaboration,,
24-29281,"Fourniture de serveurs et logiciels « serveurs », matériels connexes, maintenance des matériels et prestations associées.",Informatique (maintenance serveurs et réseaux),48820000.0,48.0,CAT01,Software & Applications,,
16-170367,Mise en place d une solution de téléphonie Microsoft Skype Entreprise,Télécommunications|Matériel de téléphonie,64210000.0,64.0,CAT04,Telecom & Networks,,
21-145116,Fourniture de matériels informatiques et prestations associées,Informatique (matériel),30230000.0,30.0,CAT06,IT Hardware & Equipment,,
21-161904,Assistance pour le développement spécifique applicatif au sein du Département de Loire-Atlantique,Informatique (prestations de services),72611000.0,72.0,CAT10,IT Maintenance & Support,,
20-12576,"Fourniture, installation, et mise en service d'un système de sûreté ; vidéoprotection et contrôle d'accès",Télésurveillance,32323500.0,32.0,CAT04,Telecom & Networks,,
20-119807,Fourniture de supports audiovisuels,"Cd, DVD",,,CAT10,IT Maintenance & Support,,
20-143091,Acquisition d'un matériel de détection et de repiquage de cellules automatisé,Laboratoire (matériel),38000000.0,38.0,CAT_UNKNOWN,Unknown,,
16-179721,Remplacement des caméras d'exploitation et de la télécommiunication de sécurité du port de St Nazaire,"Vidéo, cinéma",32323500.0,32.0,CAT04,Telecom & Networks,,
17-58214,tierce maintenance applicative de la plateforme logicielle usine à sites (maintien en conditions operationnelles et evolutions) pour le compte du groupement de commandes informatiques,Prestations de services,72250000.0,72.0,CAT03,Cybersecurity,,
22-69242,acquisition d'un outil socle de gestion des contacts et d'evenements,Progiciel,48000000.0,48.0,CAT01,Software & Applications,,
23-115897,Acquisition de gilets haute visibilité normalisés à destination des élèves empruntant le transport scolaire,Matériel de sécurité,35113440.0,35.0,CAT03,Cybersecurity,,
21-145507,prestations d'assistance et d'expertise autour des composants d'infrastructure de niveau 2 et 3 pour le département et les collèges de loire-atlantique,Informatique (assistance),72611000.0,72.0,CAT10,IT Maintenance & Support,,
23-113700,"Renouvellement du système de Communication de Mauges sur Loire :Architecture réseau, VPN et téléphonie fixe (installation, migration, configuration, formation, garantie et maintenance)",Informatique (matériel)|Matériel de téléphonie|Informatique (maintenance serveurs et réseaux),32500000.0,32.0,CAT04,Telecom & Networks,,
20-118812,Renouvellement du parc informatique pour la migration vers Windows 10,Informatique (matériel),30200000.0,30.0,CAT06,IT Hardware & Equipment,,
23-68844,"Marché de prestations d'hébergement, de maintenance annuelle et évolutive des applicatifs Label Haie",Informatique (prestations de services),72212900.0,72.0,CAT07,Digital Workplace & Collaboration,,
22-73376,Accord-cadre relatif à l'évolution et la maintenance des infrastructures IT et à la mise en oeuvre d'une infrastructure d'Intercom pour la Cité des Congrès de Nantes,Audiovisuel|Câblage|Fibre optique|Informatique (prestations de services)|Matériel de téléphonie|Informatique (maintenance serveurs et réseaux),32424000.0,32.0,CAT04,Telecom & Networks,,
19-185581,fourniture de documents audiovisuels pour le bibliopôle,"Audiovisuel|Cd, DVD|Vidéo, cinéma",,,CAT08,Data & AI,,
21-156574,MISSION D'ASSISTANCE A MAITRISE D'OUVRAGE AFIN D'ELABORER DEUX SCHEMAS DIRECTEURS IMMOBILIERS POUR LES BESOINS DU DEPARTEMENT DE LA SARTHE,Assistance à maîtrise d'ouvrage,72224000.0,72.0,CAT02,IT Services & Consulting,,
23-61350,Réalisation d'un parking public d'usage partagé en superstructure aux abords du centre hospitalier du Mans et du Centre de Cancérologie de la Sarthe - Lots 12 et 13,Matériel électrique,45223300.0,45.0,CAT_UNKNOWN,Unknown,,
17-130880,"prestations de conception, développement et maintenance de sites internet",Informatique (prestations de services),72500000.0,72.0,CAT02,IT Services & Consulting,,
22-169110,Réhabilitation lourde de 7 Maisons de 2369 mètres carrés dites Maisons Pontavice pour la création d'un pôle de formations. aménagements paysagers. Projet situé en site sensible.,"Acier|Bardage|Bâtiment|Bois|Carrelage|Charpente|Chauffage (matériel)|Chauffage (travaux)|Cloison, faux plafond|Couverture|Cuisine (équipement)|Curage|Démolition|Electricité (travaux)|Equipements spécialisés|Fondations spéciales|Gros oeuvre|Isolation|Maçonnerie|Menuiserie|Mobilier|Peinture (travaux)|Plomberie (travaux)|Revêtements de sols|Serrurerie|Ventilation|Voirie et réseaux divers",45000000.0,45.0,CAT08,Data & AI,,
24-102167,Prestations en appui de la conduite de projets en systèmes d'informations ressources humaines,Informatique (maintenance serveurs et réseaux),72250000.0,72.0,CAT03,Cybersecurity,,
18-123490,A completer,Informatique (prestations de services),72212200.0,72.0,CAT07,Digital Workplace & Collaboration,,
16-130283,Externalisation de la hotline informatique dans les locaux du Département,Informatique (prestations de services)|Télécommunications,79512000.0,79.0,CAT10,IT Maintenance & Support,,
21-138343,"Fourniture, mise en oeuvre et maintenance de la plateforme d'hébergement et de stockage, de diffusion et de mise à jour du Plan corps de rue simplifié (PCRS) de la Mayenne",Informatique (matériel),48800000.0,48.0,CAT05,Cloud & Infrastructure,,
17-53063,17s0018 - acquisition et maintenance d'un logiciel de gestion clientèle et technique pour la direction du cycle de l'eau pour la carene (rectificatif),Logiciel,48445000.0,48.0,CAT01,Software & Applications,,
24-12133,Fourniture de services managés IT et d'infogérance de l'infrastructure informatique de l'ARS Pays de la Loire,Prestations de services,72514000.0,72.0,CAT02,IT Services & Consulting,,
23-179801,ACCORD-CADRE : FOURNITURE ET POSE DE SYSTEME DE VIDEO PROTECTION AINSI QUE MAINTENANCE ET PRESTATIONS ASSOCIEE DES SITES DEJA EXISTANTS,Informatique (matériel)|Informatique (maintenance serveurs et réseaux),48822000.0,48.0,CAT01,Software & Applications,,
24-35922,"Achat, entretien et maintenance de systèmes d'impressions",Informatique (matériel),30232100.0,30.0,CAT06,IT Hardware & Equipment,,
24-34668,Maintenance et exploitation des infrastructures d'eaux pluviales,Maintenance|Ouvrage d'infrastructure,90470000.0,90.0,CAT05,Cloud & Infrastructure,,
16-48130,renouvellement des solutions informatiques de billetteries et boutiques du Département à La Roche-sur-Yon,Informatique (matériel)|Informatique (prestations de services)|Logiciel,,,CAT08,Data & AI,,
15-146024,"acquisition de matériels d'amplification et de diffusion sonore pour la salle paul fort, 9 rue basse porte à Nantes",Sonorisation,32342410.0,32.0,CAT04,Telecom & Networks,,
17-22650,Le marché public a pour objet la fourniture de services d'interconnexion des sites avec la fourniture limitée d'accessoires pour les besoins de la Chambre d'agriculture des Pays de la L,Réseaux divers,64200000.0,64.0,CAT07,Digital Workplace & Collaboration,,
23-153517,"Maintenance adaptative, évolutive et corrective, aide à l'exploitation du PCS S-WING et ses modules optionnels",Informatique (maintenance serveurs et réseaux),72267000.0,72.0,CAT02,IT Services & Consulting,,
22-170390,maintien en conditions opérationnelles du coeur de réseau informatique du sdis49,Informatique (prestations de services),72250000.0,72.0,CAT03,Cybersecurity,,
17-168569,prestation de réalisation d'une orthophographie et d'un modèle numérique de terrain et d'élévation sur le territoire de nantes métropole,Informatique (prestations de services),72320000.0,72.0,CAT09,GIS & Mapping,,
20-59734,Renouvellement du parc informatique pour la migration vers Windows 10,Informatique (matériel),30200000.0,30.0,CAT06,IT Hardware & Equipment,,
17-57997,"Téléphonie - mise à niveau, extension, formation et maintenance du réseau de téléphonie Alcatel Lucent Oxe",Matériel de téléphonie,32545000.0,32.0,CAT04,Telecom & Networks,,
23-132924,"Prestations, assistance technique et accompagnement à l'évolution du Système d'Information Géographique du Département",Informatique (assistance),72220000.0,72.0,CAT02,IT Services & Consulting,,
23-94478,Acquisition de gilets haute visibilité normalisés à destination des élèves empruntant le transport scolaire,Matériel de sécurité,35113440.0,35.0,CAT03,Cybersecurity,,
20-8882,acquisition des tenues et équipements pour la sécurité et la prévention,Chaussures ou articles chaussants|Habillement|Matériel de sécurité,,,CAT_UNKNOWN,Unknown,,
18-137945,fourniture d'un système de vidéo-protection et d'une infrastructure virtualisée,Informatique (matériel)|Surveillance,,,CAT05,Cloud & Infrastructure,,
16-99329,Acquisition et maintenance des licences microsoft,Informatique (prestations de services),48900000.0,48.0,CAT01,Software & Applications,,
22-144511,Acquisition de matériels dans le cadre du CPER Recherche 2021/2027 de l'UBS,Equipements spécialisés,38434400.0,38.0,CAT_UNKNOWN,Unknown,,
19-144868,Virtualisation d'infrastructure informatique et hyperconvergence,Informatique (matériel)|Informatique (prestations de services)|Logiciel|Informatique (assistance),48800000.0,48.0,CAT05,Cloud & Infrastructure,,
24-22970,Accord cadre relatif à la logistique dans le cadre des manifestations évènementielles,Prestations de services,75310000.0,75.0,CAT09,GIS & Mapping,,
17-54861,Fourniture de licences microsoft,Informatique (matériel)|Informatique (prestations de services)|Informatique (assistance),48900000.0,48.0,CAT01,Software & Applications,,
16-42996,"Achats de véhicules, châssis et équipements pour les besoins du SDIS de La Vendée, à La Roche-sur-Yon",Pièces détachées|Véhicules,,,CAT_UNKNOWN,Unknown,,
23-135048,Travaux de construction du groupe scolaire Jules Verne à Montaigu (Montaigu-Vendée),"Ascenseur|Bâtiment|Carrelage|Charpente|Chauffage (travaux)|Cloison, faux plafond|Couverture|Electricité (travaux)|Espaces verts|Etanchéité|Gros oeuvre|Menuiserie|Peinture (travaux)|Prestations de services|Revêtements de sols|Serrurerie|Voirie et réseaux divers",45214200.0,45.0,CAT_UNKNOWN,Unknown,,
17-104307,acquisition de matériels de festivités pour la ville de saint-nazaire.,Matériel de sécurité|Mobilier|Evénementiel,39100000.0,39.0,CAT_UNKNOWN,Unknown,,
24-134353,"Fourniture, installation et maintenance de réseaux POL (Passive Optical LAN) pour le futur Centre Hospitalier Universitaire « Ile de Nantes »",Télécommunications,32412110.0,32.0,CAT04,Telecom & Networks,,
22-17129,"concession de travaux et de services pour le financement, la construction, la maintenance et l'exploitation de boucles locales optiques de dessertes à l'usager final sur le territoire de la sarthe",Télécommunications,64200000.0,64.0,CAT07,Digital Workplace & Collaboration,,
17-100085,Acquisition et maintenance d'un système de contrôle d'accès pour les équipements sportifs de la ville d'Angers,Contrôle d'accès,42961100.0,42.0,CAT_UNKNOWN,Unknown,,
21-25043,Achat de matériel de spectacle professionnel pour le théatre de la Fleuriaye et l'Ecole Municipale de Musique à Carquefou,Matériel scénique|Sonorisation|Spectacle,,,CAT08,Data & AI,,
15-31641,création d'un dispositif d'information plurimédia de l'ircantec à Angers,Prestations de services,,,CAT08,Data & AI,,
16-151887,Maintenance et extension du système de téléphonie (traditionnelle et sur IP) et du réseau informatique,Informatique (matériel)|Informatique (maintenance serveurs et réseaux),32522000.0,32.0,CAT04,Telecom & Networks,,
20-34709,"Conception, aménagement et fourniture d'écrans pour le Pavillon du tourisme sur le Village du Vendée Globe 2020",Matériel photographique et cinématographique|Stand|Evénementiel,79952000.0,79.0,CAT06,IT Hardware & Equipment,,
16-33092,"Marché de prestation de service de fourniture, installation et maintenance d'un système de vidéoprotection sur le territoire de la commune, au Pellerin",Informatique (prestations de services),35125300.0,35.0,CAT03,Cybersecurity,,
21-39987,Sécurisation de l'application carte Vitale,Prestations de services,72000000.0,72.0,CAT02,IT Services & Consulting,,
18-129648,Accord cadre relatif à la logistique dans le cadre des manifestations évènementielles organisées par la Ville du Mans - un an - renouvelable 3 fois,Location (matériels),75200000.0,75.0,CAT09,GIS & Mapping,,
16-157718,"Maintenance corrective, adaptative, réglementaire, évolutive du progiciel CLINICOM et de tous les modules sous licences associés",Informatique (prestations de services),72260000.0,72.0,CAT02,IT Services & Consulting,,
22-19299,Fourniture et prestations de refonte et de maintenance des infrastructures du système informatique de la Ville de Bouguenais.,Informatique (matériel)|Informatique (prestations de services)|Informatique (maintenance serveurs et réseaux),48800000.0,48.0,CAT05,Cloud & Infrastructure,,
23-33058,PRESTATION DE DETECTION DES INCIDENTS DE SECURITE (PDIS) QUALIFIEE ANSSI,Informatique (prestations de services),72600000.0,72.0,CAT02,IT Services & Consulting,,
22-21573,acquisition d'orthographies sur le territoire de nantes métropole,Prestations de services,72320000.0,72.0,CAT09,GIS & Mapping,,
24-52925,"Accord-cadre de prestations intellectuelles de mise à disposition de ressources, études et assistance technique - 2 lots",Ingénierie|Prestations de services,71300000.0,71.0,CAT_UNKNOWN,Unknown,,
17-75817,Fourniture et Maintenance de logiciels de gestion financière et de gestion de ressources humaines,Logiciel,48440000.0,48.0,CAT01,Software & Applications,,
24-70105,Services d'abonnement à des ressources documentaires juridiques principalement numériques,Abonnement|Assistance juridique|Prestations de services,79980000.0,79.0,CAT_UNKNOWN,Unknown,,
17-93952,Assistance technique réalisation,Assistance technique|Informatique (prestations de services),72212900.0,72.0,CAT07,Digital Workplace & Collaboration,,
17-4225,travaux d'entretien courant et de petites réparations répartis en 6 agences,Electricité (travaux)|Interphone|Maçonnerie|Menuiserie|Plomberie (travaux)|Serrurerie,45330000.0,45.0,CAT_UNKNOWN,Unknown,,
17-109941,17S0063 - Informatisation de la police municipale - modules associés et renouvellement des Procès Verbaux Electroniques pour la ville de Saint-Nazaire,Informatique (prestations de services),48730000.0,48.0,CAT01,Software & Applications,,
15-38026,"prestation de mise en place et d'exploitation d'un centre d'appels et de traitement de services informatiques,télécom et reprographie au profit de la CNIEG à Nantes",Informatique (prestations de services)|Reprographie|Télécommunications,72611000.0,72.0,CAT10,IT Maintenance & Support,,
19-120649,"Consommables et réactifs pour les laboratoires d'Hémostase-Hématologie, de Biologie Moléculaire, de Biochimie et de Microbiologie",Laboratoire (fourniture),33696500.0,33.0,CAT08,Data & AI,,
17-69161,Acquisition d'instruments de musique et mobilier musical pour le Conservatoire à Rayonnement Départemental de la Ville du Mans,Instruments de musique,37300000.0,37.0,CAT08,Data & AI,,
18-38591,18s0029- acquisition et maintenance d'un logiciel de gestion d'activités pour l'espace public pour la ville de saint nazaire et la carene (groupement de commande-coordonnateur ville de saint-nazaire),Logiciel,48000000.0,48.0,CAT01,Software & Applications,,
17-92288,construction d'un complexe cinématographique sur la commune d'ancenis,"Equipements spécialisés|Vidéo, cinéma",32320000.0,32.0,CAT04,Telecom & Networks,,
16-146809,"Fourniture, Installation, mise en oeuvre, accompagnement et maintenance d'une solution informatique de gestion du service d'anatomie cytologie pathologiques",Logiciel,48000000.0,48.0,CAT01,Software & Applications,,
20-71814,"Conception et réalisation d'une signalétique d'orientation, d'identification et d'information pour la base sous-marine et l'écluse fortifiée de Saint-Nazaire. Et accompagnemen","Mobilier urbain|Publicité, Communication|Signalisation|Signalétique",,,CAT09,GIS & Mapping,,
18-122938,MARCHE DE MAINTENANCE DES GROUPES ELECTROGENES 3516 DE MARQUE CATERPILLAR,Maintenance,32420000.0,32.0,CAT06,IT Hardware & Equipment,,
18-167431,"PRESTATION DE MISE EN PLACE ET D'EXPLOITATION D'UN CENTRE D'APPELS ET DE TRAITEMENT DES SERVICES INFORMATIQUES,TELECOMS ET DE REPROGRAPHIE",Informatique (assistance),72611000.0,72.0,CAT10,IT Maintenance & Support,,
20-98331,Prestations de conception événementielle et de création de productions visuelles et audio groupement de commandes entre la CARENE et la Ville de Saint-Nazaire,Prestations de services,79952000.0,79.0,CAT_UNKNOWN,Unknown,,
16-85662,prestation d'alimentation et de gestion de base de données pour les besoins de la Région des Pays de la Loire à Nantes,Informatique (prestations de services),72320000.0,72.0,CAT09,GIS & Mapping,,
21-36213,"Projet d'infrastructure de virtualisation serveurs (plateforme de virtualisation de production et de développement), plateforme de serveurs NAS, système de sauvegarde inclus et maintenance de ceu",Informatique (matériel)|Informatique (prestations de services)|Informatique (assistance)|Informatique (maintenance serveurs et réseaux),48800000.0,48.0,CAT05,Cloud & Infrastructure,,
18-103755,"Maintenance logicielle, corrective, adaptative, réglementaire, évolutive des solutions ZENIDOC",Maintenance,72267100.0,72.0,CAT02,IT Services & Consulting,,
20-148013,Réhabilitation du collège René Guy Cadou à Ancenis,Bâtiment|Chauffage (travaux)|Electricité (travaux)|Gros oeuvre|Amiante (désamiantage),45262700.0,45.0,CAT08,Data & AI,,
21-20759,"Définition, conception, réalisation, hébergement et maintenance du site internet de l'Autorité de Régulation des Transports",Site internet,,,CAT05,Cloud & Infrastructure,,
15-82236,fourniture et pose d'horodateurs et de bornes d'arret minute sur le territoire de la ville à Rezé,Horodateur|Mobilier extérieur,38720000.0,38.0,CAT_UNKNOWN,Unknown,,
24-80391,"Travaux relatifs à la distribution publique d'énergie électrique, aux réseaux d'éclairage public et d'infrastructures de communications électroniques, à la fourniture et à la pose de matériels d'éclai",Electricité (travaux)|Voirie et réseaux divers|Télécommunications|Eclairage public,45231400.0,45.0,CAT04,Telecom & Networks,,
16-63342,fourniture et prestations de services sur le système d'information et les équipe..,Equipements spécialisés|Informatique (prestations de services),45316210.0,45.0,CAT_UNKNOWN,Unknown,,
16-132878,acquisition d'un système d'information des ressources humaines (sirh) pour la ville d'avrillé,Logiciel,48000000.0,48.0,CAT01,Software & Applications,,
21-62138,TRAVAUX POUR LA CONSTRUCTION D'UN LYCEE POLYVALENT A SAINT-GILLES-CROIX-DE-VIE (85)Extincteurs et Signalétique de Sécurité Incendie,Extincteur,35111300.0,35.0,CAT03,Cybersecurity,,
18-83258,"construction de l'équipement à vocations sportive, culturelle et événementielle "" espace mayenne "" à laval","Appareil élévateur|Audiovisuel|Bâtiment|Carrelage|Charpente|Chauffage (travaux)|Climatisation|Cloison, faux plafond|Couverture|Electricité (travaux)|Equipement sportif|Equipements spécialisés|Espaces verts|Etanchéité|Matériel scénique|Menuiserie|Métallerie|Peinture (travaux)|Plomberie (travaux)|Revêtements de sols|Serrurerie|Terrassement|Ventilation|Vitrerie|Evénementiel",45212300.0,45.0,CAT_UNKNOWN,Unknown,,
17-39457,16-DIR-UDI-10,Informatique (prestations de services),72267000.0,72.0,CAT02,IT Services & Consulting,,
21-45078,Acquisition et installation d'une Infrastructure sécurisée de virtualisation de serveurs et Postes de travail et de Sauvegarde d'infrastructure virtuelle pour le SIRI 49 et ses adhérents,Informatique (matériel),48822000.0,48.0,CAT01,Software & Applications,,
16-139674,Evolution et maintien en condition opérationnelle des réseaux informatiques et des installations de téléphone sur Ip,Informatique (matériel)|Informatique (maintenance serveurs et réseaux),48800000.0,48.0,CAT05,Cloud & Infrastructure,,
20-51762,consolidation et développement des interfaces avec le système d'information de srd,Informatique (prestations de services),72514000.0,72.0,CAT02,IT Services & Consulting,,
22-132010,Maintenance et vérification Ville de Mûrs-Érigné,Maintenance,50000000.0,50.0,CAT_UNKNOWN,Unknown,,
21-32692,Infogérance du Système d'Information et mission d'accompagnement en sécurité informatique. Infogérance - PAAS (Platform as a service) - IAAS (Infrastructure as a service) - RSSI - PSSI - Cyb,Informatique (prestations de services),72611000.0,72.0,CAT10,IT Maintenance & Support,,
23-52464,"Prestations de maintenance préventive, corrective et fourniture de pièces détachées pour les extincteurs, RIA, colonnes sèches et poteaux incendie des établissements du GHT 49",Extincteur,50413200.0,50.0,CAT08,Data & AI,,
19-150722,Fourniture de matériel électrique et d'éclairage pour les services de la ville de Couëron,Matériel électrique|Matériel de sécurité,31600000.0,31.0,CAT_UNKNOWN,Unknown,,
24-11800,Accord cadre relatif à la logistique dans le cadre des manifestations évènementielles,Prestations de services,75310000.0,75.0,CAT09,GIS & Mapping,,
16-57603,"FOURNITURE, INSTALLATION, MISE EN SERVICE ET MAINTENANCE D'UN SERVEUR D'AFFICHAGE, D'UN MUR D'IMAGE ET D'ÉCRANS À COULAINES",Logiciel,48500000.0,48.0,CAT07,Digital Workplace & Collaboration,,
16-66951,Fourniture et installation de mobilier et d'équipement pour l'aménagement des résidences les ligériennes,Mobilier|Télévision,39100000.0,39.0,CAT08,Data & AI,,
23-97071,restauration et requalification du tribunal en maison du citoyen connecté restauration et aménagement intérieur du tribunal,Appareil élévateur|Charpente|Chauffage (travaux)|Décoration (travaux)|Electricité (travaux)|Informatique (matériel)|Isolation|Maçonnerie|Menuiserie|Métallerie|Mobilier|Peinture (travaux)|Plâtrerie|Plomberie (travaux)|Revêtements de sols|Revêtements muraux|Serrurerie|Ventilation,45212350.0,45.0,CAT_UNKNOWN,Unknown,,
24-14769,Assistance numérique pour les collèges publics de Loire-Atlantique,Informatique (prestations de services)|Informatique (assistance),72611000.0,72.0,CAT10,IT Maintenance & Support,,
22-79802,"appel à candidatures - travaux d'aménagements des espaces publics - projet grand bellevue - secteurs moulin des hiorts, moulin lambert et bois hardy",Alimentation en eau potable|Assainissement|Espaces verts|Réseaux divers|Travaux de viabilité|Voirie,45111291.0,45.0,CAT_UNKNOWN,Unknown,,
24-128725,Acquisition de sondes sous-marines multi-paramètres autonomes pour le suivi de mesures environnementales en zones conchylicoles ligériennes,Equipements spécialisés|Informatique (prestations de services)|Logiciel|Progiciel,38410000.0,38.0,CAT_UNKNOWN,Unknown,,
24-65111,Prestations d'assistance à l'adaptation et l'évolution du logiciel de gestion des ressources humaines HR ACCESS,Logiciel,72611000.0,72.0,CAT10,IT Maintenance & Support,,
23-42778,"Fourniture, Hébergement, Paramétrage, Intégration, Déploiement et Maintenance d'une Solution de Gestion des Activités de l'Unité de Thérapie Cellulaire et Génique (UTCG) du CHU de Nantes",Logiciel,72212180.0,72.0,CAT07,Digital Workplace & Collaboration,,
24-25465,"Achat, entretien et maintenance de systèmes d'impressions",Informatique (matériel)|Impression,30232100.0,30.0,CAT06,IT Hardware & Equipment,,
17-117588,"Acquisition de nouveaux outils SAS, redevance et maintenance des progiciels SAS existants et des nouveaux outils",Informatique (maintenance serveurs et réseaux),72267000.0,72.0,CAT02,IT Services & Consulting,,
21-103746,"Acquisition d'instruments de musique, de mobilier d'orchestre et de matériel technique pour le Conservatoire à rayonnement départemental de la Ville du Mans - durée de 2 ans",Instruments de musique|Sonorisation,,,CAT08,Data & AI,,
17-74598,"Acquisition d'un logiciel de gestion des entretiens d'évaluation, prestations de mise en oeuvre associées et maintenance",Informatique (prestations de services)|Logiciel,72212450.0,72.0,CAT07,Digital Workplace & Collaboration,,
17-108169,Prestations d'ingénierie et d'expertise autour des composants d'infrastructure,Informatique (prestations de services),72611000.0,72.0,CAT10,IT Maintenance & Support,,
22-1668,Renouvellement Materiel Audiovisuel pour le lycée Leonard de Vinci (85),Audiovisuel,32321300.0,32.0,CAT04,Telecom & Networks,,
17-68186,Accompagnement pour la mise en oeuvre du schéma directeur numérique de la Région des Pays de la Loire,Prestations de services,72000000.0,72.0,CAT02,IT Services & Consulting,,
22-17364,"Fourniture de logiciels bureautiques, maintenance et prestations associées pour les besoins du SDIS 44.",Logiciel,48000000.0,48.0,CAT01,Software & Applications,,
16-81783,"Fourniture d'un progiciel de gestion d'immobilier social, de prestations de services associées et maintenance pour Le Mans Habitat (rectificatif)",Logiciel|Progiciel,72600000.0,72.0,CAT02,IT Services & Consulting,,
18-10415,Acquisition d'une enceinte blindée haute énergie pour le Centre d'Imagerie Multimodale Appliqué (CIMA) de l'Université de Nantes,Radiologie (matériel),35113200.0,35.0,CAT03,Cybersecurity,,
24-35418,La présente procédure porte sur la fourniture d'une solution régionale de dossiers d'intervention SMUR dématérialisés.,Logiciel,72212900.0,72.0,CAT07,Digital Workplace & Collaboration,,
18-61507,"fourniture, déploiement et maintenance d'une plateforme alumni pour centrale de nantes",Dématérialisation|Site internet|Prestations de services,48000000.0,48.0,CAT01,Software & Applications,,
21-77546,Prestations d'assistance et d'expertise autour des composants d'infrastructure de niveau 2 et 3 pour le Département et les collèges de Loire-Atlantique,Informatique (assistance)|Informatique (maintenance serveurs et réseaux),72611000.0,72.0,CAT10,IT Maintenance & Support,,
21-156075,Remplacement du système de sécurité incendie au collège Jean-Baptiste Colbert à Cholet,Alarme|Détection incendie|Electricité (travaux)|Matériel de sécurité|Sécurité incendie,35000000.0,35.0,CAT03,Cybersecurity,,
17-31074,"Maintenance corrective, adaptative, reglementaire et évolutive du progiciel Qbloc",Informatique (prestations de services),72267000.0,72.0,CAT02,IT Services & Consulting,,
16-128870,Prestations d'assistance technique et conduite de projets techniques pour la mise en oeuvre du schéma directeur du système d'information,Abris|Assistance technique,72611000.0,72.0,CAT10,IT Maintenance & Support,,
16-158802,A completer,Abris,72320000.0,72.0,CAT09,GIS & Mapping,,
24-107602,"Acquisition de logiciels d'infrastructures techniques ou bureautiques et services associés, pour le Département de Loire-Atlantique, les structures associées et les collèges du Département de Loire-At",Logiciel,48422000.0,48.0,CAT01,Software & Applications,,
24-111199,Intégration d'une solution globale d'alertes PPMS,Alarme,35121000.0,35.0,CAT03,Cybersecurity,,
21-16061,Assistance à l'adaptation du logiciel de gestion des ressources humaines HR ACCESS,Informatique (prestations de services),72611000.0,72.0,CAT10,IT Maintenance & Support,,
16-167133,"Equipement en matériels informatique, technique et logiciels pour la Setram",Informatique (matériel)|Outillage,30200000.0,30.0,CAT06,IT Hardware & Equipment,,
17-23389,travaux d'aménagement de la zac du verger à carquefou (44),Assainissement|Espaces verts|Réseaux divers|Signalétique|Terrassement|Travaux de viabilité|Voirie,45113000.0,45.0,CAT_UNKNOWN,Unknown,,
16-139514,"maintenance, exploitation et extension du réseau de téléphonie",Informatique (matériel)|Logiciel|Maintenance|Matériel de téléphonie,50324100.0,50.0,CAT04,Telecom & Networks,,
18-28160,marché de mandat pour le renouvellement du système d'aide à l'exploitation du tramway,Etude|Transport,71311200.0,71.0,CAT_UNKNOWN,Unknown,,
24-103343,Accord cadre relatif à la logistique dans le cadre des manifestations évènementielles,Prestations de services,75310000.0,75.0,CAT09,GIS & Mapping,,
18-125716,Externalisation et infogérance du SI,Informatique (prestations de services),72000000.0,72.0,CAT02,IT Services & Consulting,,
19-146214,Prestations d'intégration de déploiement et de maintenance du numérique dans les collèges du département de la Sarthe et sites associés,Informatique (prestations de services)|Informatique (assistance)|Informatique (maintenance serveurs et réseaux),72500000.0,72.0,CAT02,IT Services & Consulting,,
16-85545,"Acquisition, installation, formation, et maintenance d'équipements de réseaux LAN / WIFI et de sécurité pour le CROUS de Nantes Pays de la Loire",Informatique (prestations de services)|Informatique (maintenance serveurs et réseaux),32420000.0,32.0,CAT06,IT Hardware & Equipment,,
21-126092,Mise en place d'une place de marché territoriale,Logiciel,72212480.0,72.0,CAT07,Digital Workplace & Collaboration,,
16-70640,travaux d'aménagement de la zac de la jaguere (44)-phase 2,Assainissement|Réseaux divers|Terrassement|Travaux de viabilité|Végétaux|Voirie,45111291.0,45.0,CAT_UNKNOWN,Unknown,,
23-85576,"Création du nouveau site internet du Centre Hospitalier de Laval ainsi que son hébergement, sa maintenance et la formation des professionnels référents",Site internet,72212220.0,72.0,CAT07,Digital Workplace & Collaboration,,
23-53540,fourniture de matériels informatiques,Informatique (matériel),30230000.0,30.0,CAT06,IT Hardware & Equipment,,
16-73215,Assistance à maîtrise d'ouvrage pour la refonte du site internet nantesmetropole.fr,Assistance à maîtrise d'ouvrage,72130000.0,72.0,CAT02,IT Services & Consulting,,
21-122869,"Prestations de maîtrise d'oeuvre, de conseil et d'étude en informatique",Informatique (prestations de services),72224000.0,72.0,CAT02,IT Services & Consulting,,
22-54094,enrichissement de la base de données livrjeun,Livres,72320000.0,72.0,CAT09,GIS & Mapping,,
17-68883,infogérance du système d'information de l'arafer,Informatique (prestations de services)|Informatique (maintenance serveurs et réseaux),72611000.0,72.0,CAT10,IT Maintenance & Support,,
24-104541,"Acquisition de logiciels d'infrastructures techniques ou bureautiques et services associés, pour le Département de Loire-Atlantique, les structures associées et les collèges du Département de Loire-At",Logiciel,48422000.0,48.0,CAT01,Software & Applications,,
16-79523,acquisition de materiels informatiques et logiciels,Informatique (matériel)|Logiciel,30230000.0,30.0,CAT06,IT Hardware & Equipment,,
17-58113,infogérance du système d'information de l'arafer,Informatique (assistance)|Informatique (maintenance serveurs et réseaux),72611000.0,72.0,CAT10,IT Maintenance & Support,,
22-8616,RENOUVELLEMENT DES INFRASTRUCTURES DE SECURITE INFORMATIQUE Renouvellement de l'infrastructure de sécurité informatique et des solutions de détection des menaces,Informatique (prestations de services),72212730.0,72.0,CAT07,Digital Workplace & Collaboration,,
23-105160,Acquisition des vêtements et équipements de travail,Equipements spécialisés,18100000.0,18.0,CAT_UNKNOWN,Unknown,,
16-118469,prestations d'assistance technique et support informatique pour les collèges de loire-atlantique,Assistance technique|Informatique (prestations de services),72611000.0,72.0,CAT10,IT Maintenance & Support,,
23-176087,Réalisation d'un parking public d'usage partagé en superstructure aux abords du centre hospitalier du Mans et du Centre de Cancérologie de la Sarthe - Lots 12 et 13,Matériel électrique,45223300.0,45.0,CAT_UNKNOWN,Unknown,,
19-21370,Procédure Adaptée relative à la CONVERGENCE DES SYSTEMES D'INFORMATION DE 3 ETABLISSEMENTS MEDICO-SOCIAUX PLACES SOUS DIRECTION COMMUNE et réunis en GROUPEMENT DE COMMANDE,Informatique (matériel)|Informatique (prestations de services)|Informatique (maintenance serveurs et réseaux),48800000.0,48.0,CAT05,Cloud & Infrastructure,,
24-18614,Acquisition de documents sonores et audiovisuels - supports préenregistrés son et images destinés à tous publics du réseau des médiathèques de la ville du Mans - Années 2024 à 2027,"Cd, DVD",32353000.0,32.0,CAT04,Telecom & Networks,,
19-52455,DATA-DSI-2019-01,Progiciel,48800000.0,48.0,CAT05,Cloud & Infrastructure,,
17-171316,Hébergement et infogérance de la solution de gestion de dossiers électronique de l'inventaire,Informatique (maintenance serveurs et réseaux),72250000.0,72.0,CAT03,Cybersecurity,,
19-158227,"Fourniture, pose et maintenance des équipements de sûreté des bâtiments du Département de Loire-Atlantique",Contrôle d'accès|Surveillance|Télésurveillance,35120000.0,35.0,CAT03,Cybersecurity,,
20-108291,Travaux d'aménagement de la phase 1 de la Zac de La Corbinière à Pornic (44),Espaces verts|Génie civil|Réseaux divers|Terrassement,45111291.0,45.0,CAT08,Data & AI,,
17-183325,Refonte des réseaux LAN et WIFI et prestations de câblages associées,Réseaux divers,32412000.0,32.0,CAT04,Telecom & Networks,,
16-45436,reconstruction du site hospitalier du loroux-bottereau et la restructuration partielle du site de Vertou à Le Loroux Bottereau,"Appareil élévateur|Charpente|Chauffage (travaux)|Cloison, faux plafond|Electricité|Espaces verts|Etanchéité|Fluides médicaux|Gros oeuvre|Isolation|Matériel de secours et d'incendie|Menuiserie|Métallerie|Peinture (travaux)|Plomberie|Revêtements de sols|Sanitaire|Téléphone|Terrassement|Ventilation|Vitrerie|Voirie et réseaux divers",45000000.0,45.0,CAT_UNKNOWN,Unknown,,
15-32296,fourniture de logiciels ibm-lotus et de prestations d'assistance technique associées pour le CHU de Nantes,Logiciel,48517000.0,48.0,CAT01,Software & Applications,,
24-117381,Informatisation des billetteries et boutiques des sites culturels et naturels,Logiciel,72212481.0,72.0,CAT07,Digital Workplace & Collaboration,,
16-172778,acquisition de volants dynamométriques et fournitures associées.,Matériel électronique,35125100.0,35.0,CAT03,Cybersecurity,,
23-165475,Marché public pour la fourniture et l'installation d'un système de vidéosurveillance des parcs de stationnement à Laval,"Publicité, Communication|Signalétique",32570000.0,32.0,CAT04,Telecom & Networks,,
17-161917,Assistance pour le développement spécifique applicatif,Informatique (prestations de services)|Informatique (assistance),72611000.0,72.0,CAT10,IT Maintenance & Support,,
17-146216,"marché de services - infogérance, exploitation, hébergement d'une solution de communications unifiées avec centre de contact, et évolution de l'infrastructure de réseau de maine-et-loire habitat",Matériel de téléphonie,32544000.0,32.0,CAT04,Telecom & Networks,,
