buyer_key,n_contracts,expected_renewals_12m,expected_renewals_24m,max_p_renewal_12m,mean_p_renewal_12m,high_risk_contracts_count
SIREN:234400034,91,2.7604,7.732,0.0677,0.0303,0
NAME:nantes metropole,72,1.5675,4.686,0.0546,0.0218,0
SIREN:935367433,28,0.9763,2.6623,0.0586,0.0349,0
SIREN:264400136,42,0.8852,2.5983,0.0626,0.0211,0
SIREN:391722881,28,0.8565,2.421,0.0606,0.0306,0
SIREN:244900015,30,0.6621,1.96,0.0626,0.0221,0
SIREN:228500013,19,0.6612,1.8003,0.0626,0.0348,0
SIREN:214401846,35,0.6354,1.963,0.0369,0.0182,0
NAME:le mans,22,0.5299,1.5476,0.0448,0.0241,0
SIREN:194909701,22,0.4729,1.425,0.0412,0.0215,0
SIREN:546650169,9,0.4531,1.1639,0.0626,0.0503,0
SIREN:227200029,23,0.4299,1.3174,0.0528,0.0187,0
NAME:cnieg,15,0.4218,1.2056,0.0476,0.0281,0
SIREN:247200132,21,0.4073,1.2184,0.0459,0.0194,0
NAME:ville du mans,20,0.3933,1.1658,0.0528,0.0197,0
NAME:ctre hosp universitaire angers,15,0.347,1.024,0.0448,0.0231,0
SIREN:130029747,15,0.3281,0.9807,0.0388,0.0219,0
SIREN:225300011,12,0.3196,0.9071,0.0626,0.0266,0
NAME:semitan,7,0.2944,0.778,0.0692,0.0421,0
SIREN:214401093,14,0.2922,0.875,0.051,0.0209,0
SIREN:110006012,11,0.284,0.8154,0.0548,0.0258,0
NAME:conseil general de la vendee,13,0.2801,0.8368,0.0355,0.0215,0
NAME:cd 44,5,0.2679,0.6795,0.0626,0.0536,0
SIREN:532458809,12,0.2669,0.7761,0.0458,0.0222,0
SIREN:180043010,7,0.2598,0.7096,0.0548,0.0371,0
SIREN:130001704,6,0.2579,0.6805,0.0586,0.043,0
NAME:agce pour l enst fr a l etranger,8,0.2427,0.6823,0.0486,0.0303,0
SIREN:284400017,14,0.232,0.7265,0.0343,0.0166,0
NAME:crous de nantes,5,0.2121,0.5524,0.0626,0.0424,0
NAME:ademe,8,0.2097,0.6049,0.0477,0.0262,0
SIREN:451518641,5,0.2049,0.5299,0.0668,0.041,0
SIREN:224900019,8,0.1876,0.5473,0.0509,0.0234,0
NAME:gie des epl de vendee,4,0.1839,0.4826,0.0511,0.046,0
SIREN:214400202,6,0.1828,0.5144,0.0448,0.0305,0
SIREN:214401432,10,0.1607,0.5038,0.0361,0.0161,0
NAME:gpm de nantes st nazaire,12,0.1509,0.4928,0.0348,0.0126,0
NAME:com d agglo reg nazairienne estuaire,4,0.1472,0.4046,0.0397,0.0368,0
NAME:spr pays de la loire,4,0.1458,0.3994,0.0511,0.0364,0
NAME:arafer,7,0.1416,0.4347,0.0246,0.0202,0
SIREN:214401622,8,0.1413,0.4368,0.0317,0.0177,0
NAME:uniha gcs,3,0.1399,0.3666,0.0477,0.0466,0
NAME:communaute d agglomeration du niortais,5,0.1384,0.3922,0.051,0.0277,0
SIREN:288500010,9,0.1365,0.4267,0.0436,0.0152,0
NAME:cap atlantique,5,0.1362,0.3874,0.0448,0.0272,0
NAME:de loire atlanti,3,0.1317,0.3447,0.0668,0.0439,0
SIREN:381053768,5,0.1293,0.3797,0.0317,0.0259,0
NAME:ubs,3,0.1276,0.3398,0.0493,0.0425,0
NAME:carene,8,0.1255,0.395,0.0288,0.0157,0
SIREN:285300018,5,0.1222,0.3605,0.0369,0.0244,0
NAME:ccir pays de la loire,7,0.1198,0.3779,0.0305,0.0171,0
SIREN:983291931,2,0.115,0.2879,0.0627,0.0575,0
NAME:cdc du pays de saint gilles cx de vie,7,0.1132,0.3628,0.02,0.0162,0
SIREN:218501914,5,0.1061,0.3186,0.0349,0.0212,0
NAME:sec gal pour l adm min interieur ouest,5,0.106,0.3232,0.0252,0.0212,0
SIREN:830955068,2,0.1056,0.2677,0.0668,0.0528,0
SIREN:200083392,5,0.1049,0.3174,0.0295,0.021,0
SIREN:214400558,6,0.103,0.3158,0.0417,0.0172,0
NAME:e collectivites vendee,4,0.1009,0.2924,0.0445,0.0252,0
SIREN:258500222,6,0.0978,0.2966,0.0493,0.0163,0
SIREN:200071900,3,0.0976,0.2731,0.0443,0.0325,0
SIREN:248500589,4,0.0963,0.286,0.0306,0.0241,0
NAME:shema,3,0.0958,0.2691,0.0427,0.0319,0
SIREN:246100663,2,0.0949,0.247,0.0548,0.0474,0
NAME:soc publique reg abe de fontevraud,3,0.093,0.2643,0.0335,0.031,0
SIREN:860800077,3,0.0923,0.2558,0.0417,0.0308,0
SIREN:214402042,4,0.0915,0.2627,0.051,0.0229,0
SIREN:194401006,6,0.0911,0.2912,0.0277,0.0152,0
SIREN:233500016,2,0.0894,0.235,0.0546,0.0447,0
SIREN:214400269,6,0.0881,0.2812,0.026,0.0147,0
SIREN:214900995,4,0.0875,0.2565,0.0458,0.0219,0
NAME:ville d alencon,2,0.0858,0.2256,0.0586,0.0429,0
SIREN:445400104,3,0.0801,0.2334,0.0355,0.0267,0
SIREN:200069474,3,0.0787,0.2278,0.0397,0.0262,0
SIREN:100492784,2,0.0785,0.2097,0.0546,0.0392,0
SIREN:174400051,1,0.0785,0.1839,0.0785,0.0785,0
NAME:chd vendee,3,0.0779,0.2283,0.0329,0.026,0
SIRET:20004248900019,1,0.0777,0.1824,0.0777,0.0777,0
NAME:c s t b,2,0.0771,0.21,0.0414,0.0386,0
NAME:dir ouest,4,0.0763,0.2341,0.0283,0.0191,0
NAME:inra angers nantes,3,0.0741,0.2194,0.0307,0.0247,0
SIREN:200052702,2,0.0718,0.1982,0.0389,0.0359,0
NAME:cnes terres de montaigu,2,0.0705,0.1954,0.0388,0.0353,0
NAME:regie dept passages d eau de vendee,4,0.0699,0.2195,0.0277,0.0175,0
NAME:gcs esante pays de la loire,2,0.0697,0.1922,0.0445,0.0348,0
NAME:communes de grand lieu,4,0.0688,0.2175,0.0203,0.0172,0
SIREN:200067346,2,0.0677,0.1893,0.0359,0.0339,0
SIREN:832970024,2,0.0666,0.1754,0.0586,0.0333,0
NAME:conseil general de loire atlantique,4,0.065,0.2073,0.022,0.0162,0
NAME:insee,2,0.0649,0.1815,0.0426,0.0324,0
NAME:oniris,2,0.0646,0.1819,0.0369,0.0323,0
SIREN:535164412,3,0.0643,0.1907,0.0395,0.0214,0
SIREN:218500478,2,0.0634,0.1792,0.0361,0.0317,0
NAME:dgac dsna,1,0.0626,0.154,0.0626,0.0626,0
SIREN:130023435,1,0.0626,0.154,0.0626,0.0626,0
SIREN:200078079,1,0.0626,0.154,0.0626,0.0626,0
NAME:comcom estuaire et sillon,2,0.0618,0.1729,0.0442,0.0309,0
NAME:cte de communes du pays des herbiers,2,0.0611,0.1733,0.0388,0.0306,0
SIREN:327822177,1,0.0606,0.1501,0.0606,0.0606,0
SIREN:130026123,2,0.0604,0.1728,0.0302,0.0302,0
NAME:agence regionale pays de la loire ti,2,0.0588,0.169,0.0305,0.0294,0
NAME:communes de nozay,1,0.0585,0.146,0.0585,0.0585,0
SIREN:218502888,3,0.0579,0.1669,0.0448,0.0193,0
NAME:cg49,3,0.0572,0.1777,0.0223,0.0191,0
NAME:ville d orvault,5,0.0572,0.1936,0.0182,0.0114,0
SIREN:245300355,2,0.0566,0.1546,0.0493,0.0283,0
NAME:smictom de la vallee de l authion,2,0.0564,0.1625,0.0348,0.0282,0
SIREN:264900390,5,0.0562,0.1907,0.0159,0.0112,0
NAME:cte de cnes de l ile de noirmoutier,2,0.056,0.1623,0.0318,0.028,0
NAME:epf de la vendee,2,0.0559,0.1599,0.0389,0.028,0
SIREN:502035785,1,0.0548,0.1387,0.0548,0.0548,0
SIREN:535104756,1,0.0546,0.1383,0.0546,0.0546,0
NAME:universite du maine,2,0.0531,0.1543,0.0343,0.0266,0
SIRET:83095506800044,1,0.0528,0.1348,0.0528,0.0528,0
SIREN:287200265,4,0.0527,0.1711,0.0273,0.0132,0
NAME:epsilon centrale d achat informatique,1,0.051,0.1311,0.051,0.051,0
SIREN:831928452,2,0.0505,0.1453,0.0388,0.0253,0
SIREN:200071876,2,0.0502,0.1468,0.0343,0.0251,0
NAME:chbr reg metiers artisanat nouv aquit,2,0.0497,0.1472,0.0283,0.0248,0
SIREN:174404301,2,0.0491,0.1384,0.0422,0.0246,0
SIREN:244400404,3,0.0484,0.1538,0.0204,0.0161,0
SIREN:200054336,3,0.0481,0.1519,0.0271,0.016,0
NAME:communes vie et boulogne,1,0.0476,0.1241,0.0476,0.0476,0
SIREN:214900201,2,0.0469,0.1401,0.0281,0.0234,0
SIREN:865800767,3,0.0455,0.1468,0.0182,0.0152,0
NAME:maine loire habitat office pub habitat,3,0.0451,0.1443,0.0251,0.015,0
NAME:vendee habitat oph de vendee,2,0.045,0.1331,0.0335,0.0225,0
NAME:sictiam,1,0.0445,0.1177,0.0445,0.0445,0
SIREN:576150270,1,0.0443,0.1172,0.0443,0.0443,0
NAME:syndicat mixte gigalis,1,0.0442,0.1171,0.0442,0.0442,0
SIREN:110043015,1,0.0442,0.1171,0.0442,0.0442,0
SIREN:834692402,1,0.0442,0.1172,0.0442,0.0442,0
NAME:esat foyers,3,0.0436,0.1424,0.0167,0.0145,0
SIREN:191700327,3,0.0428,0.1397,0.0181,0.0143,0
SIREN:215601071,1,0.0427,0.1139,0.0427,0.0427,0
NAME:geves,1,0.0426,0.1138,0.0426,0.0426,0
NAME:inserm,1,0.0422,0.1129,0.0422,0.0422,0
SIREN:213500515,1,0.0417,0.1118,0.0417,0.0417,0
SIREN:172104309,1,0.0414,0.1112,0.0414,0.0414,0
NAME:bretagne developpement innovation,1,0.0413,0.1109,0.0413,0.0413,0
NAME:mairie du croisic,2,0.0408,0.1256,0.0219,0.0204,0
NAME:synd dep d energie et d eqpt de vendee,3,0.0403,0.1331,0.0189,0.0134,0
NAME:sgami ouest,2,0.0402,0.124,0.0231,0.0201,0
SIREN:200082139,1,0.0397,0.1074,0.0397,0.0397,0
SIREN:264400268,2,0.0396,0.1213,0.0267,0.0198,0
NAME:gip vendee numerique,2,0.0394,0.1199,0.0287,0.0197,0
NAME:groupement d achats de l herm,1,0.0388,0.1056,0.0388,0.0388,0
NAME:ircec,1,0.0388,0.1056,0.0388,0.0388,0
SIREN:200071553,1,0.0388,0.1056,0.0388,0.0388,0
SIREN:200071678,1,0.0388,0.1056,0.0388,0.0388,0
SIREN:242900769,3,0.0388,0.1298,0.0141,0.0129,0
SIREN:184503019,1,0.0387,0.1054,0.0387,0.0387,0
NAME:acoss,1,0.0386,0.105,0.0386,0.0386,0
NAME:conseil general de la sarthe,3,0.0384,0.1287,0.0137,0.0128,0
NAME:groupe d etude et de controle des vari,1,0.0384,0.1047,0.0384,0.0384,0
SIREN:575850490,1,0.0383,0.1044,0.0383,0.0383,0
NAME:cte de communes de la blain,2,0.0382,0.1188,0.0218,0.0191,0
NAME:syndicat departemental d energie,3,0.0381,0.1261,0.0188,0.0127,0
NAME:cmar pays de la loire,2,0.0377,0.1151,0.0283,0.0188,0
NAME:ville d ecouflant,2,0.0374,0.1168,0.0214,0.0187,0
SIREN:214401325,2,0.0373,0.1142,0.0279,0.0186,0
NAME:cte cnes coeur d estuaire,2,0.0372,0.1164,0.0223,0.0186,0
SIREN:130025919,1,0.0368,0.1012,0.0368,0.0368,0
SIREN:213502883,1,0.0361,0.0996,0.0361,0.0361,0
NAME:chambre reg agri pays de la loire,1,0.036,0.0994,0.036,0.036,0
NAME:cc du pays de st fulgent les essarts,1,0.0349,0.097,0.0349,0.0349,0
SIREN:214401317,2,0.0344,0.1063,0.0266,0.0172,0
NAME:ctre national d enst a distance,1,0.0343,0.0956,0.0343,0.0343,0
SIREN:200084655,1,0.0343,0.0956,0.0343,0.0343,0
SIREN:214400434,1,0.0343,0.0957,0.0343,0.0343,0
NAME:ville des sables d olonne,1,0.0342,0.0954,0.0342,0.0342,0
SIREN:244400438,1,0.0342,0.0953,0.0342,0.0342,0
SIREN:214401580,2,0.034,0.1033,0.0288,0.017,0
NAME:cci metropolitaine bretagne ouest,2,0.0336,0.1072,0.0189,0.0168,0
NAME:ars pays de la loire,1,0.0335,0.0938,0.0335,0.0335,0
NAME:rennes 1,1,0.0335,0.0938,0.0335,0.0335,0
SIREN:555650308,1,0.0335,0.0938,0.0335,0.0335,0
NAME:dreal bretagne,2,0.0334,0.1068,0.0167,0.0167,0
SIREN:538208455,1,0.0329,0.0925,0.0329,0.0329,0
NAME:gie loire ocean,1,0.0325,0.0915,0.0325,0.0325,0
NAME:rectorat division scus,1,0.0323,0.0911,0.0323,0.0323,0
NAME:mindef dga do s2a,2,0.0321,0.1031,0.0186,0.016,0
NAME:drac pays de la loire,1,0.0315,0.0894,0.0315,0.0315,0
NAME:la garnache,1,0.0315,0.0892,0.0315,0.0315,0
NAME:laval spla,1,0.0315,0.0893,0.0315,0.0315,0
SIREN:200054302,3,0.0311,0.1073,0.0139,0.0104,0
NAME:cte cnes du pays de chateau de gontier,1,0.031,0.0881,0.031,0.031,0
SIREN:198513905,4,0.031,0.1105,0.0154,0.0078,0
SIREN:200006971,1,0.0307,0.0876,0.0307,0.0307,0
NAME:semitan mandataire de la cun,1,0.0305,0.087,0.0305,0.0305,0
NAME:caf de la somme,2,0.03,0.0976,0.0163,0.015,0
NAME:syndicat trivalis,3,0.03,0.1046,0.0103,0.01,0
SIREN:264900259,1,0.03,0.0859,0.03,0.03,0
SIREN:409104007,2,0.0297,0.0936,0.024,0.0148,0
NAME:plate forme achats finances nord est,1,0.0295,0.0847,0.0295,0.0295,0
SIREN:130013097,1,0.0295,0.0847,0.0295,0.0295,0
NAME:d angers,2,0.029,0.0907,0.0247,0.0145,0
NAME:crdc le lieu unique,1,0.0284,0.0822,0.0284,0.0284,0
SIREN:214401721,1,0.0284,0.0822,0.0284,0.0284,0
NAME:cc du pays de chantonnay,1,0.0283,0.0819,0.0283,0.0283,0
NAME:nantes metropole habitat,2,0.0282,0.093,0.0141,0.0141,0
SIREN:200067635,1,0.028,0.0812,0.028,0.028,0
NAME:sydela,2,0.0272,0.0902,0.0142,0.0136,0
SIREN:200048551,1,0.0265,0.0777,0.0265,0.0265,0
SIREN:449073014,1,0.0262,0.077,0.0262,0.0262,0
SIREN:922749635,1,0.0259,0.0763,0.0259,0.0259,0
NAME:semitan mandataire de nantes metropole,1,0.0257,0.0758,0.0257,0.0257,0
SIREN:214400491,1,0.0257,0.0759,0.0257,0.0257,0
SIREN:172800013,1,0.0254,0.075,0.0254,0.0254,0
SIREN:268502424,1,0.0253,0.0748,0.0253,0.0253,0
NAME:agrocampus ouest,1,0.0252,0.0746,0.0252,0.0252,0
SIREN:784301525,1,0.0247,0.0734,0.0247,0.0247,0
NAME:iphv les hauts thebaudieres,2,0.0243,0.0812,0.017,0.0122,0
SIREN:211703004,1,0.0239,0.0714,0.0239,0.0239,0
SIREN:218501096,2,0.0238,0.0807,0.0126,0.0119,0
NAME:ville d arnage,2,0.0237,0.0799,0.0157,0.0118,0
SIREN:278000013,1,0.0237,0.0709,0.0237,0.0237,0
NAME:le grand t theatre loire atlantique,2,0.023,0.0777,0.0157,0.0115,0
NAME:sna ouest,1,0.0228,0.0688,0.0228,0.0228,0
NAME:cci de reg ctre val de loire,1,0.0226,0.0682,0.0226,0.0226,0
NAME:cci nantes saint nazaire,1,0.0226,0.0682,0.0226,0.0226,0
SIREN:180092025,1,0.0222,0.0673,0.0222,0.0222,0
NAME:ecole national sup d arts et metiers,1,0.0221,0.067,0.0221,0.0221,0
NAME:mindef ema dc sca pfaf co rennes,1,0.0221,0.0672,0.0221,0.0221,0
NAME:conservatoire du littoral,1,0.0213,0.0652,0.0213,0.0213,0
SIREN:214400475,2,0.0212,0.0733,0.0109,0.0106,0
NAME:o p h le mans habitat,1,0.021,0.0644,0.021,0.021,0
NAME:du marais poitevi,1,0.0208,0.0639,0.0208,0.0208,0
SIREN:200056679,1,0.0208,0.0638,0.0208,0.0208,0
NAME:saem vendee,1,0.0206,0.0634,0.0206,0.0206,0
SIREN:788058030,1,0.0204,0.0627,0.0204,0.0204,0
SIREN:482414216,1,0.0197,0.061,0.0197,0.0197,0
SIREN:214401358,1,0.0194,0.0602,0.0194,0.0194,0
SIREN:284900016,2,0.019,0.0672,0.0102,0.0095,0
NAME:hop intercommunal du baugeois et val,1,0.0188,0.0589,0.0188,0.0188,0
SIREN:214401200,1,0.0187,0.0584,0.0187,0.0187,0
NAME:cte de cnes de la vallee de clisson,1,0.0186,0.0583,0.0186,0.0186,0
NAME:sdis49,1,0.0185,0.0581,0.0185,0.0185,0
SIREN:254902505,2,0.0184,0.0654,0.0096,0.0092,0
NAME:ville d ancenis saint gereon,1,0.0181,0.057,0.0181,0.0181,0
SIREN:254901309,2,0.0177,0.0632,0.0097,0.0088,0
SIREN:281700252,1,0.0174,0.0552,0.0174,0.0174,0
SIREN:217200955,1,0.017,0.0542,0.017,0.017,0
SIREN:248500415,1,0.0167,0.0534,0.0167,0.0167,0
NAME:cerema dtermed,1,0.0162,0.0522,0.0162,0.0162,0
NAME:spic arena loire trelaze,1,0.0162,0.0522,0.0162,0.0162,0
NAME:dirisi,2,0.016,0.058,0.0085,0.008,0
SIREN:451324974,1,0.016,0.0514,0.016,0.016,0
NAME:cte reg peches maritimes elevages mari,1,0.0157,0.0508,0.0157,0.0157,0
NAME:dir interregionale sces penitentiaires,2,0.0155,0.0559,0.0103,0.0078,0
NAME:inra formation permanente nationale,1,0.0154,0.05,0.0154,0.0154,0
SIREN:188500490,1,0.0149,0.0487,0.0149,0.0149,0
NAME:mindef dga dt scat,1,0.0147,0.0482,0.0147,0.0147,0
NAME:sm megalis,1,0.0146,0.0477,0.0146,0.0146,0
NAME:prefecture,1,0.0144,0.0473,0.0144,0.0144,0
NAME:syndicat mixte pour le dvlpt numerique,1,0.0144,0.0473,0.0144,0.0144,0
NAME:com communes du pays d ancenis,1,0.0141,0.0465,0.0141,0.0141,0
SIREN:173501115,1,0.0141,0.0464,0.0141,0.0141,0
NAME:institut 4 10,1,0.0139,0.0458,0.0139,0.0139,0
NAME:cci de maine et loire,1,0.0137,0.0454,0.0137,0.0137,0
NAME:cpam de la sarthe,1,0.0137,0.0454,0.0137,0.0137,0
NAME:hopital intercommunal sevre et loire,1,0.0137,0.0454,0.0137,0.0137,0
SIREN:403040850,1,0.0137,0.0454,0.0137,0.0137,0
SIREN:523699148,1,0.0137,0.0454,0.0137,0.0137,0
NAME:ccas d angers,1,0.0135,0.0448,0.0135,0.0135,0
SIREN:130031487,1,0.0134,0.0446,0.0134,0.0134,0
NAME:dreal pays de la loire,1,0.0132,0.0441,0.0132,0.0132,0
SIREN:200033298,1,0.0132,0.0441,0.0132,0.0132,0
NAME:sgami ouest bzamp,1,0.0131,0.0437,0.0131,0.0131,0
NAME:cesame de sainte gemmes sur loire,1,0.0128,0.0429,0.0128,0.0128,0
SIREN:794885913,1,0.0127,0.0427,0.0127,0.0127,0
NAME:cte d agglomeration du choletais,1,0.0126,0.0423,0.0126,0.0126,0
SIREN:219300779,1,0.0126,0.0423,0.0126,0.0126,0
NAME:ville d evron,1,0.0122,0.0413,0.0122,0.0122,0
NAME:comsopgn,1,0.012,0.0407,0.012,0.012,0
SIREN:777739160,1,0.0119,0.0403,0.0119,0.0119,0
SIREN:214400418,1,0.0115,0.0393,0.0115,0.0115,0
SIREN:218502268,1,0.0113,0.0386,0.0113,0.0113,0
NAME:dsna,1,0.0112,0.0384,0.0112,0.0112,0
SIREN:214401119,1,0.0112,0.0384,0.0112,0.0112,0
SIREN:828620831,1,0.0112,0.0384,0.0112,0.0112,0
NAME:cte de communes d erdre et gesvres,1,0.0111,0.038,0.0111,0.0111,0
NAME:residences saint alexandre,1,0.0109,0.0374,0.0109,0.0109,0
NAME:sdegm,2,0.0109,0.0421,0.0057,0.0054,0
SIREN:200041333,1,0.0109,0.0376,0.0109,0.0109,0
SIREN:217200542,1,0.0103,0.0357,0.0103,0.0103,0
NAME:e c a s gendarmerie nationale,1,0.0102,0.0357,0.0102,0.0102,0
NAME:saelsi,1,0.0101,0.0352,0.0101,0.0101,0
NAME:cte de cnes du pays d ancenis,1,0.01,0.0349,0.01,0.01,0
SIREN:214402158,2,0.01,0.0391,0.0057,0.005,0
NAME:universite europeenne de bretagne,1,0.0097,0.0341,0.0097,0.0097,0
SIREN:200060010,1,0.0096,0.0339,0.0096,0.0096,0
NAME:mindef sga dcsid esid bordeaux,1,0.0094,0.0332,0.0094,0.0094,0
NAME:sisto,1,0.0094,0.0332,0.0094,0.0094,0
SIREN:247200348,1,0.0094,0.0332,0.0094,0.0094,0
SIREN:940022890,1,0.0094,0.0331,0.0094,0.0094,0
NAME:crous de rennes,1,0.0093,0.0331,0.0093,0.0093,0
NAME:vallet,1,0.0092,0.0327,0.0092,0.0092,0
NAME:comm comm de doue la fontaine,1,0.0088,0.0315,0.0088,0.0088,0
NAME:c h s de la sarthe,1,0.0086,0.0308,0.0086,0.0086,0
NAME:inst interdpt bassin sevre niortaise,1,0.0086,0.0308,0.0086,0.0086,0
SIREN:217201540,1,0.0086,0.0308,0.0086,0.0086,0
SIREN:217203207,1,0.0086,0.0308,0.0086,0.0086,0
NAME:communaute communes pays de redon,1,0.008,0.0292,0.008,0.008,0
NAME:synd mixte du pays de coutances,1,0.0078,0.0285,0.0078,0.0078,0
SIREN:180046013,1,0.0078,0.0285,0.0078,0.0078,0
SIREN:213503642,1,0.0078,0.0285,0.0078,0.0078,0
SIREN:265300087,1,0.0078,0.0284,0.0078,0.0078,0
SIREN:268504453,1,0.0078,0.0285,0.0078,0.0078,0
SIREN:791052491,1,0.0078,0.0284,0.0078,0.0078,0
SIREN:200053593,1,0.0073,0.027,0.0073,0.0073,0
NAME:pole sante sarthe et loire,1,0.0071,0.0264,0.0071,0.0071,0
SIREN:528848153,1,0.0071,0.0263,0.0071,0.0071,0
NAME:smirgeom est sarthe,1,0.0067,0.025,0.0067,0.0067,0
NAME:specialise de blain,1,0.0067,0.025,0.0067,0.0067,0
NAME:ville d avrille,1,0.0067,0.025,0.0067,0.0067,0
NAME:sictom loir et sarthe,1,0.0061,0.0231,0.0061,0.0061,0
NAME:centre de gestion fpt loire atlantique,1,0.0052,0.0202,0.0052,0.0052,0
NAME:les quinconces l espal,1,0.0052,0.0202,0.0052,0.0052,0
SIREN:130025158,1,0.0052,0.0202,0.0052,0.0052,0
SIREN:265300236,1,0.0047,0.0186,0.0047,0.0047,0
SIREN:515163749,1,0.0047,0.0186,0.0047,0.0047,0
