buyer_key,buyer_name,n_contracts,expected_renewals_12m,expected_renewals_24m,max_p12
SIREN:234400034,Conseil régional des Pays de la Loire,93,3.173825037156282,5.525686252134857,0.04819620134064817
SIREN:794304097,Nantes Métropole,93,2.422340907380208,4.243310595128417,0.04461811302205232
SIREN:264400136,CHU de Nantes,51,1.467198279452929,2.5631404985609185,0.044680197624669904
SIREN:228500013,Département de la Vendée,31,1.1307346857902794,1.965328246887043,0.04877007263357691
SIREN:244900015,Angers Loire Métropole,35,1.09549677815856,1.911680359201378,0.044680197624669904
SIREN:391722881,GIE SESAM Vitale,32,1.068034740107191,1.8615418577870266,0.044680197624669904
SIREN:935367433,Conseil départemental Loire-Atlantique,29,1.0286539418861174,1.7895450939452895,0.04466466875819375
SIREN:194909701,Université d'Angers,30,0.8798391371440883,1.5380748229987589,0.03880450103382149
SIREN:247200132,Le Mans Métropole - Communauté Urbaine,25,0.6858416782057756,1.1999362102829911,0.04069139838239033
SIREN:217500016,Ville du Mans,22,0.6797565768386868,1.1861205032112592,0.04610804673450952
SIREN:214401846,Commune de Saint-Nazaire,24,0.6525042466772268,1.1427458635969558,0.03811507362479338
SIREN:488538877,Le Mans Métropole,15,0.6075105652746944,1.0538581975432868,0.048753194848808246
NAME:ch mans,CH LE MANS,25,0.5453980448375336,0.9589618567619342,0.031916093877061846
SIREN:935367433,Conseil départemental Loire Atlantique,13,0.49703186374756525,0.863125775482125,0.04877007263357691
SIREN:227200029,Département de la Sarthe,15,0.4961694279625517,0.8646967516349822,0.04171737868886394
SIREN:130029747,Université de Nantes,18,0.4623885985472823,0.8106696794463718,0.03545645015267429
SIREN:227200029,DEPARTEMENT DE LA SARTHE,16,0.4467440460191443,0.7821160131993022,0.044633626458414066
SIREN:532458809,Ville d'Angers,15,0.4400350997408935,0.7692278961167581,0.036948828020445856
SIREN:284400017,SDIS 44,17,0.4379152413876173,0.7673746805833419,0.038939990346386844
SIREN:546650169,Vendée Expansion,10,0.426290103925658,0.7380554713734069,0.044680197624669904
NAME:ctre hosp universitaire angers,CTRE HOSP UNIVERSITAIRE ANGERS,19,0.4181204618274392,0.7352990213467018,0.027966411347055464
NAME:cnieg,CNIEG,17,0.4172684438482892,0.7325394676510723,0.03187115370701388
NAME:semitan,SEMITAN,16,0.4139167365058871,0.7257393755392012,0.03521480478449368
SIREN:225300011,DEPARTEMENT DE LA MAYENNE,12,0.40069862273124035,0.6982042369572687,0.04469573163757623
SIREN:110006012,Ministère des Affaires étrangères,12,0.3870240431910439,0.674851632240548,0.04464914503661832
SIREN:225300011,Conseil Départemental de la Mayenne,7,0.34130611951119505,0.5884056120489467,0.04877007263357691
SIRET:24440040400129,Nantes Métropole,8,0.33165271308130384,0.5746447393496358,0.047678457084533
SIREN:214401846,COMMUNE DE SAINT NAZAIRE,11,0.32856499728671107,0.5740472696054065,0.038762454816139824
SIREN:224900019,Département de Maine-et-Loire,11,0.3231679788704531,0.5645927008128748,0.04076003213787649
SIREN:214401622,Commune de Saint-Herblain,11,0.30849092166884373,0.5397735007276292,0.03687121937113391
SIRET:24440040400129,Nantes metropole,7,0.3083055196861352,0.5332694999155568,0.047678457084533
SIREN:180043010,Réseau Canopé,8,0.29470256764597025,0.512326942855223,0.048179512095675725
NAME:conseil general vendee,Conseil général de la Vendée,14,0.28814915632299076,0.5074014404105596,0.03001799798285587
SIREN:214401846,VILLE DE SAINT NAZAIRE,7,0.28553124564105614,0.4949661775350884,0.04877007263357691
SIREN:288500010,SDIS 85,10,0.27691077357781124,0.4846525060389737,0.03940821135294603
NAME:gpm nantes st nazaire,GPM de Nantes - St Nazaire,16,0.255121778690077,0.4509634208510389,0.021502137191613757
SIREN:214401093,Ville de Nantes,9,0.2485026567802976,0.4350383366234245,0.03920120900209367
SIREN:214401093,COMMUNE DE NANTES,9,0.22923845656082475,0.40186005799533575,0.03877736627837036
SIREN:524795564,CARENE,8,0.22263380439365332,0.38953812879169347,0.035708323222236604
SIREN:214400202,Ville de Bouguenais,6,0.21952404809371362,0.3819701644957588,0.03899449651314968
SIRET:23440003400026,Région des Pays de la Loire,5,0.21408648768875116,0.3704603893612951,0.048196375252723245
NAME:conseil departemental loire atlanti,CONSEIL DEPARTEMENTAL DE LOIRE-ATLANTI,8,0.21031476613901934,0.36864596815529227,0.031916093877061846
SIREN:451518641,VENDEE,6,0.20317145348981813,0.3533641466620572,0.04469573163757623
SIREN:381053768,La Cité des Congrès de Nantes,6,0.20213351926823786,0.35234990720376214,0.038709609032019476
SIREN:214400269,Ville de Carquefou,6,0.20036020286283485,0.34917764468638446,0.04076247745424022
NAME:arafer,ARAFER,9,0.19968396990331683,0.3513023538309783,0.023829803493669366
NAME:communaute agglomeration niortais,Communauté d'agglomération du Niortais,9,0.1922727493870222,0.33815281820688003,0.03189361613735686
NAME:agce enst fr etranger,AGCE POUR L ENST FR A L ETRANGER,8,0.18315012905688666,0.3218620412216199,0.027926872181841644
NAME:ademe,ADEME,8,0.1789763719158961,0.3145607350612436,0.031859928229823975
NAME:cd 44,CD 44,6,0.1708432881377281,0.29907309046731867,0.031904853092933116
SIRET:17440005100010,CHU NANTES,4,0.1641468182928334,0.28459137233608134,0.04716582866807317
SIREN:130001704,DIR INTERDEPARTEMENTALE ROUTES OUEST,4,0.16396400421248225,0.28414715373886024,0.04464914503661832
SIREN:285300018,Sdis de la Mayenne,5,0.15893509582775633,0.27744056337324075,0.03691000407960343
SIRET:83095506800044,Destination Angers,4,0.15793463624118942,0.27420606631801514,0.04123460187057304
SIREN:194401006,Ecole Centrale de Nantes,6,0.15731836955746492,0.2756001753601337,0.03624130547055482
SIREN:198513905,LYCEE POLYVALENT LEONARD DE VINCI,6,0.15610392851552768,0.2735100292193253,0.040891418974927984
SIRET:21490328800014,Ville de Saumur (49),4,0.15505425151854357,0.2693586297364148,0.039213727217814576
SIREN:287200265,SDIS de la Sarthe,5,0.14231951160340905,0.24875944397773375,0.03946334599916046
SIREN:200069474,COMMUNE DE OMBREE D ANJOU,4,0.13869590995152004,0.24147287650068794,0.041644706808834475
SIREN:214401432,Ville de Rezé,6,0.138519586960136,0.24349307932427844,0.028319530989338038
SIREN:200083392,Laval Agglomération,5,0.13776262075676626,0.24108219550837318,0.03875024973244323
SIREN:214401432,COMMUNE DE REZE,5,0.13650028012719106,0.23888273831123608,0.03544400811458537
NAME:com agglo reg nazairienne estuaire,COM D AGGLO REG NAZAIRIENNE ESTUAIRE,5,0.13558138425195088,0.23751388602939794,0.03189361613735686
NAME:crous nantes,CROUS de Nantes,5,0.1296245472248304,0.2270616838570414,0.031904853092933116
NAME:ccir pays loire,CCIR Pays de la Loire,8,0.12949224963731576,0.22881090276093807,0.02140358027303413
SIREN:353686934,CAP ATLANTIQUE,4,0.1291945716512608,0.22521370686632958,0.039895764124642685
SIRET:77811608700157,BATIMENT CFA NORMANDIE,3,0.12609429802661376,0.21841750022178796,0.0487027703835794
SIREN:214400475,Mairie de Coueron,5,0.12264631096289424,0.21537110888229205,0.02788076218609281
NAME:regie dept passages eau vendee,Régie Dépt Passages d'Eau de Vendée,6,0.12106237676543297,0.2132988654278397,0.024475761597990142
SIREN:529260903,SOCIETE PUBLIQUE REGIONALE ABBAYE DE FONTEVRAUD,3,0.1198167720004032,0.2079550655501845,0.040533485648648004
NAME:e collectivites vendee,e-Collectivités Vendée,5,0.11939097232095985,0.20962074728352031,0.03184870657633987
SIREN:225300011,Conseil départemental de la Mayenne,5,0.11858757505656137,0.20829192798886342,0.031049849494392934
SIREN:214402042,Ville de Thouaré-sur-Loire,4,0.11825644258844681,0.2066587349933121,0.03920120900209367
NAME:cdc pays saint gilles cx vie,CDC du Pays de Saint Gilles Cx de Vie,7,0.11660893670942274,0.20596234266923785,0.022625681326758573
SIRET:21440162200011,Mairie de Saint-Herblain,3,0.1163462215575366,0.20211298699624125,0.03900827660451611
NAME:ville orvault,Ville d'Orvault,7,0.1138596176949569,0.20122955197043657,0.02012362751044039
SIREN:264900390,Centre Hospitalier de Cholet,5,0.11188043476544018,0.19679029993426167,0.024875693141927502
SIREN:214900995,Ville de Cholet,4,0.1114710580047007,0.19501237261140192,0.036948828020445856
SIREN:248500589,LA ROCHE-SUR-YON AGGLOMERATION,4,0.11125668165033853,0.194762440074412,0.03281466599991423
SIREN:234400034,préfet de la région Pays de la Loire,3,0.11114780812667269,0.1932158354357454,0.04461811302205232
SIREN:865800767,Loire Ocean developpement,4,0.10901284383608534,0.1905729625279362,0.03658799994574724
NAME:sec gal adm min interieur ouest,SEC GAL POUR L ADM MIN INTERIEUR OUEST,5,0.10891618558578275,0.19158146013633326,0.027621423003312717
SIRET:13003051300019,Université de Rennes,3,0.10877025103742666,0.18926989757755874,0.03920002029587755
SIRET:24440040400129,Nantes métropole,3,0.1084429278219855,0.1887118406337126,0.038763946992135145
NAME:gie epl vendee,GIE des EPL de Vendée,4,0.10731589982340517,0.18801183329368742,0.03187115370701388
NAME:spr pays loire,SPR Pays de la Loire,4,0.10491507851794701,0.1839879345140082,0.02984643759194039
SIREN:200054336,COMMUNE DE MAUGES SUR LOIRE,4,0.10450090652373312,0.18311609243384497,0.03476196825496802
SIREN:258500222,Vendée Eau,4,0.10435627384166579,0.18273244938759525,0.03933939691893518
SIREN:218501914,VILLE DE LA ROCHE SUR YON,3,0.10308271166960603,0.1795030031728252,0.03917380814709159
SIREN:555650308,SPL Laval Mayenne Aménagements,3,0.10279422053103948,0.17910228728339506,0.039632253213387036
SIREN:200052702,MAIRIE DE BAUGE EN ANJOU,3,0.10192251804432173,0.1776731150830968,0.03784689053671053
NAME:soc publique reg abe fontevraud,SOC PUBLIQUE REG ABE DE FONTEVRAUD,4,0.1007951640662661,0.17680213375521803,0.02825756701526616
SIREN:200071900,Vendée Grand Littoral,3,0.09954818785677,0.17365848589409028,0.03631763823730294
SIREN:130026123,UNIVERSITE GUSTAVE EIFFEL,3,0.09800127367258837,0.17094206785806565,0.03631763823730294
SIREN:535164412,Loire Océan Métropole Aménagement,3,0.09770670890699107,0.1704536080305763,0.03910674874290465
NAME:chd vendee,CHD VENDEE,6,0.09767154938546452,0.17255935436382563,0.021411203055449635
SIRET:24850058900085,La Roche sur Yon Agglomération (85),2,0.09641956833325649,0.16629498942635235,0.048209784166628245
NAME:uniha gcs,UniHA GCS,3,0.09557978468947192,0.1669246460564563,0.031859928229823975
SIREN:214400558,Commune de La Baule,3,0.09554561477529677,0.16671295691143495,0.03625401686724883
SIRET:24440055200026,Cté de Cnes du Pays d'Ancenis,2,0.09543142167038865,0.164652672238369,0.047715710835194325
SIREN:246100663,Communauté urbaine d'Alençon,2,0.09493611554915538,0.16380886131039918,0.050286970512537055
SIRET:12002701600563,INSEE,2,0.09442015925378455,0.1629706559358417,0.047210079626892276
SIRET:47865038500014,CNIEG (Caisse Nationale des Industries Electriques et Gazières),2,0.094403794548932,0.16294342596217504,0.047210079626892276
SIRET:26720016000013,CH DU MANS,2,0.09429895708625713,0.1627689753610102,0.047149478543128565
NAME:audencia eesc,AUDENCIA EESC,3,0.09289610792604308,0.16231843796955903,0.0348557551296087
NAME:communaute communes grand lieu,Communauté de Communes de Grand Lieu,4,0.09097423005166039,0.1599162910748514,0.026655121834871065
SIREN:983291931,MASH,2,0.09041419264826267,0.15627949144055997,0.04766176606474126
SIRET:45151864100035,SAEM VENDEE - Vendée Globe,2,0.08860480687903471,0.15322291875245164,0.04872557489027318
NAME:conseil general loire atlantique,Conseil général de Loire-Atlantique,4,0.08860227682704735,0.1557842452251098,0.02789725344420102
SIRET:17440005100010,GIE SESAM VITALE,2,0.08747068504460231,0.15134676321609708,0.047149478543128565
SIREN:200014926,Territoire d'énergie Loire-Atlantique,2,0.08737397926990975,0.15117304294555922,0.047727874233818746
SIREN:200067346,CA PORNIC AGGLO PAYS DE RETZ,3,0.08736476402085491,0.15259949189289412,0.03688414325038314
SIRET:21850128600015,Ville de Luçon (85),2,0.08652318270808546,0.14972837680827544,0.048209784166628245
SIRET:13002974700016,Nantes Université,2,0.08619736603763328,0.14920320666137166,0.04716582866807317
SIREN:244400404,METROPOLE NANTES METROPOLE,3,0.0861527410013162,0.1505965185210959,0.03625401686724883
NAME:saint nazaire agglomeration carene,Saint-Nazaire Agglomération -  la CARENE,3,0.08534306709077988,0.14943995802260723,0.02844768903025996
SIREN:411516768,C.S.T.B.,2,0.08371984287787892,0.14507416237989434,0.04458710156874224
NAME:dir ouest,DIR Ouest,4,0.08301718093201638,0.14615177554213432,0.027008762815674325
SIREN:830955068,ANGERS LOIRE TOURISME EXPO CONGRES,2,0.08287756316965778,0.14365255519360243,0.04469573163757623
NAME:ubs,UBS,3,0.08284845538123986,0.14516401554001512,0.02825756701526616
SIREN:445400104,ASSOCIATION E-TOILE,3,0.08283492141808979,0.14512930868496066,0.0301260203349617
SIRET:17440005100010,CA SAUMUR VAL DE LOIRE,2,0.08246920374114608,0.14299420996924428,0.04123460187057304
SIREN:130001704,DIR INTERDEPARTEMENTALE DES RTE OUEST,2,0.08094412129215467,0.14038655645255083,0.04466466875819375
SIRET:12001002000028,Casier judiciaire national,2,0.08063341826347192,0.13990942595131672,0.04032374845404807
SIRET:83095506800044,ANGERS LOIRE TOURISME EXPO CONGRES,2,0.07956238821554806,0.1381021465427198,0.04124898967409085
SIRET:24850058900317,La Roche sur Yon Agglomération (85),2,0.07915242521758359,0.13741043779246653,0.04124898967409085
SIREN:214401432,MAIRIE DE REZE,2,0.07912365287844336,0.1373676876464256,0.04033272149923506
SIREN:200083228,Commune d'Ancenis-Saint-Géréon,2,0.0791053507005991,0.1372697332877083,0.044711270798442726
SIRET:20007023300016,"Terres de Montaigu, Communauté d'Agglomération (85)",2,0.07865498826692163,0.13657452908707657,0.04079470720904865
SIRET:13002622200013,INESAAE - L'Institut Agro,2,0.0784000405917551,0.13615068949987807,0.03920002029587755
SIRET:24440043800127,Grand Lieu Communauté,2,0.07809037554564657,0.13562902039551772,0.03904518777282329
SIRET:21370261600011,Mairie Tours,2,0.0780767251423834,0.13560602163064117,0.03904518777282329
SIRET:39172288100052,GIE SESAM VITALE,2,0.0777263336651084,0.1348381017665583,0.047149478543128565
SIRET:38105376800028,La Cité des Congrès de Nantes,2,0.07756190559562848,0.1347384612200837,0.03878095279781424
NAME:shema,SHEMA,3,0.07384456712641196,0.12968540907766968,0.026053938697691348
SIREN:214400558,Mairie de La Baule-Escoublac,2,0.07367746252031993,0.12817656668066746,0.038208566122588605
SIREN:834692402,CENOVIA CITES,2,0.07299495328697037,0.1270222167911721,0.037899926978306575
SIREN:242900769,Concarneau Cornouaille Agglomération,3,0.07202840295954704,0.12650495052145538,0.028412376088064573
SIREN:100492784,CORLAB,2,0.07104487225265166,0.12369092409073201,0.03921491632271634
SIREN:200054302,MONTREVAULT-SUR-ÈVRE,3,0.07064547480442962,0.12409904047787035,0.02888782558950531
SIRET:28850001000013,SDIS 85,2,0.06897222868090724,0.12017334968432414,0.03836618644279555
NAME:ville alencon,Ville d'Alençon,3,0.06789237775131862,0.11924784164123792,0.03189361613735686
SIREN:538208455,Gcs E-Sante Pays de la Loire,2,0.06701425918184079,0.11688813552977129,0.03350712959092039
SIREN:214900201,Ville de Beaucouzé,2,0.06643601282649891,0.11590005382777013,0.034639679770926524
NAME:syndicat mixte gigalis,SYNDICAT MIXTE GIGALIS,3,0.06609113170692549,0.11622476023175543,0.02586864097418473
NAME:communaute cnes terres montaigu,Communauté de Cnes Terres de Montaigu,3,0.06550599088905618,0.1152474835936318,0.025248734754379498
NAME:semitan mandataire nantes metropole,SEMITAN mandataire de Nantes Métropole,3,0.06527558860394556,0.11479430112106426,0.027966411347055464
NAME:semitan mandataire nantes metropole,"SEMITAN, mandataire de Nantes Métropole",2,0.06461855090709245,0.11279651517324274,0.0348557551296087
SIREN:832970024,Institut Régional Administration Lyon,2,0.06298348650566887,0.109572034541776,0.04466466875819375
SIREN:258500222,VENDEE EAU,2,0.0626531230530536,0.10930202292319557,0.03920120900209367
SIREN:214401580,Mairie de Saint Etienne de Montluc,2,0.06263395635065805,0.10925178564863192,0.039604563486529964
SIREN:409104007,association songo,2,0.06176073242568858,0.10778117233082785,0.038723151384889465
SIREN:831928452,FONDATION PARTENARIALE POLYTECH,2,0.06123579745513419,0.10689660983298188,0.038181831532081545
SIRET:17350005900014,Direction interdépartementale des routes ouest DIR Ouest,2,0.061212084476223394,0.1070068659824488,0.030606042238111697
NAME:cte communes region blain,Cté de Communes de la Région de Blain,3,0.06083501852977069,0.10719154265102881,0.021426456587355425
SIREN:200082139,COMMUNE LES SABLES D OLONNE,2,0.06077175060872464,0.10614251623167814,0.03692294103226845
SIREN:254902505,ANGERS NANTES OPERA syndicat mixte,3,0.060099072136432174,0.1059020897377313,0.023435253124156286
SIREN:214400558,VILLE DE LA BAULE-ESCOUBLAC,2,0.05946111668278076,0.10387758813110626,0.036977165297254366
NAME:syndicat departemental energie,Syndicat Départemental d'Energie,3,0.05897560972595173,0.1038634732288416,0.025813681731964966
SIREN:200071876,CA SAUMUR VAL DE LOIRE,2,0.0582743346453054,0.1019867978780521,0.02933542629262742
NAME:ville ecouflant,Ville d'Ecouflant,2,0.05824560571616333,0.10193563563973707,0.03001799798285587
NAME:cg49,CG49,3,0.05759044687030901,0.10156196619005742,0.020197360351436378
SIREN:191700327,Université de La Rochelle,3,0.05712818362659844,0.10076584662185761,0.019408144837082753
NAME:vendee habitat oph vendee,Vendée Habitat - OPH de Vendée,3,0.05683147577213321,0.10010445931649903,0.027192372084754557
SIREN:218502888,Ville de Talmont - Saint Hilaire,2,0.05518776464807906,0.09640141207556319,0.038208566122588605
NAME:conseil general sarthe,Conseil Général de la Sarthe,3,0.054587763656197996,0.09634138202489517,0.02019016080327818
NAME:mairie croisic,Mairie du croisic,2,0.05436760350082115,0.09528326344726856,0.02914572079775768
SIREN:214401317,Commune de Pornic,2,0.054062874529401395,0.09472764503448783,0.031049849494392934
SIREN:174404301,Rectorat de l'Académie de Nantes,2,0.05365228764632679,0.09402792155139261,0.030598321723274147
NAME:cap atlantique,Cap Atlantique,2,0.05352612729678119,0.09384854939166876,0.027230900468168895
SIREN:599200136,Sembreizh société,2,0.05276495145564142,0.092541798601955,0.02638247572782071
NAME:garnache,LA GARNACHE,2,0.05273323120571838,0.0924744932414776,0.02856075314113149
SIREN:264400268,Centre Hospitalier de Saint-Nazaire,2,0.052361338116033274,0.09162230815672123,0.03539428200572703
SIREN:200041333,Communauté Communes Parthenay-Gâtine,2,0.05216107703575501,0.09149545761464262,0.02788076218609281
NAME:gcs esante pays loire,GCS eSanté Pays de la Loire,2,0.052060473567910104,0.0912410149233126,0.03184870657633987
SIREN:317665420,DRAGAGES PORTS,2,0.05192289159755059,0.09107798829510916,0.028462642748599776
SIRET:25440253000011,"Direction Cybersécurité, Cloud et IA",1,0.04978235414560439,0.0857570259621937,0.04978235414560439
NAME:maine loire habitat office pub habitat,MAINE LOIRE HABITAT OFFICE PUB HABITAT,3,0.04978079077358366,0.08795685811210463,0.0187296734166581
NAME:syndicat trivalis,Syndicat Trivalis,3,0.04914685011496478,0.08686739761228701,0.017214184206454375
NAME:universite maine,Université du Maine,2,0.04890354811089759,0.0858888955763435,0.026285911949868956
SIREN:257202176,Syndicat Mixte pour le Développement Numérique,1,0.048753194848808246,0.0840499397001675,0.048753194848808246
SIREN:412238065,SPL LE MANS EVENEMENTS,1,0.048753194848808246,0.0840499397001675,0.048753194848808246
SIRET:17440005100010,Tribunal administratif de Nantes,1,0.04872557489027318,0.08400408909610513,0.04872557489027318
SIRET:54665016900057,Vendée Expansion - SEM,1,0.04872557489027318,0.08400408909610513,0.04872557489027318
SIRET:47865038500014,CNIEG,1,0.0487027703835794,0.08396623094598266,0.0487027703835794
NAME:oniris,ONIRIS,2,0.048667610515122584,0.08546973727441654,0.027173127769058114
SIREN:218501096,Commune des Herbiers,2,0.04850034210234011,0.08520298285798156,0.024271695945570326
SIRET:20007187600011,Communauté d'agglomération Saumur Val de Loire (49),1,0.048226483366450634,0.08317523828418771,0.048226483366450634
SIRET:05720113900045,PODELIHA,1,0.048226483366450634,0.08317523828418771,0.048226483366450634
SIRET:19561718800600,"UNIVERSITÉ  BRETAGNE SUD
Direction des affaires financières",1,0.048226483366450634,0.08317523828418771,0.048226483366450634
SIRET:80355563000018,E-TOILE Coordonnateur groupement comm,1,0.048226483366450634,0.08317523828418771,0.048226483366450634
SIREN:218501914,Ville de La Roche-sur-Yon,2,0.048221654063371644,0.0847213038114003,0.024794727069931022
SIRET:20005889900010,COMMUNE DE BEAUFORT-EN-ANJOU,1,0.048209784166628245,0.08314749471317617,0.048209784166628245
SIRET:80355563000018,Association E-TOILE,1,0.048209784166628245,0.08314749471317617,0.048209784166628245
SIRET:51532951400035,France Velo Tourisme,1,0.048209784166628245,0.08314749471317617,0.048209784166628245
SIRET:20004248900019,Syndicat Départemental d'Energie et d'Equipement de la Vendée (85),1,0.048209784166628245,0.08314749471317617,0.048209784166628245
SIRET:17440005100010,Département de Maine-et-Loire,1,0.048196375252723245,0.08312521701799558,0.048196375252723245
SIREN:284900016,SDIS 49,2,0.04780981502686388,0.08401180646782136,0.024374561902707592
SIRET:24490001500011,Angers Loire Metropole (49),1,0.047678457084533,0.0822643946694398,0.047678457084533
NAME:synd dep energie eqpt vendee,SYND DEP D ENERGIE ET D EQPT DE VENDEE,3,0.04733080265168921,0.08368955977350345,0.017226500378807685
SIRET:21440114300018,Ville d'Orvault,1,0.047210079626892276,0.08148532796792085,0.047210079626892276
NAME:epf vendee,EPF de la Vendée,2,0.047189197742423805,0.0829112886416592,0.026970223657196923
SIRET:11001001400014,Ministère de la justice - SG/2S2M/SDIT,1,0.047149478543128565,0.0813844876805051,0.047149478543128565
SIRET:20004131700013,Communauté d'Agglomération du Niortais,1,0.047149478543128565,0.0813844876805051,0.047149478543128565
NAME:smictom vallee authion,SMICTOM de la Vallée de l'Authion,2,0.04660541189467493,0.08191357613561356,0.02608179972526703
NAME:cte cnes ile noirmoutier,Cté de Cnes de l'Ile de Noirmoutier,2,0.04659366605199622,0.08190415714747001,0.02521293820264725
NAME:insee,INSEE,2,0.046511226573739184,0.08174661384190995,0.026313866222302806
SIRET:13000170400589,DIR Ouest,1,0.046198020923379324,0.07980003899050048,0.046198020923379324
NAME:inra angers nantes,INRA ANGERS NANTES,2,0.04607649227810706,0.08099983618627171,0.025850308582376247
NAME:sgami ouest,SGAMI OUEST,2,0.0455597949684069,0.08005744617504329,0.027927856435497334
NAME:cte communes pays herbiers,Cté de Communes du Pays des Herbiers,2,0.045446095105815876,0.0799149881096729,0.025248734754379498
NAME:sydela,SYDELA,2,0.045275509333317476,0.07963734678022671,0.0226417800454074
SIREN:327822177,CREHA Ouest,1,0.044680197624669904,0.07726766463400625,0.044680197624669904
SIREN:130023435,GROUPEMENT D INTERET PUBLIC PIX,1,0.044680197624669904,0.07726766463400625,0.044680197624669904
SIREN:200078079,Commune de VALLONS-DE-L'ERDRE,1,0.044680197624669904,0.07726766463400625,0.044680197624669904
SIREN:502035785,SRD,1,0.04464914503661832,0.07721579445358495,0.04464914503661832
SIREN:214401325,Ville de Pornichet,1,0.044602604726004524,0.077138049007075,0.044602604726004524
SIREN:172104309,Rectorat de l'Académie de Dijon,1,0.04458710156874224,0.07711214980347747,0.04458710156874224
NAME:dirisi,DIRISI,3,0.044159115643855884,0.07804080305395189,0.021426456587355425
NAME:esat foyers,ESAT Foyers,3,0.043453684300264084,0.07691541469222385,0.01595403185853017
NAME:comsopgn,COMSOPGN,2,0.043147632901681665,0.07590870007157224,0.025822833705490877
NAME:agence regionale pays loire ti,Agence Régionale Pays de la Loire TI,2,0.04279954041816769,0.07535468257152189,0.02140358027303413
NAME:chambre reg agri pays loire,CHAMBRE REG AGRI PAYS DE LA LOIRE,2,0.042692603817984676,0.0751238414431119,0.02546610343917699
NAME:geves,GEVES,2,0.04206428130972184,0.07400590845429811,0.026323190739338753
SIREN:264900259,EHPAD RESIDENCES LES LIGERIENNES,1,0.042041322404074544,0.0728508989324681,0.042041322404074544
SIREN:245300355,COMMUNAUTE DE COMMUNES DE L ERNEE,1,0.041688295392809605,0.07225867412868658,0.041688295392809605
NAME:sdis49,SDIS49,2,0.0416369760969576,0.07334003668256939,0.02140358027303413
SIRET:20007191800011,Communauté de Communes du Pays de Saint-Fulgent - Les Essarts (85),1,0.04124898967409085,0.07152126444762053,0.04124898967409085
SIRET:21850191400566,Ville de La Roche sur Yon (85),1,0.04124898967409085,0.07152126444762053,0.04124898967409085
SIRET:20005361900017,Commune de Beaupréau en Mauges,1,0.04123460187057304,0.07149710498462214,0.04123460187057304
SIRET:19753472000010,ECOLE NATIONALE SUPERIEURE D'ARTS ET METIERS,1,0.04123460187057304,0.07149710498462214,0.04123460187057304
SIRET:18440128900022,CCI Région Pays de la Loire,1,0.04123460187057304,0.07149710498462214,0.04123460187057304
SIRET:20009665900012,CIAS de La Roche-sur-Yon (85),1,0.041223048985540856,0.07147770542579024,0.041223048985540856
SIRET:17440005100010,REGION DES PAYS DE LA LOIRE,1,0.041223048985540856,0.07147770542579024,0.041223048985540856
SIREN:777739160,FONDAT REGION OUEST LIGUE CANCER,1,0.040848628075907056,0.07084879350193296,0.040848628075907056
SIREN:576150270,SEM CENOVIA,1,0.04073158788824183,0.07065212801197307,0.04073158788824183
SIREN:214401200,commune de Le Pellerin,1,0.040660560396515,0.07053276159121147,0.040660560396515
SIREN:214400434,Mairie de Clisson,1,0.040505192817949176,0.07027161077399213,0.040505192817949176
NAME:comcom estuaire sillon,Comcom Estuaire et Sillon,2,0.040442094552245345,0.07122050257450985,0.024475761597990142
NAME:syndicat mixte dvlpt numerique,SYNDICAT MIXTE POUR LE DVLPT NUMERIQUE,2,0.040437958237843796,0.07126218495740477,0.020233395823923472
SIRET:25440253000011,Groupement d'intérêt public GIGALIS,1,0.04033528900607797,0.06998595545890973,0.04033528900607797
SIREN:247200090,Communauté de communes du Pays Sabolien,1,0.04033272149923506,0.06998163819926062,0.04033272149923506
SIREN:214400558,Ville de La Baule Escoublac,1,0.04033272149923506,0.06998163819926062,0.04033272149923506
SIRET:17440005100010,GIE SESAM-Vitale,1,0.04032120650147375,0.06996227553559198,0.04032120650147375
SIRET:18009202500121,IMT Atlantique Bretagne - Pays de la Loire,1,0.040309669809423854,0.06994287605006,0.040309669809423854
SIRET:20008213900011,Ville des Sables d’Olonne,1,0.04029063728259741,0.0699108712194535,0.04029063728259741
SIREN:200006971,Communauté de Communes du Perche,1,0.04026477706786413,0.0698673835489888,0.04026477706786413
SIREN:214400418,Commune de la Chevrolière,1,0.03996859530969121,0.06936918842243256,0.03996859530969121
SIREN:214400491,COMMUNE DU CROISIC,1,0.039968132749449437,0.06936841019207007,0.039968132749449437
SIRET:28530001800030,SDIS 53,1,0.039893166546990266,0.06924227668200666,0.039893166546990266
SIRET:18450021300014,CROUS d'Orléans Tours,1,0.039893166546990266,0.06924227668200666,0.039893166546990266
SIRET:18009202500121,IMT ATLANTIQUE BRETAGNE - PAYS DE LA LOIRE,1,0.03987923198876153,0.06921882965634651,0.03987923198876153
SIRET:17440005100010,VILLE DE LAVAL,1,0.03985411690628338,0.06917656842390563,0.03985411690628338
NAME:cci nantes saint nazaire,CCI Nantes Saint-Nazaire,2,0.03966439002602318,0.06991319692857778,0.021418828493262487
SIREN:214401036,Mairie de Montoir de Bretagne,1,0.03965996150019846,0.06884980757679926,0.03965996150019846
SIREN:214401358,Ville du POULIGUEN,1,0.03965996150019846,0.06884980757679926,0.03965996150019846
SIRET:21490353600016,Ville de Trélazé (49),1,0.03962342957096798,0.06878831397783258,0.03962342957096798
SIREN:215601071,Ville de Larmor-plage,1,0.03942198808535391,0.06844916896574349,0.03942198808535391
SIREN:200014926,TERRITOIRE ENERGIE LOIRE ATLANTIQUE,1,0.03922862824062634,0.06812353159660822,0.03922862824062634
SIREN:233500016,Région Bretagne,1,0.03921491632271634,0.0681004356858057,0.03921491632271634
SIREN:535104756,URSSAF des Pays de la Loire,1,0.03921491632271634,0.0681004356858057,0.03921491632271634
SIRET:13002591900015,Office Français de la Biodiversité,1,0.039213727217814576,0.06809843277310812,0.039213727217814576
SIRET:19440100600011,Ecole Centrale de Nantes,1,0.039213727217814576,0.06809843277310812,0.039213727217814576
SIRET:21850047800209,Commune de Challans,1,0.03920002029587755,0.06807534474993904,0.03920002029587755
SIRET:17440005100010,NANTES UNIVERSITE,1,0.03920002029587755,0.06807534474993904,0.03920002029587755
SIRET:19350937900015,Université Rennes 2,1,0.03920002029587755,0.06807534474993904,0.03920002029587755
SIRET:23350001600040,Région Bretagne,1,0.039189014148783397,0.06805680557718552,0.039189014148783397
SIREN:860800077,Loire Atlantique Développement - GIE,1,0.03916011460990376,0.06800812460541672,0.03916011460990376
SIREN:924405756,INSERM,1,0.03914642566438664,0.06798506496656087,0.03914642566438664
SIREN:214401358,Ville de LE POULIGUEN,1,0.038736249405933454,0.067293880160058,0.038736249405933454
SIREN:200076396,PETR Pays Vallée du Loir,1,0.038736249405933454,0.067293880160058,0.038736249405933454
SIREN:180092025,Institut Mines-Télécom Atlantique,1,0.038709609032019476,0.06724897363471793,0.038709609032019476
SIRET:20008213900011,Ville des Sables d'Olonne,1,0.038709301525758466,0.06724845527400913,0.038709301525758466
NAME:destination rennes tourisme congres,DESTINATION RENNES Tourisme Congrès,2,0.03865911829843938,0.06816268984579865,0.021426456587355425
SIREN:200056679,COMMUNE DE VERRIERES EN ANJOU,1,0.03857377380705751,0.0670199735392778,0.03857377380705751
NAME:gip vendee numerique,GIP Vendée Numérique,2,0.038440040357227256,0.06777174753622883,0.022089585392393585
SIRET:13000190200068,SID Nord-Ouest,1,0.038379613447865446,0.06669256217137154,0.038379613447865446
SIRET:17350111500013,Société d'aménagement de la Métropole Ouest Atlantique,1,0.03836618644279555,0.06666991669309974,0.03836618644279555
SIRET:20007116500167,Les Sables d'Olonne Agglomération,1,0.03832989156164324,0.06660870078600001,0.03832989156164324
SIRET:17440005100010,Tribunal Administratif de Nantes,1,0.03832989156164324,0.06660870078600001,0.03832989156164324
SIRET:18440132100015,CROUS de Nantes Pays de la Loire,1,0.03831339854145721,0.06658088209509927,0.03831339854145721
SIRET:19561718800600,UNIVERSITE  BRETAGNE SUD,1,0.03831339854145721,0.06658088209509927,0.03831339854145721
SIRET:19561718800600,Universite bretagne Sud,1,0.03831339854145721,0.06658088209509927,0.03831339854145721
SIRET:20006001000051,Mauges Communauté,1,0.03831339854145721,0.06658088209509927,0.03831339854145721
SIRET:19561718800600,UNIVERSITE BRETAGNE SUD,1,0.03831339854145721,0.06658088209509927,0.03831339854145721
SIRET:17440005100010,REGION PAYS DE LA LOIRE,1,0.03827583361745268,0.06651751890640911,0.03827583361745268
SIREN:860800077,Loire Atlantique développement,1,0.0381951965811278,0.06638149086256662,0.0381951965811278
SIREN:200071553,CC Loire Layon Aubance,1,0.038181831532081545,0.06635894349866522,0.038181831532081545
SIREN:200071678,CA Agglomération du Choletais,1,0.038181831532081545,0.06635894349866522,0.038181831532081545
SIREN:233500016,CCI de région Bretagne,1,0.03816847097407006,0.06633640324911794,0.03816847097407006
SIREN:281700252,SDIS 17,1,0.03812841623245444,0.06626882516785049,0.03812841623245444
SIREN:784301525,IRCANTEC,1,0.03810173550127438,0.06622380865107125,0.03810173550127438
SIRET:12001201800111,Direction de l'administration pénitentiaire,1,0.03779233581016339,0.06570164571204185,0.03779233581016339
SIREN:254901309,SI ENERGIES DE MAINE ET LOIRE,2,0.037720038789515686,0.06654206539260454,0.019401221042040562
SIREN:200061778,Mayenne Très Haut Débit,1,0.03754128557561798,0.06527777480949837,0.03754128557561798
SIRET:26720016000013,CH LE MANS,1,0.03746218292949732,0.06514418478018336,0.03746218292949732
NAME:cmar pays loire,CMAR Pays de La Loire,2,0.0373565771747747,0.06589099004315757,0.021395960145133563
SIREN:172800013,PREFECTURE D'EURE-ET-LOIR,1,0.03704200692843951,0.06443431161316815,0.03704200692843951
SIREN:214401903,Ville de Saint Sébastien sur Loire,1,0.036948828020445856,0.06427682692978132,0.036948828020445856
SIREN:200084655,Ville de Château-Gontier,1,0.03689707148609067,0.06418934180137204,0.03689707148609067
SIREN:214401358,Ville de Le Pouliguen,1,0.03688414325038314,0.06416748785453152,0.03688414325038314
SIREN:798203576,SPL EAU DU BASSIN RENNAIS,1,0.03674136985567722,0.06392611421232253,0.03674136985567722
SIREN:200067635,Clisson Sèvre et Maine Agglo,1,0.036304905373977236,0.063187896068987,0.036304905373977236
SIREN:922749635,ENSA Nantes,1,0.03629217680664043,0.06316636006103249,0.03629217680664043
SIREN:439446386,VALLET,1,0.03621589554383964,0.06303728769946992,0.03621589554383964
SIREN:451324974,Ville du Croisic,1,0.03621589554383964,0.06303728769946992,0.03621589554383964
NAME:cc ocean marais monts,CC Océan Marais de Monts,2,0.03617141668118751,0.06384134216349491,0.019809253224927215
NAME:cte cnes coeur estuaire,Cté Cnes Coeur d'Estuaire,2,0.036152263469578116,0.06380386182303721,0.020197360351436378
NAME:chbr reg metiers artisanat nouv aquit,CHBR REG METIERS ARTISANAT NOUV AQUIT,2,0.03594879348650626,0.06344826345884791,0.020218974085226882
SIRET:20002377800018,Pays de Saint Gilles Croix de Vie Agglomération (85),1,0.03589748773350254,0.062498359605624776,0.03589748773350254
NAME:cte cnes pays ancenis,Cté de Cnes du Pays d'Ancenis,2,0.0357799600709513,0.06315811692799478,0.01980218922538135
SIREN:184503019,Agence de l'eau Loire-Bretagne,1,0.03577102251047415,0.062284234931219706,0.03577102251047415
NAME:ville sables olonne,ville des Sables d'Olonne,1,0.03555245505302018,0.061914069131942084,0.03555245505302018
SIREN:213500515,COMMUNE DE CESSON SEVIGNE,1,0.03546889639773132,0.061772521337969954,0.03546889639773132
SIREN:213502883,Ville de Saint-Malo,1,0.03544400811458537,0.061730357240053824,0.03544400811458537
NAME:spic arena loire trelaze,SPIC - ARENA LOIRE TRELAZE,2,0.03531299292365919,0.06234716679000363,0.01935237589401806
NAME:chu angers,CHU d'Angers,2,0.03504336570432698,0.06188150086492061,0.018716303010250734
SIREN:130025919,OFFICE FRANCAIS DE LA BIODIVERSITE,1,0.034576611669210555,0.06025986220715551,0.034576611669210555
SIREN:110043015,Ministère de l'éducation nationale,1,0.034381997372198936,0.059929663446672166,0.034381997372198936
SIREN:575850490,Mancelle d'habitation,1,0.03435784459142155,0.05988867693643263,0.03435784459142155
NAME:mindef dga do s2a,MINDEF/DGA/DO/S2A,2,0.03422950559807292,0.06046665336261714,0.017606745685748493
NAME:caf somme,CAF de la Somme,2,0.03415641130636049,0.06033636683883492,0.018219508190229883
SIREN:214401721,ville de Sainte-Luce-sur-Loire,1,0.03390060016725671,0.059112459970462106,0.03390060016725671
NAME:sdegm,SDEGM,2,0.0336387921798339,0.05943686321586117,0.01730003746719533
SIREN:200081115,Ville de Montaigu-Vendée,1,0.03322346573817481,0.057961953979298375,0.03322346573817481
NAME:iphv hauts thebaudieres,IPHV LES HAUTS THEBAUDIERES,2,0.03319285757927126,0.05862403884651668,0.020218974085226882
NAME:ville arnage,Ville d'Arnage,2,0.033190310888315366,0.05861971331657678,0.020211766991570235
NAME:grand t theatre loire atlantique,Le Grand T - Théâtre Loire-Atlantique,2,0.033185650485614615,0.058611537790553836,0.020211766991570235
SIREN:244400438,Grand Lieu Communauté,1,0.03237437156072809,0.05651757753496722,0.03237437156072809
NAME:dir interregionale sces penitentiaires,DIR INTERREGIONALE SCES PENITENTIAIRES,2,0.03230508766689377,0.057110538514704046,0.01633875471263857
NAME:dgac dsna,DGAC DSNA,1,0.031904853092933116,0.055718077469222305,0.031904853092933116
NAME:gie loire ocean,GIE Loire Océan,1,0.03187115370701388,0.05566067160267174,0.03187115370701388
NAME:sictiam,SICTIAM,1,0.03184870657633987,0.05562243195124161,0.03184870657633987
NAME:acoss,ACOSS,1,0.03182627473564659,0.055584217024648885,0.03182627473564659
SIREN:788058030,Adoma,1,0.03180753686190485,0.055552294133890845,0.03180753686190485
SIREN:130031487,Chambre Agriculture Pays de la Loire,1,0.03175155598658019,0.05545691648583906,0.03175155598658019
SIRET:11000201100044,Rectorat de NANTES,1,0.03161734979948727,0.05522822860393006,0.03161734979948727
SIRET:13002953100055,"Rectorat de la région académique Grand Est, rectorat de l'académie de Nancy-Metz",1,0.031602286271533164,0.055202557337084235,0.031602286271533164
NAME:cte communes erdre gesvres,Cté de Communes d'Erdre et Gesvres,2,0.03156804183545092,0.055822788944793755,0.016362163456260292
SIRET:19753472000010,Ecole Nationale Supérieure d'Arts et Métiers,1,0.03128773259657924,0.05466635861832703,0.03128773259657924
SIRET:17350111500864,SDIS44,1,0.03127670597005949,0.05464755754135564,0.03127670597005949
SIRET:17440005100010,Nantes Université,1,0.0312568322000919,0.054613670732520436,0.0312568322000919
SIRET:28440002500011,Centre de Gestion de la fonction publique territoriale de Loire-Atlantique,1,0.030616839894486048,0.05352186272635584,0.030616839894486048
SIRET:26490003600015,CHU ANGERS Etablissement support du Groupement Hospitalier de Territoire de Maine et Loire,1,0.030606042238111697,0.0535034329912244,0.030606042238111697
SIRET:13001044000019,I.F.C.E.,1,0.03058764280619497,0.05347202763009873,0.03058764280619497
SIRET:13000686900015,ACOSS,1,0.03057685512197983,0.0534536140860532,0.03057685512197983
SIREN:538208455,GCS E SANTE PAYS DE LA LOIRE,1,0.03011539039862432,0.052665650801009156,0.03011539039862432
SIREN:449073014,Syndicat Vendée des Iles,1,0.030083522391006645,0.05261121460463736,0.030083522391006645
NAME:communaute communes nozay,Communauté de Communes de Nozay,1,0.029867517049113834,0.05224216863223097,0.029867517049113834
NAME:cc pays st fulgent essarts,CC DU PAYS DE ST FULGENT LES ESSARTS,1,0.029856975517479234,0.05222415523345447,0.029856975517479234
SIREN:200071165,CA LES SABLES D OLONNE AGGLOMERATION,1,0.02976536552610165,0.05206759947442152,0.02976536552610165
SIREN:840423198,ANGERS LOIRE ECO,1,0.02935615576188233,0.05136801496868981,0.02935615576188233
NAME:drac pays loire,DRAC Pays de la Loire,1,0.029353784983132347,0.051363960599616676,0.029353784983132347
SIREN:218502268,Ville de Saint-Hilaire-de-Riez,1,0.029294009932313014,0.051261731847744074,0.029294009932313014
NAME:rectorat division scus,Rectorat Division Scus,1,0.029197245889592827,0.051096223604171986,0.029197245889592827
SIREN:200055812,Commune Bagnoles de l'Orne Normandie,1,0.029106574822640008,0.05094111451698191,0.029106574822640008
NAME:groupement transamo cenovia,GROUPEMENT TRANSAMO - CENOVIA,1,0.029104060243641983,0.050936812569861156,0.029104060243641983
SIREN:130013097,ECOLE NATIONALE SUPERIEURE MARITIME,1,0.028918464739229655,0.05061924922895056,0.028918464739229655
SIREN:218500478,Commune de Challans,1,0.028908248187719865,0.05060176554488682,0.028908248187719865
SIREN:268502424,C.H.D La Roche Sur Yon-Luçon-Montaigu,1,0.028898035138186673,0.05058428757786171,0.028898035138186673
SIREN:794885913,Saumur Agglopropreté,1,0.02887761954055179,0.050549348788339166,0.02887761954055179
SIREN:379774177,CIF GIE GEIPCI,1,0.028472706434784945,0.04985616186909869,0.028472706434784945
SIREN:753000611,SATT OUEST VALORISATION,1,0.028472706434784945,0.04985616186909869,0.028472706434784945
SIREN:217200955,ville de Coulaines,1,0.028452582515254954,0.049821699607904724,0.028452582515254954
SIREN:200033298,COMMUNAUTE de COMMUNES des COEVRONS,1,0.02842242252115479,0.04977004853685574,0.02842242252115479
NAME:sna ouest,SNA/ouest,1,0.028207652014827778,0.04940216957037713,0.028207652014827778
NAME:epsilon centrale achat informatique,EPSILON CENTRALE D'ACHAT INFORMATIQUE,1,0.02794663497293748,0.04895491071538638,0.02794663497293748
NAME:communaute communes vie boulogne,Communauté de Communes Vie et Boulogne,1,0.027936751880059507,0.048937972254878725,0.027936751880059507
NAME:crdc lieu unique,CRDC LE LIEU UNIQUE,1,0.027927856435497334,0.048922726286188434,0.027927856435497334
NAME:bretagne developpement innovation,Bretagne Développement Innovation,1,0.0279169958771891,0.048904112010018874,0.0279169958771891
NAME:groupe etude controle vari,Groupe d'étude et de contrôle des vari,1,0.02790712296500697,0.04888719022243493,0.02790712296500697
NAME:mte dgpr srn service central vigicrues,MTE/DGPR/SRN/service central Vigicrues,1,0.02766054201599122,0.04846447622665573,0.02766054201599122
NAME:lpo touchard washington,LPO Touchard Washington,1,0.027611327986818868,0.048380089257453074,0.027611327986818868
NAME:saelsi,SAELSI,1,0.027562845252865564,0.04829694995250633,0.027562845252865564
NAME:dreal bretagne,DREAL BRETAGNE,2,0.027499652441733913,0.048706667711853946,0.013749826220866956
NAME:nantes metropole habitat,Nantes Métropole Habitat,2,0.02747992192489046,0.048672096986075886,0.01373996096244523
SIREN:200048551,CC PAYS DE CRAON,1,0.027223619868043003,0.04771506396443026,0.027223619868043003
NAME:ircec,IRCEC,1,0.027211629648264957,0.04769449110262647,0.027211629648264957
NAME:ars pays loire,ARS Pays de La Loire,1,0.027192372084754557,0.04766144810762396,0.027192372084754557
NAME:universite rennes 1,université de Rennes 1,1,0.027192372084754557,0.04766144810762396,0.027192372084754557
NAME:cci metropolitaine bretagne ouest,CCI METROPOLITAINE BRETAGNE OUEST,2,0.026742904415207214,0.047379939898571255,0.013759698463699288
NAME:ctre national enst distance,CTRE NATIONAL D ENST A DISTANCE,1,0.026285911949868956,0.046104988077475983,0.026285911949868956
NAME:plate forme achats finances nord est,Plate Forme Achats Finances Nord Est,1,0.026267291823366845,0.04607299302119605,0.026267291823366845
NAME:mindef ema dc sca pfaf co rennes,MINDEF/EMA/DC SCA/PFAF CO Rennes,1,0.025831988837715203,0.04532474672884723,0.025831988837715203
NAME:sgami ouest bzamp,SGAMI OUEST BZAMP,1,0.025831988837715203,0.04532474672884723,0.025831988837715203
NAME:hop intercommunal baugeois val,HOP INTERCOMMUNAL DU BAUGEOIS ET VAL,1,0.025813681731964966,0.04529326741980999,0.025813681731964966
NAME:laval spla,LAVAL SPLA,1,0.025502393690602143,0.044757866848499805,0.025502393690602143
SIREN:264901893,CENTRE COMMUNAL D ACTION SOCIALE,1,0.02535700291934595,0.04450771317009816,0.02535700291934595
SIREN:211703004,Ville de La Rochelle,1,0.025312078099621438,0.04443040588163516,0.025312078099621438
NAME:groupement achats herm,Groupement d'achats de l'Herm,1,0.025248734754379498,0.044321394578780704,0.025248734754379498
SIREN:217902022,Ville de Parthenay,1,0.02484757221555922,0.043630761683096986,0.02484757221555922
SIREN:247200090,Communauté de communes de sablé,1,0.02484757221555922,0.043630761683096986,0.02484757221555922
SIREN:219300779,Ville de Villemomble,1,0.024829944982841523,0.04360040516207808,0.024829944982841523
SIREN:278000013,Baie de Somme Habitat,1,0.024829944982841523,0.04360040516207808,0.024829944982841523
SIREN:482414216,Le Voyage à Nantes,1,0.024821135937043493,0.043585234461804956,0.024821135937043493
NAME:cte cnes vallee clisson,Cté de Cnes de la Vallée de Clisson,1,0.024432358928773712,0.04291548679521673,0.024432358928773712
NAME:inra angers nantes,INRA Angers Nantes,1,0.024432358928773712,0.04291548679521673,0.024432358928773712
SIREN:940022890,CNDP,1,0.024365910378725708,0.0428009752083689,0.024365910378725708
SIREN:214401119,Commune de Notre Dame des Landes,1,0.024271695945570326,0.04263859411027038,0.024271695945570326
SIREN:828620831,SAINT NAZAIRE AGGLOMERATION TOURISME,1,0.024271695945570326,0.04263859411027038,0.024271695945570326
SIREN:268504453,Centre Hospitalier Loire Vendée Océan,1,0.0242372501535697,0.04257921994145897,0.0242372501535697
SIREN:213503642,Ville de Noyal-Châtillon sur Seiche,1,0.0242372501535697,0.04257921994145897,0.0242372501535697
SIREN:523699148,Ecole des Mines de Nantes,1,0.0242372501535697,0.04257921994145897,0.0242372501535697
NAME:plongeoir cite cirque,LE PLONGEOIR - CITE DU CIRQUE,1,0.02420711883726845,0.04252728002776529,0.02420711883726845
NAME:cte cnes pays chateau gontier,Cté cnes du Pays de Château de Gontier,1,0.02382134060552088,0.04186206669040371,0.02382134060552088
SIREN:173501115,Cour d'Appel de Rennes,1,0.023426926993440622,0.04118155122754219,0.023426926993440622
NAME:cte cnes portes briardes,Cté Cnes LES PORTES BRIARDES,1,0.023124563654957853,0.040659575792499125,0.023124563654957853
SIREN:244400586,COMMUNAUTE DE COMMUNES DU SUD ESTUAIRE,1,0.023062162630511418,0.040551821244713904,0.023062162630511418
SIREN:214402158,COMMUNE DE VERTOU,1,0.023037581040799116,0.04050937070865901,0.023037581040799116
SIREN:200052587,SYNDICAT MIXTE OUVERT ANJOU NUMERIQUE,1,0.023037581040799116,0.04050937070865901,0.023037581040799116
SIREN:860800077,Société Loire Atlantique Développement,1,0.023029392864128084,0.04049522999052613,0.023029392864128084
SIREN:241700434,COMMUNAUTE D AGGLOMERATION LA ROCHELLE,1,0.023029392864128084,0.04049522999052613,0.023029392864128084
SIREN:130025158,Casier judiciaire national,1,0.023029392864128084,0.04049522999052613,0.023029392864128084
SIREN:265300236,Centre hospitalier de Laval,1,0.023021207529177024,0.04048109400027633,0.023021207529177024
SIREN:515163749,CPAM de Loire-Atlantique,1,0.023021207529177024,0.04048109400027633,0.023021207529177024
SIREN:791052491,Ville d'Allonnes,1,0.02301302503500846,0.04046696273647399,0.02301302503500846
SIREN:214402158,Ville de Vertou,1,0.02301302503500846,0.04046696273647399,0.02301302503500846
SIREN:218502888,Ville de Talmont Saint Hilaire,1,0.02301302503500846,0.04046696273647399,0.02301302503500846
SIREN:265300087,Centre Hospitalier du Haut Anjou,1,0.02301302503500846,0.04046696273647399,0.02301302503500846
NAME:ecole national sup arts metiers,Ecole National Sup. d'Arts et Métiers,1,0.022633729287910076,0.03981171741716094,0.022633729287910076
SIREN:214400186,COMMUNE DE BOUAYE,1,0.022523972734883935,0.03962203751117821,0.022523972734883935
SIREN:211704150,Commune de Saintes,1,0.02251596290121738,0.039608193750538034,0.02251596290121738
SIREN:217200542,Commune de Champagné,1,0.022507955850368355,0.039594354627428,0.022507955850368355
SIREN:214401325,VILLE DE PORNICHET,1,0.02249995158141671,0.039580520140434006,0.02249995158141671
SIREN:247200348,Communauté de communes Pays Fléchois,1,0.02249995158141671,0.039580520140434006,0.02249995158141671
SIREN:217203207,MAIRIE DE SAINT SATURNIN,1,0.022491950093442625,0.03956669028814219,0.022491950093442625
SIREN:188500490,Chambre de Commerce et d'Industrie,1,0.022491950093442625,0.03956669028814219,0.022491950093442625
SIREN:217201540,Commune de La Flèche,1,0.022491950093442625,0.03956669028814219,0.022491950093442625
SIREN:403040850,Sarthe Habitat,1,0.02248395138552639,0.03955286506913902,0.02248395138552639
SIREN:180046013,Centre des monuments nationaux,1,0.02248395138552639,0.03955286506913902,0.02248395138552639
SIREN:214400459,MAIRIE DE CORDEMAIS,1,0.02173749739814157,0.03826191406316448,0.02173749739814157
NAME:centre gestion fonction publi,CENTRE DE GESTION DE LA FONCTION PUBLI,1,0.021426456587355425,0.03772354398523725,0.021426456587355425
NAME:cc pays chantonnay,CC DU PAYS DE CHANTONNAY,1,0.021395960145133563,0.03767074470622889,0.021395960145133563
SIREN:200058899,COMMUNE DE BEAUFORT EN ANJOU,1,0.021368004111884775,0.03762234150387589,0.021368004111884775
NAME:institut 4 10,INSTITUT 4.10,1,0.02053092813045443,0.03617204923157591,0.02053092813045443
NAME:espacil habitat,Espacil Habitat,1,0.020226183695730815,0.03564358930933087,0.020226183695730815
NAME:prefecture,Préfecture,1,0.020204562413920324,0.03560608614012839,0.020204562413920324
NAME:dreal pays loire,DREAL Pays de la Loire,1,0.020197360351436378,0.0355935935308922,0.020197360351436378
NAME:saem vendee,SAEM Vendée,1,0.02019016080327818,0.03558110514304935,0.02019016080327818
NAME:ccas angers,CCAS d'Angers,1,0.020079451396176173,0.035389050194028826,0.020079451396176173
NAME:semitan mandataire cun,"SEMITAN, mandataire de la CUN",1,0.020030091740299016,0.035303412061279626,0.020030091740299016
NAME:sm megalis,SM Mégalis,1,0.019788068629934874,0.034883411010030674,0.019788068629934874
SIREN:528848153,ALTER Public,1,0.01966970170170501,0.034677942288298236,0.01966970170170501
SIREN:927831396,Podeliha,1,0.019421999693983505,0.03424784310902229,0.019421999693983505
SIREN:248500415,Communauté Communes La Chataigneraie,1,0.019401221042040562,0.03421175640503915,0.019401221042040562
NAME:cesame ch sainte gemmes loire,CESAME - CH de Sainte Gemmes sur Loire,1,0.019131579742149074,0.03374335902308456,0.019131579742149074
SIREN:214400152,Mairie de Blain,1,0.018338458828084048,0.03236447763736705,0.018338458828084048
SIREN:200060010,MAUGES COMMUNAUTE,1,0.018331909506137944,0.032353084211015015,0.018331909506137944
SIREN:194401006,ECOLE CENTRALE DE NANTES,1,0.018318817747475125,0.03233030898756539,0.018318817747475125
SIREN:200053593,COMMUNE DE CHEMILLE EN ANJOU,1,0.0183122753092122,0.032318927188018653,0.0183122753092122
SIREN:245300355,Communauté de communes de l'Ernée,1,0.0183122753092122,0.032318927188018653,0.0183122753092122
NAME:cci reg ctre val loire,CCI DE REG CTRE VAL DE LOIRE,1,0.01824556153276069,0.032202859425148,0.01824556153276069
NAME:comcom vallees haut anjou,ComCom des Vallées du Haut-Anjou,1,0.01824556153276069,0.032202859425148,0.01824556153276069
NAME:etablissement public marais poitevi,ETABLISSEMENT PUBLIC DU MARAIS POITEVI,1,0.018239044771353297,0.032191521001246226,0.018239044771353297
NAME:c h s sarthe,C.H.S. de la Sarthe,1,0.018213000561656312,0.032146205887873425,0.018213000561656312
NAME:agrocampus ouest,Agrocampus Ouest,1,0.017983306388034803,0.031746474348071985,0.017983306388034803
NAME:centre gestion 87,CENTRE DE GESTION 87,1,0.017638242274020444,0.03114569806748002,0.017638242274020444
NAME:dir reg envir amenagement logt bretagn,DIR REG ENVIR AMENAGEMENT LOGT BRETAGN,1,0.017638242274020444,0.03114569806748002,0.017638242274020444
NAME:conservatoire littoral,Conservatoire du littoral,1,0.017631938532909563,0.031134719888854856,0.017631938532909563
NAME:mindef dga dt scat,MINDEF/DGA/DT/SCAT,1,0.017600452999542382,0.03107988515085003,0.017600452999542382
NAME:cnam,CNAM,1,0.017330995066598964,0.030610491089369862,0.017330995066598964
NAME:ville evron,Ville d'Evron,1,0.017312413982637942,0.03057811568555957,0.017312413982637942
NAME:dsna,DSNA,1,0.017306224638020784,0.030567331255431984,0.017306224638020784
NAME:e c s gendarmerie nationale,E.C.A.S. gendarmerie nationale,1,0.01730003746719533,0.030556550508918923,0.01730003746719533
NAME:sisto,SISTO,1,0.017214184206454375,0.030406945996763413,0.017214184206454375
NAME:cerema dtermed,CEREMA - DTerMed,1,0.017214184206454375,0.030406945996763413,0.017214184206454375
NAME:mindef sga dcsid esid bordeaux,MINDEF/SGA/DCSID/ESID Bordeaux,1,0.017214184206454375,0.030406945996763413,0.017214184206454375
NAME:synd mixte pays coutances,SYND MIXTE DU PAYS DE COUTANCES,1,0.017201876685483564,0.0303854977535728,0.017201876685483564
NAME:pole sante sarthe loire,Pole Santé Sarthe et Loire,1,0.017195726167436254,0.03037477912827302,0.017195726167436254
NAME:cte agglomeration choletais,Cté d'Agglomération du Choletais,1,0.017195726167436254,0.03037477912827302,0.017195726167436254
NAME:ec sup beaux arts tours angers mans,EC SUP BEAUX ARTS TOURS ANGERS MANS,1,0.01665252609298362,0.029427728269659892,0.01665252609298362
NAME:ville ancenis saint gereon,Ville d'Ancenis-Saint-Géréon,1,0.016640613337972843,0.029406949791581982,0.016640613337972843
NAME:o p h mans habitat,O.P.H LE MANS HABITAT,1,0.016378356619266676,0.028949418238255475,0.016378356619266676
NAME:sca pfaf so,SCA/PFAF SO,1,0.016362163456260292,0.028921161601454415,0.016362163456260292
NAME:crous rennes,CROUS de Rennes,1,0.01633875471263857,0.028880312706942246,0.01633875471263857
NAME:quinconces espal,Les Quinconces l'Espal,1,0.01633875471263857,0.028880312706942246,0.01633875471263857
NAME:centre gestion fpt loire atlantique,Centre de Gestion FPT Loire-Atlantique,1,0.01633875471263857,0.028880312706942246,0.01633875471263857
NAME:communaute communes huisne sarthoise,COMMUNAUTE COMMUNES HUISNE SARTHOISE,1,0.01597777084556995,0.028250197031992275,0.01597777084556995
NAME:inst interdpt bassin sevre niortaise,Inst. Interdpt bassin Sèvre Niortaise,1,0.01595490311814174,0.028210268292145013,0.01595490311814174
NAME:cci maine loire,CCI de Maine et Loire,1,0.015949191219072012,0.02820029467230689,0.015949191219072012
NAME:cpam sarthe,CPAM de la Sarthe,1,0.015949191219072012,0.02820029467230689,0.015949191219072012
NAME:hopital intercommunal sevre loire,Hopital Intercommunal Sèvre et Loire,1,0.015949191219072012,0.02820029467230689,0.015949191219072012
NAME:universite europeenne bretagne,Université Européenne de Bretagne,1,0.015712927536551624,0.02778767370568791,0.015712927536551624
NAME:inra formation permanente nationale,INRA - Formation permanente nationale,1,0.015707300882651043,0.02777784522169291,0.015707300882651043
NAME:com communes pays ancenis,Com Communes du Pays d'Ancenis,1,0.01373996096244523,0.024336048493037943,0.01373996096244523
NAME:centre hospitalier laval 53,Centre Hospitalier de Laval (53),1,0.01299253501949893,0.02302567395721955,0.01299253501949893
NAME:orchestre national pays loir,Orchestre National des Pays de la Loir,1,0.01299253501949893,0.02302567395721955,0.01299253501949893
NAME:sde35,SDE35,1,0.01299253501949893,0.02302567395721955,0.01299253501949893
NAME:comm comm doue fontaine,Comm Comm de Doué la Fontaine,1,0.012983205951507926,0.023009308709011744,0.012983205951507926
NAME:communaute communes pays redon,COMMUNAUTE COMMUNES PAYS DE REDON,1,0.012978543896745132,0.023001130344505794,0.012978543896745132
NAME:cte reg peches maritimes elevages mari,CTE REG PECHES MARITIMES ELEVAGES MARI,1,0.012978543896745132,0.023001130344505794,0.012978543896745132
NAME:centre hospitalier specialise blain,Centre Hospitalier Spécialisé de Blain,1,0.012969224742835905,0.0229847821300061,0.012969224742835905
NAME:ville avrille,Ville d'Avrillé,1,0.012969224742835905,0.0229847821300061,0.012969224742835905
NAME:residences saint alexandre,RESIDENCES SAINT ALEXANDRE,1,0.012964567642550384,0.022976612278139408,0.012964567642550384
NAME:sictom loir sarthe,SICTOM Loir et Sarthe,1,0.012964567642550384,0.022976612278139408,0.012964567642550384
NAME:smirgeom est sarthe,SMIRGEOM Est Sarthe,1,0.012011703336348378,0.021303769475823353,0.012011703336348378
