buyer_key,buyer_name,n_live_contracts,expected_renewals_12m,expected_renewals_24m,max_p12,high_risk_contracts
SIREN:234400034,Conseil régional des Pays de la Loire,93,3.1738250371562775,5.525686252134853,0.0481962013406481,0
SIREN:794304097,Nantes Métropole,93,2.422340907380204,4.243310595128412,0.0446181130220523,0
SIREN:264400136,CHU de Nantes,51,1.467198279452927,2.563140498560916,0.0446801976246699,0
SIREN:228500013,Département de la Vendée,31,1.130734685790278,1.9653282468870419,0.0487700726335769,0
SIREN:244900015,Angers Loire Métropole,35,1.0954967781585585,1.9116803592013765,0.0446801976246699,0
SIREN:391722881,GIE SESAM Vitale,32,1.0680347401071897,1.861541857787025,0.0446801976246699,0
SIREN:935367433,Conseil départemental Loire-Atlantique,29,1.0286539418861158,1.7895450939452884,0.0446646687581937,0
SIREN:194909701,Université d'Angers,30,0.8798391371440869,1.5380748229987575,0.0388045010338214,0
SIREN:247200132,Le Mans Métropole - Communauté Urbaine,25,0.6858416782057744,1.1999362102829898,0.0406913983823903,0
SIREN:217500016,Ville du Mans,22,0.679756576838686,1.1861205032112583,0.0461080467345095,0
SIREN:214401846,Commune de Saint-Nazaire,24,0.6525042466772255,1.1427458635969547,0.0381150736247933,0
SIREN:488538877,Le Mans Métropole,15,0.6075105652746938,1.0538581975432866,0.0487531948488082,0
NAME:ch mans,CH LE MANS,25,0.5453980448375323,0.958961856761933,0.0319160938770618,0
SIREN:935367433,Conseil départemental Loire Atlantique,13,0.49703186374756503,0.8631257754821245,0.0487700726335769,0
SIREN:227200029,Département de la Sarthe,15,0.4961694279625508,0.8646967516349817,0.0417173786888639,0
SIREN:130029747,Université de Nantes,18,0.4623885985472815,0.8106696794463708,0.0354564501526742,0
SIREN:227200029,DEPARTEMENT DE LA SARTHE,16,0.4467440460191438,0.7821160131993014,0.044633626458414,0
SIREN:532458809,Ville d'Angers,15,0.4400350997408929,0.7692278961167573,0.0369488280204458,0
SIREN:284400017,SDIS 44,17,0.4379152413876165,0.7673746805833411,0.0389399903463868,0
SIREN:546650169,Vendée Expansion,10,0.4262901039256577,0.7380554713734064,0.0446801976246699,0
NAME:ctre hosp universitaire angers,CTRE HOSP UNIVERSITAIRE ANGERS,19,0.4181204618274382,0.7352990213467009,0.0279664113470554,0
NAME:cnieg,CNIEG,17,0.4172684438482883,0.7325394676510713,0.0318711537070138,0
NAME:semitan,SEMITAN,16,0.4139167365058862,0.7257393755392003,0.0352148047844936,0
SIREN:225300011,DEPARTEMENT DE LA MAYENNE,12,0.4006986227312397,0.6982042369572683,0.0446957316375762,0
SIREN:110006012,Ministère des Affaires étrangères,12,0.3870240431910433,0.6748516322405474,0.0446491450366183,0
SIREN:225300011,Conseil Départemental de la Mayenne,7,0.34130611951119477,0.5884056120489467,0.0487700726335769,0
SIRET:24440040400129,Nantes Métropole,8,0.3316527130813038,0.5746447393496354,0.047678457084533,0
SIREN:214401846,COMMUNE DE SAINT NAZAIRE,11,0.32856499728671074,0.5740472696054061,0.0387624548161398,0
SIREN:224900019,Département de Maine-et-Loire,11,0.32316797887045257,0.5645927008128743,0.0407600321378764,0
SIREN:214401622,Commune de Saint-Herblain,11,0.3084909216688434,0.5397735007276288,0.0368712193711339,0
SIRET:24440040400129,Nantes metropole,7,0.3083055196861351,0.5332694999155567,0.047678457084533,0
SIREN:180043010,Réseau Canopé,8,0.2947025676459699,0.5123269428552226,0.0481795120956757,0
NAME:conseil general vendee,Conseil général de la Vendée,14,0.2881491563229897,0.5074014404105589,0.0300179979828558,0
SIREN:214401846,VILLE DE SAINT NAZAIRE,7,0.285531245641056,0.49496617753508826,0.0487700726335769,0
SIREN:288500010,SDIS 85,10,0.2769107735778106,0.4846525060389731,0.039408211352946,0
NAME:gpm nantes st nazaire,GPM de Nantes - St Nazaire,16,0.2551217786900763,0.4509634208510383,0.0215021371916137,0
SIREN:214401093,Ville de Nantes,9,0.2485026567802971,0.4350383366234241,0.0392012090020936,0
SIREN:214401093,COMMUNE DE NANTES,9,0.2292384565608243,0.4018600579953352,0.0387773662783703,0
SIREN:524795564,CARENE,8,0.222633804393653,0.3895381287916931,0.0357083232222366,0
SIREN:214400202,Ville de Bouguenais,6,0.2195240480937134,0.3819701644957586,0.0389944965131496,0
SIRET:23440003400026,Région des Pays de la Loire,5,0.214086487688751,0.3704603893612949,0.0481963752527232,0
NAME:conseil departemental loire atlanti,CONSEIL DEPARTEMENTAL DE LOIRE-ATLANTI,8,0.210314766139019,0.3686459681552919,0.0319160938770618,0
SIREN:451518641,VENDEE,6,0.20317145348981788,0.3533641466620569,0.0446957316375762,0
SIREN:381053768,La Cité des Congrès de Nantes,6,0.2021335192682376,0.3523499072037619,0.0387096090320194,0
SIREN:214400269,Ville de Carquefou,6,0.2003602028628347,0.3491776446863842,0.0407624774542402,0
NAME:arafer,ARAFER,9,0.1996839699033164,0.3513023538309778,0.0238298034936693,0
NAME:communaute agglomeration niortais,Communauté d'agglomération du Niortais,9,0.1922727493870217,0.3381528182068794,0.0318936161373568,0
NAME:agce enst fr etranger,AGCE POUR L ENST FR A L ETRANGER,8,0.1831501290568864,0.3218620412216195,0.0279268721818416,0
NAME:ademe,ADEME,8,0.17897637191589572,0.3145607350612432,0.0318599282298239,0
NAME:cd 44,CD 44,6,0.1708432881377278,0.2990730904673185,0.0319048530929331,0
SIRET:17440005100010,CHU NANTES,4,0.1641468182928332,0.28459137233608117,0.0471658286680731,0
SIREN:130001704,DIR INTERDEPARTEMENTALE ROUTES OUEST,4,0.16396400421248208,0.28414715373886007,0.0446491450366183,0
SIREN:285300018,Sdis de la Mayenne,5,0.1589350958277561,0.2774405633732405,0.0369100040796034,0
SIRET:83095506800044,Destination Angers,4,0.1579346362411892,0.274206066318015,0.041234601870573,0
SIREN:194401006,Ecole Centrale de Nantes,6,0.1573183695574646,0.2756001753601333,0.0362413054705548,0
SIREN:198513905,LYCEE POLYVALENT LEONARD DE VINCI,6,0.1561039285155274,0.2735100292193251,0.0408914189749279,0
SIRET:21490328800014,Ville de Saumur (49),4,0.1550542515185434,0.2693586297364146,0.0392137272178145,0
SIREN:287200265,SDIS de la Sarthe,5,0.1423195116034088,0.2487594439777334,0.0394633459991604,0
SIREN:200069474,COMMUNE DE OMBREE D ANJOU,4,0.13869590995151979,0.2414728765006877,0.0416447068088344,0
SIREN:214401432,Ville de Rezé,6,0.1385195869601357,0.2434930793242782,0.028319530989338,0
SIREN:200083392,Laval Agglomération,5,0.13776262075676599,0.2410821955083729,0.0387502497324432,0
SIREN:214401432,COMMUNE DE REZE,5,0.1365002801271907,0.2388827383112358,0.0354440081145853,0
NAME:com agglo reg nazairienne estuaire,COM D AGGLO REG NAZAIRIENNE ESTUAIRE,5,0.1355813842519506,0.23751388602939771,0.0318936161373568,0
NAME:crous nantes,CROUS de Nantes,5,0.1296245472248302,0.2270616838570411,0.0319048530929331,0
NAME:ccir pays loire,CCIR Pays de la Loire,8,0.1294922496373153,0.2288109027609378,0.0214035802730341,0
SIREN:353686934,CAP ATLANTIQUE,4,0.1291945716512606,0.2252137068663293,0.0398957641246426,0
SIRET:77811608700157,BATIMENT CFA NORMANDIE,3,0.1260942980266136,0.2184175002217878,0.0487027703835794,0
SIREN:214400475,Mairie de Coueron,5,0.122646310962894,0.2153711088822918,0.0278807621860928,0
NAME:regie dept passages eau vendee,Régie Dépt Passages d'Eau de Vendée,6,0.1210623767654327,0.2132988654278393,0.0244757615979901,0
SIREN:529260903,SOCIETE PUBLIQUE REGIONALE ABBAYE DE FONTEVRAUD,3,0.1198167720004031,0.2079550655501844,0.040533485648648,0
NAME:e collectivites vendee,e-Collectivités Vendée,5,0.1193909723209595,0.20962074728352,0.0318487065763398,0
SIREN:225300011,Conseil départemental de la Mayenne,5,0.11858757505656099,0.2082919279888631,0.0310498494943929,0
SIREN:214402042,Ville de Thouaré-sur-Loire,4,0.1182564425884467,0.20665873499331192,0.0392012090020936,0
NAME:cdc pays saint gilles cx vie,CDC du Pays de Saint Gilles Cx de Vie,7,0.1166089367094223,0.2059623426692376,0.0226256813267585,0
SIRET:21440162200011,Mairie de Saint-Herblain,3,0.1163462215575365,0.2021129869962412,0.0390082766045161,0
NAME:ville orvault,Ville d'Orvault,7,0.1138596176949566,0.2012295519704361,0.0201236275104403,0
SIREN:264900390,Centre Hospitalier de Cholet,5,0.1118804347654399,0.1967902999342614,0.0248756931419275,0
SIREN:214900995,Ville de Cholet,4,0.1114710580047004,0.1950123726114017,0.0369488280204458,0
SIREN:248500589,LA ROCHE-SUR-YON AGGLOMERATION,4,0.11125668165033831,0.1947624400744118,0.0328146659999142,0
SIREN:234400034,préfet de la région Pays de la Loire,3,0.1111478081266726,0.1932158354357453,0.0446181130220523,0
SIREN:865800767,Loire Ocean developpement,4,0.1090128438360852,0.1905729625279361,0.0365879999457472,0
NAME:sec gal adm min interieur ouest,SEC GAL POUR L ADM MIN INTERIEUR OUEST,5,0.1089161855857825,0.19158146013633298,0.0276214230033127,0
SIRET:13003051300019,Université de Rennes,3,0.1087702510374266,0.1892698975775586,0.0392000202958775,0
SIRET:24440040400129,Nantes métropole,3,0.10844292782198539,0.1887118406337126,0.0387639469921351,0
NAME:gie epl vendee,GIE des EPL de Vendée,4,0.1073158998234049,0.1880118332936872,0.0318711537070138,0
NAME:spr pays loire,SPR Pays de la Loire,4,0.10491507851794679,0.183987934514008,0.0298464375919403,0
SIREN:200054336,COMMUNE DE MAUGES SUR LOIRE,4,0.1045009065237329,0.1831160924338447,0.034761968254968,0
SIREN:258500222,Vendée Eau,4,0.1043562738416656,0.182732449387595,0.0393393969189351,0
SIREN:218501914,VILLE DE LA ROCHE SUR YON,3,0.1030827116696059,0.179503003172825,0.0391738081470915,0
SIREN:555650308,SPL Laval Mayenne Aménagements,3,0.1027942205310394,0.1791022872833949,0.039632253213387,0
SIREN:200052702,MAIRIE DE BAUGE EN ANJOU,3,0.10192251804432159,0.1776731150830966,0.0378468905367105,0
NAME:soc publique reg abe fontevraud,SOC PUBLIQUE REG ABE DE FONTEVRAUD,4,0.1007951640662659,0.17680213375521792,0.0282575670152661,0
SIREN:200071900,Vendée Grand Littoral,3,0.0995481878567698,0.1736584858940902,0.0363176382373029,0
SIREN:130026123,UNIVERSITE GUSTAVE EIFFEL,3,0.0980012736725882,0.1709420678580656,0.0363176382373029,0
SIREN:535164412,Loire Océan Métropole Aménagement,3,0.0977067089069909,0.17045360803057608,0.0391067487429046,0
NAME:chd vendee,CHD VENDEE,6,0.0976715493854642,0.1725593543638254,0.0214112030554496,0
SIRET:24850058900085,La Roche sur Yon Agglomération (85),2,0.0964195683332564,0.1662949894263522,0.0482097841666282,0
NAME:uniha gcs,UniHA GCS,3,0.0955797846894717,0.16692464605645618,0.0318599282298239,0
SIREN:214400558,Commune de La Baule,3,0.0955456147752967,0.1667129569114348,0.0362540168672488,0
SIRET:24440055200026,Cté de Cnes du Pays d'Ancenis,2,0.0954314216703886,0.164652672238369,0.0477157108351943,0
SIREN:246100663,Communauté urbaine d'Alençon,2,0.09493611554915529,0.1638088613103991,0.050286970512537,0
SIRET:12002701600563,INSEE,2,0.0944201592537844,0.1629706559358416,0.0472100796268922,0
SIRET:47865038500014,CNIEG (Caisse Nationale des Industries Electriques et Gazières),2,0.0944037945489319,0.1629434259621749,0.0472100796268922,0
SIRET:26720016000013,CH DU MANS,2,0.094298957086257,0.1627689753610102,0.0471494785431285,0
NAME:audencia eesc,AUDENCIA EESC,3,0.092896107926043,0.1623184379695588,0.0348557551296087,0
NAME:communaute communes grand lieu,Communauté de Communes de Grand Lieu,4,0.0909742300516602,0.1599162910748511,0.026655121834871,0
SIREN:983291931,MASH,2,0.0904141926482626,0.15627949144055991,0.0476617660647412,0
SIRET:45151864100035,SAEM VENDEE - Vendée Globe,2,0.0886048068790346,0.1532229187524516,0.0487255748902731,0
NAME:conseil general loire atlantique,Conseil général de Loire-Atlantique,4,0.0886022768270472,0.1557842452251097,0.027897253444201,0
SIRET:17440005100010,GIE SESAM VITALE,2,0.0874706850446022,0.151346763216097,0.0471494785431285,0
SIREN:200014926,Territoire d'énergie Loire-Atlantique,2,0.0873739792699097,0.1511730429455592,0.0477278742338187,0
SIREN:200067346,CA PORNIC AGGLO PAYS DE RETZ,3,0.0873647640208548,0.15259949189289398,0.0368841432503831,0
SIRET:21850128600015,Ville de Luçon (85),2,0.0865231827080854,0.1497283768082753,0.0482097841666282,0
SIRET:13002974700016,Nantes Université,2,0.0861973660376332,0.1492032066613716,0.0471658286680731,0
SIREN:244400404,METROPOLE NANTES METROPOLE,3,0.0861527410013161,0.1505965185210957,0.0362540168672488,0
NAME:saint nazaire agglomeration carene,Saint-Nazaire Agglomération -  la CARENE,3,0.0853430670907797,0.149439958022607,0.0284476890302599,0
SIREN:411516768,C.S.T.B.,2,0.0837198428778788,0.1450741623798942,0.0445871015687422,0
NAME:dir ouest,DIR Ouest,4,0.0830171809320162,0.1461517755421341,0.0270087628156743,0
SIREN:830955068,ANGERS LOIRE TOURISME EXPO CONGRES,2,0.0828775631696577,0.1436525551936024,0.0446957316375762,0
NAME:ubs,UBS,3,0.0828484553812397,0.145164015540015,0.0282575670152661,0
SIREN:445400104,ASSOCIATION E-TOILE,3,0.08283492141808971,0.1451293086849605,0.0301260203349617,0
SIRET:17440005100010,CA SAUMUR VAL DE LOIRE,2,0.082469203741146,0.1429942099692442,0.041234601870573,0
SIREN:130001704,DIR INTERDEPARTEMENTALE DES RTE OUEST,2,0.0809441212921546,0.14038655645255083,0.0446646687581937,0
SIRET:12001002000028,Casier judiciaire national,2,0.0806334182634718,0.1399094259513167,0.040323748454048,0
SIRET:83095506800044,ANGERS LOIRE TOURISME EXPO CONGRES,2,0.079562388215548,0.13810214654271968,0.0412489896740908,0
SIRET:24850058900317,La Roche sur Yon Agglomération (85),2,0.0791524252175835,0.13741043779246648,0.0412489896740908,0
SIREN:214401432,MAIRIE DE REZE,2,0.0791236528784433,0.1373676876464255,0.040332721499235,0
SIREN:200083228,Commune d'Ancenis-Saint-Géréon,2,0.079105350700599,0.1372697332877082,0.0447112707984427,0
SIRET:20007023300016,"Terres de Montaigu, Communauté d'Agglomération (85)",2,0.0786549882669215,0.1365745290870765,0.0407947072090486,0
SIRET:13002622200013,INESAAE - L'Institut Agro,2,0.078400040591755,0.136150689499878,0.0392000202958775,0
SIRET:24440043800127,Grand Lieu Communauté,2,0.0780903755456464,0.1356290203955176,0.0390451877728232,0
SIRET:21370261600011,Mairie Tours,2,0.07807672514238331,0.13560602163064112,0.0390451877728232,0
SIRET:39172288100052,GIE SESAM VITALE,2,0.07772633366510831,0.1348381017665583,0.0471494785431285,0
SIRET:38105376800028,La Cité des Congrès de Nantes,2,0.0775619055956284,0.1347384612200836,0.0387809527978142,0
NAME:shema,SHEMA,3,0.0738445671264118,0.1296854090776695,0.0260539386976913,0
SIREN:214400558,Mairie de La Baule-Escoublac,2,0.0736774625203199,0.1281765666806674,0.0382085661225886,0
SIREN:834692402,CENOVIA CITES,2,0.0729949532869702,0.12702221679117198,0.0378999269783065,0
SIREN:242900769,Concarneau Cornouaille Agglomération,3,0.0720284029595468,0.12650495052145522,0.0284123760880645,0
SIREN:100492784,CORLAB,2,0.0710448722526516,0.12369092409073201,0.0392149163227163,0
SIREN:200054302,MONTREVAULT-SUR-ÈVRE,3,0.07064547480442951,0.1240990404778702,0.0288878255895053,0
SIRET:28850001000013,SDIS 85,2,0.0689722286809071,0.1201733496843241,0.0383661864427955,0
NAME:ville alencon,Ville d'Alençon,3,0.0678923777513184,0.1192478416412377,0.0318936161373568,0
SIREN:538208455,Gcs E-Sante Pays de la Loire,2,0.0670142591818406,0.1168881355297712,0.0335071295909203,0
SIREN:214900201,Ville de Beaucouzé,2,0.0664360128264988,0.11590005382777,0.0346396797709265,0
NAME:syndicat mixte gigalis,SYNDICAT MIXTE GIGALIS,3,0.0660911317069254,0.11622476023175529,0.0258686409741847,0
NAME:communaute cnes terres montaigu,Communauté de Cnes Terres de Montaigu,3,0.06550599088905601,0.1152474835936317,0.0252487347543794,0
NAME:semitan mandataire nantes metropole,SEMITAN mandataire de Nantes Métropole,3,0.06527558860394539,0.1147943011210641,0.0279664113470554,0
NAME:semitan mandataire nantes metropole,"SEMITAN, mandataire de Nantes Métropole",2,0.0646185509070924,0.1127965151732426,0.0348557551296087,0
SIREN:832970024,Institut Régional Administration Lyon,2,0.0629834865056688,0.10957203454177591,0.0446646687581937,0
SIREN:258500222,VENDEE EAU,2,0.0626531230530535,0.1093020229231955,0.0392012090020936,0
SIREN:214401580,Mairie de Saint Etienne de Montluc,2,0.06263395635065791,0.1092517856486318,0.0396045634865299,0
SIREN:409104007,association songo,2,0.061760732425688504,0.10778117233082779,0.0387231513848894,0
SIREN:831928452,FONDATION PARTENARIALE POLYTECH,2,0.061235797455134106,0.1068966098329818,0.0381818315320815,0
SIRET:17350005900014,Direction interdépartementale des routes ouest DIR Ouest,2,0.0612120844762232,0.1070068659824488,0.0306060422381116,0
NAME:cte communes region blain,Cté de Communes de la Région de Blain,3,0.060835018529770496,0.10719154265102859,0.0214264565873554,0
SIREN:200082139,COMMUNE LES SABLES D OLONNE,2,0.0607717506087245,0.106142516231678,0.0369229410322684,0
SIREN:254902505,ANGERS NANTES OPERA syndicat mixte,3,0.060099072136431994,0.1059020897377312,0.0234352531241562,0
SIREN:214400558,VILLE DE LA BAULE-ESCOUBLAC,2,0.0594611166827806,0.1038775881311062,0.0369771652972543,0
NAME:syndicat departemental energie,Syndicat Départemental d'Energie,3,0.0589756097259515,0.1038634732288415,0.0258136817319649,0
SIREN:200071876,CA SAUMUR VAL DE LOIRE,2,0.0582743346453053,0.101986797878052,0.0293354262926274,0
NAME:ville ecouflant,Ville d'Ecouflant,2,0.058245605716163204,0.1019356356397369,0.0300179979828558,0
NAME:cg49,CG49,3,0.0575904468703088,0.10156196619005739,0.0201973603514363,0
SIREN:191700327,Université de La Rochelle,3,0.0571281836265983,0.1007658466218574,0.0194081448370827,0
NAME:vendee habitat oph vendee,Vendée Habitat - OPH de Vendée,3,0.0568314757721331,0.1001044593164989,0.0271923720847545,0
SIREN:218502888,Ville de Talmont - Saint Hilaire,2,0.055187764648078994,0.0964014120755631,0.0382085661225886,0
NAME:conseil general sarthe,Conseil Général de la Sarthe,3,0.0545877636561978,0.0963413820248951,0.0201901608032781,0
NAME:mairie croisic,Mairie du croisic,2,0.054367603500820996,0.09528326344726851,0.0291457207977576,0
SIREN:214401317,Commune de Pornic,2,0.0540628745294013,0.09472764503448769,0.0310498494943929,0
SIREN:174404301,Rectorat de l'Académie de Nantes,2,0.0536522876463267,0.0940279215513925,0.0305983217232741,0
NAME:cap atlantique,Cap Atlantique,2,0.053526127296781,0.0938485493916687,0.0272309004681688,0
SIREN:599200136,Sembreizh société,2,0.0527649514556414,0.092541798601955,0.0263824757278207,0
NAME:garnache,LA GARNACHE,2,0.0527332312057182,0.0924744932414775,0.0285607531411314,0
SIREN:264400268,Centre Hospitalier de Saint-Nazaire,2,0.052361338116033204,0.0916223081567211,0.035394282005727,0
SIREN:200041333,Communauté Communes Parthenay-Gâtine,2,0.052161077035754996,0.0914954576146425,0.0278807621860928,0
NAME:gcs esante pays loire,GCS eSanté Pays de la Loire,2,0.05206047356791,0.09124101492331249,0.0318487065763398,0
SIREN:317665420,DRAGAGES PORTS,2,0.0519228915975505,0.09107798829510899,0.0284626427485997,0
SIRET:25440253000011,"Direction Cybersécurité, Cloud et IA",1,0.0497823541456043,0.0857570259621937,0.0497823541456043,0
NAME:maine loire habitat office pub habitat,MAINE LOIRE HABITAT OFFICE PUB HABITAT,3,0.0497807907735835,0.0879568581121045,0.0187296734166581,0
NAME:syndicat trivalis,Syndicat Trivalis,3,0.049146850114964696,0.086867397612287,0.0172141842064543,0
NAME:universite maine,Université du Maine,2,0.048903548110897505,0.08588889557634341,0.0262859119498689,0
SIREN:257202176,Syndicat Mixte pour le Développement Numérique,1,0.0487531948488082,0.0840499397001675,0.0487531948488082,0
SIREN:412238065,SPL LE MANS EVENEMENTS,1,0.0487531948488082,0.0840499397001675,0.0487531948488082,0
SIRET:17440005100010,Tribunal administratif de Nantes,1,0.0487255748902731,0.0840040890961051,0.0487255748902731,0
SIRET:54665016900057,Vendée Expansion - SEM,1,0.0487255748902731,0.0840040890961051,0.0487255748902731,0
SIRET:47865038500014,CNIEG,1,0.0487027703835794,0.0839662309459826,0.0487027703835794,0
NAME:oniris,ONIRIS,2,0.0486676105151225,0.08546973727441651,0.0271731277690581,0
SIREN:218501096,Commune des Herbiers,2,0.04850034210234,0.0852029828579814,0.0242716959455703,0
SIRET:20007187600011,Communauté d'agglomération Saumur Val de Loire (49),1,0.0482264833664506,0.0831752382841877,0.0482264833664506,0
SIRET:05720113900045,PODELIHA,1,0.0482264833664506,0.0831752382841877,0.0482264833664506,0
SIRET:19561718800600,"UNIVERSITÉ  BRETAGNE SUD
Direction des affaires financières",1,0.0482264833664506,0.0831752382841877,0.0482264833664506,0
SIRET:80355563000018,E-TOILE Coordonnateur groupement comm,1,0.0482264833664506,0.0831752382841877,0.0482264833664506,0
SIREN:218501914,Ville de La Roche-sur-Yon,2,0.0482216540633716,0.0847213038114002,0.024794727069931,0
SIRET:20005889900010,COMMUNE DE BEAUFORT-EN-ANJOU,1,0.0482097841666282,0.0831474947131761,0.0482097841666282,0
SIRET:80355563000018,Association E-TOILE,1,0.0482097841666282,0.0831474947131761,0.0482097841666282,0
SIRET:51532951400035,France Velo Tourisme,1,0.0482097841666282,0.0831474947131761,0.0482097841666282,0
SIRET:20004248900019,Syndicat Départemental d'Energie et d'Equipement de la Vendée (85),1,0.0482097841666282,0.0831474947131761,0.0482097841666282,0
SIRET:17440005100010,Département de Maine-et-Loire,1,0.0481963752527232,0.0831252170179955,0.0481963752527232,0
SIREN:284900016,SDIS 49,2,0.0478098150268637,0.08401180646782119,0.0243745619027075,0
SIRET:24490001500011,Angers Loire Metropole (49),1,0.047678457084533,0.0822643946694398,0.047678457084533,0
NAME:synd dep energie eqpt vendee,SYND DEP D ENERGIE ET D EQPT DE VENDEE,3,0.047330802651689,0.0836895597735033,0.0172265003788076,0
SIRET:21440114300018,Ville d'Orvault,1,0.0472100796268922,0.0814853279679208,0.0472100796268922,0
NAME:epf vendee,EPF de la Vendée,2,0.047189197742423694,0.0829112886416591,0.0269702236571969,0
SIRET:11001001400014,Ministère de la justice - SG/2S2M/SDIT,1,0.0471494785431285,0.0813844876805051,0.0471494785431285,0
SIRET:20004131700013,Communauté d'Agglomération du Niortais,1,0.0471494785431285,0.0813844876805051,0.0471494785431285,0
NAME:smictom vallee authion,SMICTOM de la Vallée de l'Authion,2,0.0466054118946749,0.0819135761356134,0.026081799725267,0
NAME:cte cnes ile noirmoutier,Cté de Cnes de l'Ile de Noirmoutier,2,0.046593666051996094,0.0819041571474699,0.0252129382026472,0
NAME:insee,INSEE,2,0.0465112265737391,0.0817466138419099,0.0263138662223028,0
SIRET:13000170400589,DIR Ouest,1,0.0461980209233793,0.0798000389905004,0.0461980209233793,0
NAME:inra angers nantes,INRA ANGERS NANTES,2,0.046076492278107,0.0809998361862716,0.0258503085823762,0
NAME:sgami ouest,SGAMI OUEST,2,0.0455597949684068,0.0800574461750432,0.0279278564354973,0
NAME:cte communes pays herbiers,Cté de Communes du Pays des Herbiers,2,0.0454460951058157,0.0799149881096729,0.0252487347543794,0
NAME:sydela,SYDELA,2,0.0452755093333174,0.0796373467802266,0.0226417800454074,0
SIREN:327822177,CREHA Ouest,1,0.0446801976246699,0.0772676646340062,0.0446801976246699,0
SIREN:130023435,GROUPEMENT D INTERET PUBLIC PIX,1,0.0446801976246699,0.0772676646340062,0.0446801976246699,0
SIREN:200078079,Commune de VALLONS-DE-L'ERDRE,1,0.0446801976246699,0.0772676646340062,0.0446801976246699,0
SIREN:502035785,SRD,1,0.0446491450366183,0.0772157944535849,0.0446491450366183,0
SIREN:214401325,Ville de Pornichet,1,0.0446026047260045,0.077138049007075,0.0446026047260045,0
SIREN:172104309,Rectorat de l'Académie de Dijon,1,0.0445871015687422,0.0771121498034774,0.0445871015687422,0
NAME:dirisi,DIRISI,3,0.044159115643855704,0.0780408030539517,0.0214264565873554,0
NAME:esat foyers,ESAT Foyers,3,0.0434536843002639,0.0769154146922237,0.0159540318585301,0
NAME:comsopgn,COMSOPGN,2,0.0431476329016815,0.0759087000715722,0.0258228337054908,0
NAME:agence regionale pays loire ti,Agence Régionale Pays de la Loire TI,2,0.0427995404181676,0.0753546825715218,0.0214035802730341,0
NAME:chambre reg agri pays loire,CHAMBRE REG AGRI PAYS DE LA LOIRE,2,0.042692603817984495,0.0751238414431118,0.0254661034391769,0
NAME:geves,GEVES,2,0.0420642813097217,0.074005908454298,0.0263231907393387,0
SIREN:264900259,EHPAD RESIDENCES LES LIGERIENNES,1,0.0420413224040745,0.0728508989324681,0.0420413224040745,0
SIREN:245300355,COMMUNAUTE DE COMMUNES DE L ERNEE,1,0.0416882953928096,0.0722586741286865,0.0416882953928096,0
NAME:sdis49,SDIS49,2,0.041636976096957504,0.0733400366825693,0.0214035802730341,0
SIRET:20007191800011,Communauté de Communes du Pays de Saint-Fulgent - Les Essarts (85),1,0.0412489896740908,0.0715212644476205,0.0412489896740908,0
SIRET:21850191400566,Ville de La Roche sur Yon (85),1,0.0412489896740908,0.0715212644476205,0.0412489896740908,0
SIRET:20005361900017,Commune de Beaupréau en Mauges,1,0.041234601870573,0.0714971049846221,0.041234601870573,0
SIRET:19753472000010,ECOLE NATIONALE SUPERIEURE D'ARTS ET METIERS,1,0.041234601870573,0.0714971049846221,0.041234601870573,0
SIRET:18440128900022,CCI Région Pays de la Loire,1,0.041234601870573,0.0714971049846221,0.041234601870573,0
SIRET:20009665900012,CIAS de La Roche-sur-Yon (85),1,0.0412230489855408,0.0714777054257902,0.0412230489855408,0
SIRET:17440005100010,REGION DES PAYS DE LA LOIRE,1,0.0412230489855408,0.0714777054257902,0.0412230489855408,0
SIREN:777739160,FONDAT REGION OUEST LIGUE CANCER,1,0.040848628075907,0.0708487935019329,0.040848628075907,0
SIREN:576150270,SEM CENOVIA,1,0.0407315878882418,0.070652128011973,0.0407315878882418,0
SIREN:214401200,commune de Le Pellerin,1,0.040660560396515,0.0705327615912114,0.040660560396515,0
SIREN:214400434,Mairie de Clisson,1,0.0405051928179491,0.0702716107739921,0.0405051928179491,0
NAME:comcom estuaire sillon,Comcom Estuaire et Sillon,2,0.0404420945522453,0.07122050257450979,0.0244757615979901,0
NAME:syndicat mixte dvlpt numerique,SYNDICAT MIXTE POUR LE DVLPT NUMERIQUE,2,0.0404379582378437,0.0712621849574046,0.0202333958239234,0
SIRET:25440253000011,Groupement d'intérêt public GIGALIS,1,0.0403352890060779,0.0699859554589097,0.0403352890060779,0
SIREN:247200090,Communauté de communes du Pays Sabolien,1,0.040332721499235,0.0699816381992606,0.040332721499235,0
SIREN:214400558,Ville de La Baule Escoublac,1,0.040332721499235,0.0699816381992606,0.040332721499235,0
SIRET:17440005100010,GIE SESAM-Vitale,1,0.0403212065014737,0.0699622755355919,0.0403212065014737,0
SIRET:18009202500121,IMT Atlantique Bretagne - Pays de la Loire,1,0.0403096698094238,0.06994287605006,0.0403096698094238,0
SIRET:20008213900011,Ville des Sables d’Olonne,1,0.0402906372825974,0.0699108712194535,0.0402906372825974,0
SIREN:200006971,Communauté de Communes du Perche,1,0.0402647770678641,0.0698673835489888,0.0402647770678641,0
SIREN:214400418,Commune de la Chevrolière,1,0.0399685953096912,0.0693691884224325,0.0399685953096912,0
SIREN:214400491,COMMUNE DU CROISIC,1,0.0399681327494494,0.06936841019207,0.0399681327494494,0
SIRET:28530001800030,SDIS 53,1,0.0398931665469902,0.0692422766820066,0.0398931665469902,0
SIRET:18450021300014,CROUS d'Orléans Tours,1,0.0398931665469902,0.0692422766820066,0.0398931665469902,0
SIRET:18009202500121,IMT ATLANTIQUE BRETAGNE - PAYS DE LA LOIRE,1,0.0398792319887615,0.0692188296563465,0.0398792319887615,0
SIRET:17440005100010,VILLE DE LAVAL,1,0.0398541169062833,0.0691765684239056,0.0398541169062833,0
NAME:cci nantes saint nazaire,CCI Nantes Saint-Nazaire,2,0.039664390026023,0.0699131969285777,0.0214188284932624,0
SIREN:214401036,Mairie de Montoir de Bretagne,1,0.0396599615001984,0.0688498075767992,0.0396599615001984,0
SIREN:214401358,Ville du POULIGUEN,1,0.0396599615001984,0.0688498075767992,0.0396599615001984,0
SIRET:21490353600016,Ville de Trélazé (49),1,0.0396234295709679,0.0687883139778325,0.0396234295709679,0
SIREN:215601071,Ville de Larmor-plage,1,0.0394219880853539,0.0684491689657434,0.0394219880853539,0
SIREN:200014926,TERRITOIRE ENERGIE LOIRE ATLANTIQUE,1,0.0392286282406263,0.0681235315966082,0.0392286282406263,0
SIREN:233500016,Région Bretagne,1,0.0392149163227163,0.0681004356858057,0.0392149163227163,0
SIREN:535104756,URSSAF des Pays de la Loire,1,0.0392149163227163,0.0681004356858057,0.0392149163227163,0
SIRET:13002591900015,Office Français de la Biodiversité,1,0.0392137272178145,0.0680984327731081,0.0392137272178145,0
SIRET:19440100600011,Ecole Centrale de Nantes,1,0.0392137272178145,0.0680984327731081,0.0392137272178145,0
SIRET:21850047800209,Commune de Challans,1,0.0392000202958775,0.068075344749939,0.0392000202958775,0
SIRET:17440005100010,NANTES UNIVERSITE,1,0.0392000202958775,0.068075344749939,0.0392000202958775,0
SIRET:19350937900015,Université Rennes 2,1,0.0392000202958775,0.068075344749939,0.0392000202958775,0
SIRET:23350001600040,Région Bretagne,1,0.0391890141487833,0.0680568055771855,0.0391890141487833,0
SIREN:860800077,Loire Atlantique Développement - GIE,1,0.0391601146099037,0.0680081246054167,0.0391601146099037,0
SIREN:924405756,INSERM,1,0.0391464256643866,0.0679850649665608,0.0391464256643866,0
SIREN:214401358,Ville de LE POULIGUEN,1,0.0387362494059334,0.067293880160058,0.0387362494059334,0
SIREN:200076396,PETR Pays Vallée du Loir,1,0.0387362494059334,0.067293880160058,0.0387362494059334,0
SIREN:180092025,Institut Mines-Télécom Atlantique,1,0.0387096090320194,0.0672489736347179,0.0387096090320194,0
SIRET:20008213900011,Ville des Sables d'Olonne,1,0.0387093015257584,0.0672484552740091,0.0387093015257584,0
NAME:destination rennes tourisme congres,DESTINATION RENNES Tourisme Congrès,2,0.0386591182984393,0.0681626898457986,0.0214264565873554,0
SIREN:200056679,COMMUNE DE VERRIERES EN ANJOU,1,0.0385737738070575,0.0670199735392778,0.0385737738070575,0
NAME:gip vendee numerique,GIP Vendée Numérique,2,0.038440040357227104,0.0677717475362287,0.0220895853923935,0
SIRET:13000190200068,SID Nord-Ouest,1,0.0383796134478654,0.0666925621713715,0.0383796134478654,0
SIRET:17350111500013,Société d'aménagement de la Métropole Ouest Atlantique,1,0.0383661864427955,0.0666699166930997,0.0383661864427955,0
SIRET:20007116500167,Les Sables d'Olonne Agglomération,1,0.0383298915616432,0.066608700786,0.0383298915616432,0
SIRET:17440005100010,Tribunal Administratif de Nantes,1,0.0383298915616432,0.066608700786,0.0383298915616432,0
SIRET:18440132100015,CROUS de Nantes Pays de la Loire,1,0.0383133985414572,0.0665808820950992,0.0383133985414572,0
SIRET:19561718800600,UNIVERSITE  BRETAGNE SUD,1,0.0383133985414572,0.0665808820950992,0.0383133985414572,0
SIRET:19561718800600,Universite bretagne Sud,1,0.0383133985414572,0.0665808820950992,0.0383133985414572,0
SIRET:20006001000051,Mauges Communauté,1,0.0383133985414572,0.0665808820950992,0.0383133985414572,0
SIRET:19561718800600,UNIVERSITE BRETAGNE SUD,1,0.0383133985414572,0.0665808820950992,0.0383133985414572,0
SIRET:17440005100010,REGION PAYS DE LA LOIRE,1,0.0382758336174526,0.0665175189064091,0.0382758336174526,0
SIREN:860800077,Loire Atlantique développement,1,0.0381951965811278,0.0663814908625666,0.0381951965811278,0
SIREN:200071553,CC Loire Layon Aubance,1,0.0381818315320815,0.0663589434986652,0.0381818315320815,0
SIREN:200071678,CA Agglomération du Choletais,1,0.0381818315320815,0.0663589434986652,0.0381818315320815,0
SIREN:233500016,CCI de région Bretagne,1,0.03816847097407,0.0663364032491179,0.03816847097407,0
SIREN:281700252,SDIS 17,1,0.0381284162324544,0.0662688251678504,0.0381284162324544,0
SIREN:784301525,IRCANTEC,1,0.0381017355012743,0.0662238086510712,0.0381017355012743,0
SIRET:12001201800111,Direction de l'administration pénitentiaire,1,0.0377923358101633,0.0657016457120418,0.0377923358101633,0
SIREN:254901309,SI ENERGIES DE MAINE ET LOIRE,2,0.0377200387895156,0.0665420653926044,0.0194012210420405,0
SIREN:200061778,Mayenne Très Haut Débit,1,0.0375412855756179,0.0652777748094983,0.0375412855756179,0
SIRET:26720016000013,CH LE MANS,1,0.0374621829294973,0.0651441847801833,0.0374621829294973,0
NAME:cmar pays loire,CMAR Pays de La Loire,2,0.0373565771747746,0.0658909900431574,0.0213959601451335,0
SIREN:172800013,PREFECTURE D'EURE-ET-LOIR,1,0.0370420069284395,0.0644343116131681,0.0370420069284395,0
SIREN:214401903,Ville de Saint Sébastien sur Loire,1,0.0369488280204458,0.0642768269297813,0.0369488280204458,0
SIREN:200084655,Ville de Château-Gontier,1,0.0368970714860906,0.064189341801372,0.0368970714860906,0
SIREN:214401358,Ville de Le Pouliguen,1,0.0368841432503831,0.0641674878545315,0.0368841432503831,0
SIREN:798203576,SPL EAU DU BASSIN RENNAIS,1,0.0367413698556772,0.0639261142123225,0.0367413698556772,0
SIREN:200067635,Clisson Sèvre et Maine Agglo,1,0.0363049053739772,0.063187896068987,0.0363049053739772,0
SIREN:922749635,ENSA Nantes,1,0.0362921768066404,0.0631663600610324,0.0362921768066404,0
SIREN:439446386,VALLET,1,0.0362158955438396,0.0630372876994699,0.0362158955438396,0
SIREN:451324974,Ville du Croisic,1,0.0362158955438396,0.0630372876994699,0.0362158955438396,0
NAME:cc ocean marais monts,CC Océan Marais de Monts,2,0.036171416681187396,0.0638413421634948,0.0198092532249272,0
NAME:cte cnes coeur estuaire,Cté Cnes Coeur d'Estuaire,2,0.036152263469578005,0.0638038618230372,0.0201973603514363,0
NAME:chbr reg metiers artisanat nouv aquit,CHBR REG METIERS ARTISANAT NOUV AQUIT,2,0.0359487934865061,0.0634482634588478,0.0202189740852268,0
SIRET:20002377800018,Pays de Saint Gilles Croix de Vie Agglomération (85),1,0.0358974877335025,0.0624983596056247,0.0358974877335025,0
NAME:cte cnes pays ancenis,Cté de Cnes du Pays d'Ancenis,2,0.0357799600709512,0.0631581169279947,0.0198021892253813,0
SIREN:184503019,Agence de l'eau Loire-Bretagne,1,0.0357710225104741,0.0622842349312197,0.0357710225104741,0
NAME:ville sables olonne,ville des Sables d'Olonne,1,0.0355524550530201,0.061914069131942,0.0355524550530201,0
SIREN:213500515,COMMUNE DE CESSON SEVIGNE,1,0.0354688963977313,0.0617725213379699,0.0354688963977313,0
SIREN:213502883,Ville de Saint-Malo,1,0.0354440081145853,0.0617303572400538,0.0354440081145853,0
NAME:spic arena loire trelaze,SPIC - ARENA LOIRE TRELAZE,2,0.035312992923659095,0.0623471667900035,0.019352375894018,0
NAME:chu angers,CHU d'Angers,2,0.035043365704326895,0.0618815008649205,0.0187163030102507,0
SIREN:130025919,OFFICE FRANCAIS DE LA BIODIVERSITE,1,0.0345766116692105,0.0602598622071555,0.0345766116692105,0
SIREN:110043015,Ministère de l'éducation nationale,1,0.0343819973721989,0.0599296634466721,0.0343819973721989,0
SIREN:575850490,Mancelle d'habitation,1,0.0343578445914215,0.0598886769364326,0.0343578445914215,0
NAME:mindef dga do s2a,MINDEF/DGA/DO/S2A,2,0.0342295055980728,0.060466653362617,0.0176067456857484,0
NAME:caf somme,CAF de la Somme,2,0.0341564113063604,0.0603363668388348,0.0182195081902298,0
SIREN:214401721,ville de Sainte-Luce-sur-Loire,1,0.0339006001672567,0.0591124599704621,0.0339006001672567,0
NAME:sdegm,SDEGM,2,0.0336387921798338,0.0594368632158611,0.0173000374671953,0
SIREN:200081115,Ville de Montaigu-Vendée,1,0.0332234657381748,0.0579619539792983,0.0332234657381748,0
NAME:iphv hauts thebaudieres,IPHV LES HAUTS THEBAUDIERES,2,0.033192857579271096,0.058624038846516596,0.0202189740852268,0
NAME:ville arnage,Ville d'Arnage,2,0.0331903108883153,0.0586197133165766,0.0202117669915702,0
NAME:grand t theatre loire atlantique,Le Grand T - Théâtre Loire-Atlantique,2,0.033185650485614504,0.0586115377905537,0.0202117669915702,0
SIREN:244400438,Grand Lieu Communauté,1,0.032374371560728,0.0565175775349672,0.032374371560728,0
NAME:dir interregionale sces penitentiaires,DIR INTERREGIONALE SCES PENITENTIAIRES,2,0.0323050876668937,0.057110538514704004,0.0163387547126385,0
NAME:dgac dsna,DGAC DSNA,1,0.0319048530929331,0.0557180774692223,0.0319048530929331,0
NAME:gie loire ocean,GIE Loire Océan,1,0.0318711537070138,0.0556606716026717,0.0318711537070138,0
NAME:sictiam,SICTIAM,1,0.0318487065763398,0.0556224319512416,0.0318487065763398,0
NAME:acoss,ACOSS,1,0.0318262747356465,0.0555842170246488,0.0318262747356465,0
SIREN:788058030,Adoma,1,0.0318075368619048,0.0555522941338908,0.0318075368619048,0
SIREN:130031487,Chambre Agriculture Pays de la Loire,1,0.0317515559865801,0.055456916485839,0.0317515559865801,0
SIRET:11000201100044,Rectorat de NANTES,1,0.0316173497994872,0.05522822860393,0.0316173497994872,0
SIRET:13002953100055,"Rectorat de la région académique Grand Est, rectorat de l'académie de Nancy-Metz",1,0.0316022862715331,0.0552025573370842,0.0316022862715331,0
NAME:cte communes erdre gesvres,Cté de Communes d'Erdre et Gesvres,2,0.0315680418354508,0.0558227889447937,0.0163621634562602,0
SIRET:19753472000010,Ecole Nationale Supérieure d'Arts et Métiers,1,0.0312877325965792,0.054666358618327,0.0312877325965792,0
SIRET:17350111500864,SDIS44,1,0.0312767059700594,0.0546475575413556,0.0312767059700594,0
SIRET:17440005100010,Nantes Université,1,0.0312568322000919,0.0546136707325204,0.0312568322000919,0
SIRET:28440002500011,Centre de Gestion de la fonction publique territoriale de Loire-Atlantique,1,0.030616839894486,0.0535218627263558,0.030616839894486,0
SIRET:26490003600015,CHU ANGERS Etablissement support du Groupement Hospitalier de Territoire de Maine et Loire,1,0.0306060422381116,0.0535034329912244,0.0306060422381116,0
SIRET:13001044000019,I.F.C.E.,1,0.0305876428061949,0.0534720276300987,0.0305876428061949,0
SIRET:13000686900015,ACOSS,1,0.0305768551219798,0.0534536140860532,0.0305768551219798,0
SIREN:538208455,GCS E SANTE PAYS DE LA LOIRE,1,0.0301153903986243,0.0526656508010091,0.0301153903986243,0
SIREN:449073014,Syndicat Vendée des Iles,1,0.0300835223910066,0.0526112146046373,0.0300835223910066,0
NAME:communaute communes nozay,Communauté de Communes de Nozay,1,0.0298675170491138,0.0522421686322309,0.0298675170491138,0
NAME:cc pays st fulgent essarts,CC DU PAYS DE ST FULGENT LES ESSARTS,1,0.0298569755174792,0.0522241552334544,0.0298569755174792,0
SIREN:200071165,CA LES SABLES D OLONNE AGGLOMERATION,1,0.0297653655261016,0.0520675994744215,0.0297653655261016,0
SIREN:840423198,ANGERS LOIRE ECO,1,0.0293561557618823,0.0513680149686898,0.0293561557618823,0
NAME:drac pays loire,DRAC Pays de la Loire,1,0.0293537849831323,0.0513639605996166,0.0293537849831323,0
SIREN:218502268,Ville de Saint-Hilaire-de-Riez,1,0.029294009932313,0.051261731847744,0.029294009932313,0
NAME:rectorat division scus,Rectorat Division Scus,1,0.0291972458895928,0.0510962236041719,0.0291972458895928,0
SIREN:200055812,Commune Bagnoles de l'Orne Normandie,1,0.02910657482264,0.0509411145169819,0.02910657482264,0
NAME:groupement transamo cenovia,GROUPEMENT TRANSAMO - CENOVIA,1,0.0291040602436419,0.0509368125698611,0.0291040602436419,0
SIREN:130013097,ECOLE NATIONALE SUPERIEURE MARITIME,1,0.0289184647392296,0.0506192492289505,0.0289184647392296,0
SIREN:218500478,Commune de Challans,1,0.0289082481877198,0.0506017655448868,0.0289082481877198,0
SIREN:268502424,C.H.D La Roche Sur Yon-Luçon-Montaigu,1,0.0288980351381866,0.0505842875778617,0.0288980351381866,0
SIREN:794885913,Saumur Agglopropreté,1,0.0288776195405517,0.0505493487883391,0.0288776195405517,0
SIREN:379774177,CIF GIE GEIPCI,1,0.0284727064347849,0.0498561618690986,0.0284727064347849,0
SIREN:753000611,SATT OUEST VALORISATION,1,0.0284727064347849,0.0498561618690986,0.0284727064347849,0
SIREN:217200955,ville de Coulaines,1,0.0284525825152549,0.0498216996079047,0.0284525825152549,0
SIREN:200033298,COMMUNAUTE de COMMUNES des COEVRONS,1,0.0284224225211547,0.0497700485368557,0.0284224225211547,0
NAME:sna ouest,SNA/ouest,1,0.0282076520148277,0.0494021695703771,0.0282076520148277,0
NAME:epsilon centrale achat informatique,EPSILON CENTRALE D'ACHAT INFORMATIQUE,1,0.0279466349729374,0.0489549107153863,0.0279466349729374,0
NAME:communaute communes vie boulogne,Communauté de Communes Vie et Boulogne,1,0.0279367518800595,0.0489379722548787,0.0279367518800595,0
NAME:crdc lieu unique,CRDC LE LIEU UNIQUE,1,0.0279278564354973,0.0489227262861884,0.0279278564354973,0
NAME:bretagne developpement innovation,Bretagne Développement Innovation,1,0.0279169958771891,0.0489041120100188,0.0279169958771891,0
NAME:groupe etude controle vari,Groupe d'étude et de contrôle des vari,1,0.0279071229650069,0.0488871902224349,0.0279071229650069,0
NAME:mte dgpr srn service central vigicrues,MTE/DGPR/SRN/service central Vigicrues,1,0.0276605420159912,0.0484644762266557,0.0276605420159912,0
NAME:lpo touchard washington,LPO Touchard Washington,1,0.0276113279868188,0.048380089257453,0.0276113279868188,0
NAME:saelsi,SAELSI,1,0.0275628452528655,0.0482969499525063,0.0275628452528655,0
NAME:dreal bretagne,DREAL BRETAGNE,2,0.0274996524417338,0.0487066677118538,0.0137498262208669,0
NAME:nantes metropole habitat,Nantes Métropole Habitat,2,0.0274799219248904,0.0486720969860758,0.0137399609624452,0
SIREN:200048551,CC PAYS DE CRAON,1,0.027223619868043,0.0477150639644302,0.027223619868043,0
NAME:ircec,IRCEC,1,0.0272116296482649,0.0476944911026264,0.0272116296482649,0
NAME:ars pays loire,ARS Pays de La Loire,1,0.0271923720847545,0.0476614481076239,0.0271923720847545,0
NAME:universite rennes 1,université de Rennes 1,1,0.0271923720847545,0.0476614481076239,0.0271923720847545,0
NAME:cci metropolitaine bretagne ouest,CCI METROPOLITAINE BRETAGNE OUEST,2,0.0267429044152071,0.0473799398985712,0.0137596984636992,0
NAME:ctre national enst distance,CTRE NATIONAL D ENST A DISTANCE,1,0.0262859119498689,0.0461049880774759,0.0262859119498689,0
NAME:plate forme achats finances nord est,Plate Forme Achats Finances Nord Est,1,0.0262672918233668,0.046072993021196,0.0262672918233668,0
NAME:mindef ema dc sca pfaf co rennes,MINDEF/EMA/DC SCA/PFAF CO Rennes,1,0.0258319888377152,0.0453247467288472,0.0258319888377152,0
NAME:sgami ouest bzamp,SGAMI OUEST BZAMP,1,0.0258319888377152,0.0453247467288472,0.0258319888377152,0
NAME:hop intercommunal baugeois val,HOP INTERCOMMUNAL DU BAUGEOIS ET VAL,1,0.0258136817319649,0.0452932674198099,0.0258136817319649,0
NAME:laval spla,LAVAL SPLA,1,0.0255023936906021,0.0447578668484998,0.0255023936906021,0
SIREN:264901893,CENTRE COMMUNAL D ACTION SOCIALE,1,0.0253570029193459,0.0445077131700981,0.0253570029193459,0
SIREN:211703004,Ville de La Rochelle,1,0.0253120780996214,0.0444304058816351,0.0253120780996214,0
NAME:groupement achats herm,Groupement d'achats de l'Herm,1,0.0252487347543794,0.0443213945787807,0.0252487347543794,0
SIREN:217902022,Ville de Parthenay,1,0.0248475722155592,0.0436307616830969,0.0248475722155592,0
SIREN:247200090,Communauté de communes de sablé,1,0.0248475722155592,0.0436307616830969,0.0248475722155592,0
SIREN:219300779,Ville de Villemomble,1,0.0248299449828415,0.043600405162078,0.0248299449828415,0
SIREN:278000013,Baie de Somme Habitat,1,0.0248299449828415,0.043600405162078,0.0248299449828415,0
SIREN:482414216,Le Voyage à Nantes,1,0.0248211359370434,0.0435852344618049,0.0248211359370434,0
NAME:cte cnes vallee clisson,Cté de Cnes de la Vallée de Clisson,1,0.0244323589287737,0.0429154867952167,0.0244323589287737,0
NAME:inra angers nantes,INRA Angers Nantes,1,0.0244323589287737,0.0429154867952167,0.0244323589287737,0
SIREN:940022890,CNDP,1,0.0243659103787257,0.0428009752083689,0.0243659103787257,0
SIREN:214401119,Commune de Notre Dame des Landes,1,0.0242716959455703,0.0426385941102703,0.0242716959455703,0
SIREN:828620831,SAINT NAZAIRE AGGLOMERATION TOURISME,1,0.0242716959455703,0.0426385941102703,0.0242716959455703,0
SIREN:268504453,Centre Hospitalier Loire Vendée Océan,1,0.0242372501535697,0.0425792199414589,0.0242372501535697,0
SIREN:213503642,Ville de Noyal-Châtillon sur Seiche,1,0.0242372501535697,0.0425792199414589,0.0242372501535697,0
SIREN:523699148,Ecole des Mines de Nantes,1,0.0242372501535697,0.0425792199414589,0.0242372501535697,0
NAME:plongeoir cite cirque,LE PLONGEOIR - CITE DU CIRQUE,1,0.0242071188372684,0.0425272800277652,0.0242071188372684,0
NAME:cte cnes pays chateau gontier,Cté cnes du Pays de Château de Gontier,1,0.0238213406055208,0.0418620666904037,0.0238213406055208,0
SIREN:173501115,Cour d'Appel de Rennes,1,0.0234269269934406,0.0411815512275421,0.0234269269934406,0
NAME:cte cnes portes briardes,Cté Cnes LES PORTES BRIARDES,1,0.0231245636549578,0.0406595757924991,0.0231245636549578,0
SIREN:244400586,COMMUNAUTE DE COMMUNES DU SUD ESTUAIRE,1,0.0230621626305114,0.0405518212447139,0.0230621626305114,0
SIREN:214402158,COMMUNE DE VERTOU,1,0.0230375810407991,0.040509370708659,0.0230375810407991,0
SIREN:200052587,SYNDICAT MIXTE OUVERT ANJOU NUMERIQUE,1,0.0230375810407991,0.040509370708659,0.0230375810407991,0
SIREN:860800077,Société Loire Atlantique Développement,1,0.023029392864128,0.0404952299905261,0.023029392864128,0
SIREN:241700434,COMMUNAUTE D AGGLOMERATION LA ROCHELLE,1,0.023029392864128,0.0404952299905261,0.023029392864128,0
SIREN:130025158,Casier judiciaire national,1,0.023029392864128,0.0404952299905261,0.023029392864128,0
SIREN:265300236,Centre hospitalier de Laval,1,0.023021207529177,0.0404810940002763,0.023021207529177,0
SIREN:515163749,CPAM de Loire-Atlantique,1,0.023021207529177,0.0404810940002763,0.023021207529177,0
SIREN:791052491,Ville d'Allonnes,1,0.0230130250350084,0.0404669627364739,0.0230130250350084,0
SIREN:214402158,Ville de Vertou,1,0.0230130250350084,0.0404669627364739,0.0230130250350084,0
SIREN:218502888,Ville de Talmont Saint Hilaire,1,0.0230130250350084,0.0404669627364739,0.0230130250350084,0
SIREN:265300087,Centre Hospitalier du Haut Anjou,1,0.0230130250350084,0.0404669627364739,0.0230130250350084,0
NAME:ecole national sup arts metiers,Ecole National Sup. d'Arts et Métiers,1,0.02263372928791,0.0398117174171609,0.02263372928791,0
SIREN:214400186,COMMUNE DE BOUAYE,1,0.0225239727348839,0.0396220375111782,0.0225239727348839,0
SIREN:211704150,Commune de Saintes,1,0.0225159629012173,0.039608193750538,0.0225159629012173,0
SIREN:217200542,Commune de Champagné,1,0.0225079558503683,0.039594354627428,0.0225079558503683,0
SIREN:214401325,VILLE DE PORNICHET,1,0.0224999515814167,0.039580520140434,0.0224999515814167,0
SIREN:247200348,Communauté de communes Pays Fléchois,1,0.0224999515814167,0.039580520140434,0.0224999515814167,0
SIREN:217203207,MAIRIE DE SAINT SATURNIN,1,0.0224919500934426,0.0395666902881421,0.0224919500934426,0
SIREN:188500490,Chambre de Commerce et d'Industrie,1,0.0224919500934426,0.0395666902881421,0.0224919500934426,0
SIREN:217201540,Commune de La Flèche,1,0.0224919500934426,0.0395666902881421,0.0224919500934426,0
SIREN:403040850,Sarthe Habitat,1,0.0224839513855263,0.039552865069139,0.0224839513855263,0
SIREN:180046013,Centre des monuments nationaux,1,0.0224839513855263,0.039552865069139,0.0224839513855263,0
SIREN:214400459,MAIRIE DE CORDEMAIS,1,0.0217374973981415,0.0382619140631644,0.0217374973981415,0
NAME:centre gestion fonction publi,CENTRE DE GESTION DE LA FONCTION PUBLI,1,0.0214264565873554,0.0377235439852372,0.0214264565873554,0
NAME:cc pays chantonnay,CC DU PAYS DE CHANTONNAY,1,0.0213959601451335,0.0376707447062288,0.0213959601451335,0
SIREN:200058899,COMMUNE DE BEAUFORT EN ANJOU,1,0.0213680041118847,0.0376223415038758,0.0213680041118847,0
NAME:institut 4 10,INSTITUT 4.10,1,0.0205309281304544,0.0361720492315759,0.0205309281304544,0
NAME:espacil habitat,Espacil Habitat,1,0.0202261836957308,0.0356435893093308,0.0202261836957308,0
NAME:prefecture,Préfecture,1,0.0202045624139203,0.0356060861401283,0.0202045624139203,0
NAME:dreal pays loire,DREAL Pays de la Loire,1,0.0201973603514363,0.0355935935308922,0.0201973603514363,0
NAME:saem vendee,SAEM Vendée,1,0.0201901608032781,0.0355811051430493,0.0201901608032781,0
NAME:ccas angers,CCAS d'Angers,1,0.0200794513961761,0.0353890501940288,0.0200794513961761,0
NAME:semitan mandataire cun,"SEMITAN, mandataire de la CUN",1,0.020030091740299,0.0353034120612796,0.020030091740299,0
NAME:sm megalis,SM Mégalis,1,0.0197880686299348,0.0348834110100306,0.0197880686299348,0
SIREN:528848153,ALTER Public,1,0.019669701701705,0.0346779422882982,0.019669701701705,0
SIREN:927831396,Podeliha,1,0.0194219996939835,0.0342478431090222,0.0194219996939835,0
SIREN:248500415,Communauté Communes La Chataigneraie,1,0.0194012210420405,0.0342117564050391,0.0194012210420405,0
NAME:cesame ch sainte gemmes loire,CESAME - CH de Sainte Gemmes sur Loire,1,0.019131579742149,0.0337433590230845,0.019131579742149,0
SIREN:214400152,Mairie de Blain,1,0.018338458828084,0.032364477637367,0.018338458828084,0
SIREN:200060010,MAUGES COMMUNAUTE,1,0.0183319095061379,0.032353084211015,0.0183319095061379,0
SIREN:194401006,ECOLE CENTRALE DE NANTES,1,0.0183188177474751,0.0323303089875653,0.0183188177474751,0
SIREN:200053593,COMMUNE DE CHEMILLE EN ANJOU,1,0.0183122753092122,0.0323189271880186,0.0183122753092122,0
SIREN:245300355,Communauté de communes de l'Ernée,1,0.0183122753092122,0.0323189271880186,0.0183122753092122,0
NAME:cci reg ctre val loire,CCI DE REG CTRE VAL DE LOIRE,1,0.0182455615327606,0.032202859425148,0.0182455615327606,0
NAME:comcom vallees haut anjou,ComCom des Vallées du Haut-Anjou,1,0.0182455615327606,0.032202859425148,0.0182455615327606,0
NAME:etablissement public marais poitevi,ETABLISSEMENT PUBLIC DU MARAIS POITEVI,1,0.0182390447713532,0.0321915210012462,0.0182390447713532,0
NAME:c h s sarthe,C.H.S. de la Sarthe,1,0.0182130005616563,0.0321462058878734,0.0182130005616563,0
NAME:agrocampus ouest,Agrocampus Ouest,1,0.0179833063880348,0.0317464743480719,0.0179833063880348,0
NAME:centre gestion 87,CENTRE DE GESTION 87,1,0.0176382422740204,0.03114569806748,0.0176382422740204,0
NAME:dir reg envir amenagement logt bretagn,DIR REG ENVIR AMENAGEMENT LOGT BRETAGN,1,0.0176382422740204,0.03114569806748,0.0176382422740204,0
NAME:conservatoire littoral,Conservatoire du littoral,1,0.0176319385329095,0.0311347198888548,0.0176319385329095,0
NAME:mindef dga dt scat,MINDEF/DGA/DT/SCAT,1,0.0176004529995423,0.03107988515085,0.0176004529995423,0
NAME:cnam,CNAM,1,0.0173309950665989,0.0306104910893698,0.0173309950665989,0
NAME:ville evron,Ville d'Evron,1,0.0173124139826379,0.0305781156855595,0.0173124139826379,0
NAME:dsna,DSNA,1,0.0173062246380207,0.0305673312554319,0.0173062246380207,0
NAME:e c s gendarmerie nationale,E.C.A.S. gendarmerie nationale,1,0.0173000374671953,0.0305565505089189,0.0173000374671953,0
NAME:sisto,SISTO,1,0.0172141842064543,0.0304069459967634,0.0172141842064543,0
NAME:cerema dtermed,CEREMA - DTerMed,1,0.0172141842064543,0.0304069459967634,0.0172141842064543,0
NAME:mindef sga dcsid esid bordeaux,MINDEF/SGA/DCSID/ESID Bordeaux,1,0.0172141842064543,0.0304069459967634,0.0172141842064543,0
NAME:synd mixte pays coutances,SYND MIXTE DU PAYS DE COUTANCES,1,0.0172018766854835,0.0303854977535728,0.0172018766854835,0
NAME:pole sante sarthe loire,Pole Santé Sarthe et Loire,1,0.0171957261674362,0.030374779128273,0.0171957261674362,0
NAME:cte agglomeration choletais,Cté d'Agglomération du Choletais,1,0.0171957261674362,0.030374779128273,0.0171957261674362,0
NAME:ec sup beaux arts tours angers mans,EC SUP BEAUX ARTS TOURS ANGERS MANS,1,0.0166525260929836,0.0294277282696598,0.0166525260929836,0
NAME:ville ancenis saint gereon,Ville d'Ancenis-Saint-Géréon,1,0.0166406133379728,0.0294069497915819,0.0166406133379728,0
NAME:o p h mans habitat,O.P.H LE MANS HABITAT,1,0.0163783566192666,0.0289494182382554,0.0163783566192666,0
NAME:sca pfaf so,SCA/PFAF SO,1,0.0163621634562602,0.0289211616014544,0.0163621634562602,0
NAME:crous rennes,CROUS de Rennes,1,0.0163387547126385,0.0288803127069422,0.0163387547126385,0
NAME:quinconces espal,Les Quinconces l'Espal,1,0.0163387547126385,0.0288803127069422,0.0163387547126385,0
NAME:centre gestion fpt loire atlantique,Centre de Gestion FPT Loire-Atlantique,1,0.0163387547126385,0.0288803127069422,0.0163387547126385,0
NAME:communaute communes huisne sarthoise,COMMUNAUTE COMMUNES HUISNE SARTHOISE,1,0.0159777708455699,0.0282501970319922,0.0159777708455699,0
NAME:inst interdpt bassin sevre niortaise,Inst. Interdpt bassin Sèvre Niortaise,1,0.0159549031181417,0.028210268292145,0.0159549031181417,0
NAME:cci maine loire,CCI de Maine et Loire,1,0.015949191219072,0.0282002946723068,0.015949191219072,0
NAME:cpam sarthe,CPAM de la Sarthe,1,0.015949191219072,0.0282002946723068,0.015949191219072,0
NAME:hopital intercommunal sevre loire,Hopital Intercommunal Sèvre et Loire,1,0.015949191219072,0.0282002946723068,0.015949191219072,0
NAME:universite europeenne bretagne,Université Européenne de Bretagne,1,0.0157129275365516,0.0277876737056879,0.0157129275365516,0
NAME:inra formation permanente nationale,INRA - Formation permanente nationale,1,0.015707300882651,0.0277778452216929,0.015707300882651,0
NAME:com communes pays ancenis,Com Communes du Pays d'Ancenis,1,0.0137399609624452,0.0243360484930379,0.0137399609624452,0
NAME:centre hospitalier laval 53,Centre Hospitalier de Laval (53),1,0.0129925350194989,0.0230256739572195,0.0129925350194989,0
NAME:orchestre national pays loir,Orchestre National des Pays de la Loir,1,0.0129925350194989,0.0230256739572195,0.0129925350194989,0
NAME:sde35,SDE35,1,0.0129925350194989,0.0230256739572195,0.0129925350194989,0
NAME:comm comm doue fontaine,Comm Comm de Doué la Fontaine,1,0.0129832059515079,0.0230093087090117,0.0129832059515079,0
NAME:communaute communes pays redon,COMMUNAUTE COMMUNES PAYS DE REDON,1,0.0129785438967451,0.0230011303445057,0.0129785438967451,0
NAME:cte reg peches maritimes elevages mari,CTE REG PECHES MARITIMES ELEVAGES MARI,1,0.0129785438967451,0.0230011303445057,0.0129785438967451,0
NAME:centre hospitalier specialise blain,Centre Hospitalier Spécialisé de Blain,1,0.0129692247428359,0.0229847821300061,0.0129692247428359,0
NAME:ville avrille,Ville d'Avrillé,1,0.0129692247428359,0.0229847821300061,0.0129692247428359,0
NAME:residences saint alexandre,RESIDENCES SAINT ALEXANDRE,1,0.0129645676425503,0.0229766122781394,0.0129645676425503,0
NAME:sictom loir sarthe,SICTOM Loir et Sarthe,1,0.0129645676425503,0.0229766122781394,0.0129645676425503,0
NAME:smirgeom est sarthe,SMIRGEOM Est Sarthe,1,0.0120117033363483,0.0213037694758233,0.0120117033363483,0
