buyer_name_raw,enriched_name,enriched_siren,enrichment_score,enrichment_confidence,n_notices,dept_code,diagnostic,n_candidates,margin
Ville du Mans,,,63.6,LOW,45,72,score=63.6 (below MEDIUM threshold),10,4.3
CONSEIL DEPARTEMENTAL DE LOIRE-ATLANTI,,,63.8,LOW,18,44,score=63.8 (below MEDIUM threshold),1,
Le Mans Métropole,,,67.6,LOW,17,72,score=67.6 (below MEDIUM threshold),10,-16.1
Nantes Métropole Habitat,,,59.6,LOW,5,44,score=59.6 (below MEDIUM threshold),5,45.8
CMAR Pays de La Loire,,,55.6,LOW,5,44,score=55.6 (below MEDIUM threshold),2,21.5
Ville d'Alençon,,,68.5,LOW,5,61,score=68.5 (below MEDIUM threshold),10,6.2
GIP Vendée Numérique,,,68.6,LOW,4,85,score=68.6 (below MEDIUM threshold),1,
CCI de Maine et Loire,,,60.6,LOW,3,49,score=60.6 (below MEDIUM threshold),7,15.3
ESAT Foyers,,,55.4,LOW,3,44,score=55.4 (below MEDIUM threshold),7,-9.5
EPF de la Vendée,,,55.6,LOW,3,85,score=55.6 (below MEDIUM threshold),1,
Ville d'Evron,,,64.4,LOW,2,53,score=64.4 (below MEDIUM threshold),7,5.6
Agrocampus Ouest,,,61.3,LOW,2,35,score=61.3 (below MEDIUM threshold),10,3.3
Ville d'Ancenis-Saint-Géréon,,,57.3,LOW,2,44,score=57.3 (below MEDIUM threshold),2,15.2
ARS Pays de La Loire,,,62.9,LOW,2,44,score=62.9 (below MEDIUM threshold),2,32.9
GIE Loire Océan,,,63.0,LOW,2,44,score=63.0 (below MEDIUM threshold),10,-18.3
Afac-Agroforesteries,,,55.6,LOW,2,34,score=55.6 (below MEDIUM threshold),2,-20.2
Ville des Sables d’Olonne,,,64.7,LOW,2,85,score=64.7 (below MEDIUM threshold),10,-2.5
Chambre de Commerce et d'Industrie Région Pays de la Loire,,,59.7,LOW,2,44,score=59.7 (below MEDIUM threshold),1,
RESIDENCES SAINT ALEXANDRE,,,59.8,LOW,1,85,score=59.8 (below MEDIUM threshold),1,
VALLET,,,68.0,LOW,1,44,score=68.0 (below MEDIUM threshold),10,12.0
E.C.A.S. gendarmerie nationale,,,66.6,LOW,1,36,score=66.6 (below MEDIUM threshold),1,
Office Public de l'Habitat,,,63.3,LOW,1,49,score=63.3 (below MEDIUM threshold),1,
Ville d'Avrillé,,,56.1,LOW,1,49,score=56.1 (below MEDIUM threshold),10,-5.0
ville des Sables d'Olonne,,,64.7,LOW,1,85,score=64.7 (below MEDIUM threshold),10,-2.5
Espacil Habitat,,,62.5,LOW,1,35,score=62.5 (below MEDIUM threshold),3,9.7
CRDC LE LIEU UNIQUE,,,61.3,LOW,1,44,score=61.3 (below MEDIUM threshold),1,
CC DU PAYS DE ST FULGENT LES ESSARTS,,,60.7,LOW,1,85,score=60.7 (below MEDIUM threshold),1,
CCAS coulaines,,,55.1,LOW,1,72,score=55.1 (below MEDIUM threshold),1,
ARS Pays de la Loire,,,62.9,LOW,1,44,score=62.9 (below MEDIUM threshold),2,32.9
GCS BIOLOGIE 85,,,55.6,LOW,1,85,score=55.6 (below MEDIUM threshold),1,
GIE LOIRE OCEAN,,,63.0,LOW,1,44,score=63.0 (below MEDIUM threshold),10,-18.3
Mairie Tours,,,64.9,LOW,1,37,score=64.9 (below MEDIUM threshold),10,3.8
Nantes Métropole,,,84.2,MEDIUM,200,44,score=84.2 (below HIGH threshold or margin too small),10,-1.8
Conseil général de Loire-Atlantique,,,70.7,MEDIUM,8,44,score=70.7 (below HIGH threshold or margin too small),1,
Cté de Communes de la Région de Blain,,,71.9,MEDIUM,7,44,score=71.9 (below HIGH threshold or margin too small),6,3.6
Conservatoire du littoral,,,71.8,MEDIUM,5,17,score=71.8 (below HIGH threshold or margin too small),2,5.1
Nantes métropole,,,84.2,MEDIUM,5,44,score=84.2 (below HIGH threshold or margin too small),10,-1.8
Syndicat Départemental d'Energie,,,71.6,MEDIUM,4,85,score=71.6 (below HIGH threshold or margin too small),4,35.7
Université du Maine,,,74.7,MEDIUM,4,72,score=74.7 (below HIGH threshold or margin too small),10,30.7
Vendée Habitat - OPH de Vendée,,,74.7,MEDIUM,4,85,score=74.7 (below HIGH threshold or margin too small),2,0.0
DESTINATION RENNES Tourisme Congrès,,,70.7,MEDIUM,3,35,score=70.7 (below HIGH threshold or margin too small),1,
LA GARNACHE,,,74.7,MEDIUM,3,85,score=74.7 (below HIGH threshold or margin too small),10,5.2
Nantes metropole,,,84.2,MEDIUM,3,44,score=84.2 (below HIGH threshold or margin too small),10,-1.8
Saint-Nazaire Agglomération -  la CARENE,,,70.4,MEDIUM,3,44,score=70.4 (below HIGH threshold or margin too small),5,34.3
Ville d'Arnage,,,73.6,MEDIUM,2,72,score=73.6 (below HIGH threshold or margin too small),10,35.1
LE PLONGEOIR - CITE DU CIRQUE,,,73.6,MEDIUM,2,72,score=73.6 (below HIGH threshold or margin too small),2,58.2
Université de Rennes,,,73.4,MEDIUM,2,35,score=73.4 (below HIGH threshold or margin too small),3,-26.6
Les Quinconces l'Espal,,,73.3,MEDIUM,1,72,score=73.3 (below HIGH threshold or margin too small),2,13.7
université de Rennes 1,,,72.0,MEDIUM,1,35,score=72.0 (below HIGH threshold or margin too small),1,
Université de Rennes 1,,,72.0,MEDIUM,1,35,score=72.0 (below HIGH threshold or margin too small),1,
Le Plongeoir - Cité du Cirque,,,73.6,MEDIUM,1,72,score=73.6 (below HIGH threshold or margin too small),2,58.2
Rectorat de NANTES,,,84.9,MEDIUM,1,44,score=84.9 (below HIGH threshold or margin too small),5,-2.0
Université Rennes 2,,,72.0,MEDIUM,1,35,score=72.0 (below HIGH threshold or margin too small),1,
