contract_id,renewal_contract_id,event,composite_score,best_composite_score,second_best_composite_score,score_margin,n_candidates_for_source,single_candidate_match,high_confidence_strict,text_similarity,cpv_match_score,temporal_score,declared_duration_months,observed_duration_months
BOAMP:15-30947,,0,,,,,0,False,False,,,,12.0,118.0
BOAMP:15-31464,BOAMP:17-176560,1,0.7109,0.7109,0.446,0.26489999999999997,2,False,True,0.6922,0.5,0.7951,36.0,33.54
BOAMP:15-31513,BOAMP:19-87143,1,0.5076,0.5076,,,1,True,False,0.2113,0.5,0.7403,48.0,51.12
BOAMP:15-20937,BOAMP:19-17307,1,0.8606,0.8606,0.472,0.38860000000000006,8,False,True,0.686,1.0,0.9312,48.0,47.17
BOAMP:15-32168,BOAMP:17-48788,1,0.7235,0.7235,0.6869,0.03660000000000008,34,False,False,0.5009,0.7,0.9906,24.0,24.11
BOAMP:15-31641,,0,,,,,0,False,False,,,,12.0,117.94
BOAMP:15-31797,,0,,,,,0,False,False,,,,12.0,117.94
BOAMP:15-33241,BOAMP:20-19986,1,0.7516,0.7516,0.6524,0.09920000000000007,6,False,True,0.5856,1.0,0.5869,48.0,52.96
BOAMP:15-33752,BOAMP:18-128655,1,0.6561,0.6561,0.6096,0.046499999999999986,17,False,False,0.5592,0.7,0.537,48.0,42.44
BOAMP:15-34520,,0,,,,,0,False,False,,,,48.0,117.87
BOAMP:15-37182,,0,,,,,0,False,False,,,,48.0,117.71
BOAMP:15-42843,,0,,,,,0,False,False,,,,48.0,117.28
BOAMP:15-44999,BOAMP:19-126819,1,0.5284,0.5284,,,1,True,False,0.336,0.5,0.5952,48.0,52.86
BOAMP:15-47591,BOAMP:19-10579,1,0.3849,0.3849,0.3211,0.06380000000000002,2,False,False,0.3106,0.3,0.1783,36.0,45.86
BOAMP:15-47696,BOAMP:19-34512,1,0.539,0.539,0.496,0.04300000000000004,2,False,False,0.5056,0.0,0.934,48.0,47.21
BOAMP:15-31076,BOAMP:19-154710,1,0.4741,0.4741,0.328,0.1461,2,False,False,0.5742,0.0,0.472,48.0,54.34
BOAMP:15-50314,BOAMP:19-34512,1,0.49,0.49,0.4412,0.04880000000000001,2,False,False,0.3871,0.0,0.9258,48.0,47.11
BOAMP:15-51571,,0,,,,,0,False,False,,,,48.0,116.82
BOAMP:15-52664,BOAMP:19-34512,1,0.5154,0.5154,0.4439,0.07149999999999995,2,False,False,0.4589,0.0,0.9093,48.0,46.91
BOAMP:15-53947,BOAMP:19-104228,1,0.4468,0.4468,,,1,True,False,0.3594,0.0,0.7649,48.0,50.82
BOAMP:15-54892,,0,,,,,0,False,False,,,,48.0,116.72
BOAMP:15-54272,,0,,,,,0,False,False,,,,44.0,116.72
BOAMP:15-54977,,0,,,,,0,False,False,,,,48.0,116.62
BOAMP:15-55213,,0,,,,,0,False,False,,,,12.0,116.62
BOAMP:15-56123,BOAMP:18-146639,1,0.5164,0.5164,0.4463,0.0701,3,False,False,0.4421,0.0,0.9477,48.0,47.37
BOAMP:15-56649,BOAMP:15-141361,1,0.6309,0.6309,0.5855,0.045399999999999996,9,False,False,0.2529,1.0,0.6488,12.0,7.79
BOAMP:15-55527,BOAMP:18-52482,1,0.5601,0.5601,0.4443,0.11580000000000007,3,False,False,0.4552,0.5,0.5151,48.0,42.18
BOAMP:15-56918,,0,,,,,0,False,False,,,,12.0,116.56
BOAMP:15-56776,BOAMP:19-10579,1,0.5419,0.5419,0.4411,0.10080000000000006,2,False,False,0.4074,0.3,0.7697,48.0,45.24
BOAMP:15-58339,BOAMP:19-103125,1,0.6521,0.6521,0.5465,0.10560000000000003,4,False,False,0.3426,0.7,0.9504,48.0,47.4
BOAMP:15-58989,BOAMP:19-106429,1,0.5761,0.5761,0.5413,0.03479999999999994,4,False,False,0.5086,0.5,0.4884,48.0,54.14
BOAMP:15-59370,BOAMP:18-121819,1,0.6825,0.6825,0.6814,0.0010999999999999899,10,False,False,0.5252,1.0,0.3618,48.0,40.34
BOAMP:15-59556,,0,,,,,0,False,False,,,,48.0,112.25
BOAMP:15-64142,BOAMP:19-59985,1,0.7022,0.7022,0.5983,0.10389999999999999,9,False,True,0.4528,0.7,0.9805,48.0,47.77
BOAMP:15-50024,,0,,,,,0,False,False,,,,6.0,114.22
BOAMP:15-63153,BOAMP:19-75795,1,0.5256,0.5256,,,1,True,False,0.4633,0.0,0.9511,48.0,48.59
BOAMP:15-64904,BOAMP:20-137315,1,0.4645,0.4645,0.4543,0.010200000000000042,3,False,False,0.4315,0.0,0.7096,68.0,71.48
BOAMP:15-65940,,0,,,,,0,False,False,,,,48.0,116.1
BOAMP:15-65742,BOAMP:20-2441,1,0.6206,0.6206,0.5609,0.059700000000000086,6,False,False,0.7246,0.7,0.0285,48.0,59.66
BOAMP:15-68078,BOAMP:19-71182,1,0.8463,0.8463,,,1,True,False,0.8236,1.0,0.5842,48.0,52.99
BOAMP:15-67480,,0,,,,,0,False,False,,,,48.0,115.93
BOAMP:15-70236,,0,,,,,0,False,False,,,,42.0,115.87
BOAMP:15-71156,BOAMP:20-47300,1,0.675,0.675,0.3542,0.32080000000000003,2,False,False,0.6432,1.0,0.0887,48.0,58.94
BOAMP:15-72457,BOAMP:15-141361,1,0.6352,0.6352,0.6168,0.018399999999999972,7,False,False,0.302,1.0,0.5722,12.0,6.87
BOAMP:15-78724,BOAMP:19-180395,1,0.3829,0.3829,,,1,True,False,0.5256,0.0,0.1133,48.0,58.64
BOAMP:15-78916,BOAMP:18-121819,1,0.5893,0.5893,0.5882,0.001100000000000101,6,False,False,0.3363,1.0,0.2742,48.0,39.29
BOAMP:15-78924,BOAMP:16-96174,1,0.6199,0.6199,0.6149,0.0050000000000000044,8,False,False,0.5617,0.5,0.6011,12.0,16.79
BOAMP:15-81386,BOAMP:19-87510,1,0.7058,0.7058,0.4043,0.3015,3,False,True,0.4641,0.7,0.9757,48.0,48.29
BOAMP:15-81231,,0,,,,,0,False,False,,,,48.0,111.1
BOAMP:15-82510,,0,,,,,0,False,False,,,,48.0,115.01
BOAMP:15-82236,,0,,,,,0,False,False,,,,48.0,115.01
BOAMP:15-83632,BOAMP:18-76556,1,0.7421,0.7421,0.6205,0.12159999999999993,11,False,True,0.851,1.0,0.0087,48.0,36.1
BOAMP:15-85320,BOAMP:19-34512,1,0.4439,0.4439,0.4364,0.007500000000000007,2,False,False,0.3581,0.0,0.7533,48.0,45.04
BOAMP:15-84881,BOAMP:19-151382,1,0.7377,0.7377,0.5614,0.1763,24,False,True,0.6637,0.5,0.986,48.0,47.83
BOAMP:15-86218,BOAMP:19-103545,1,0.5516,0.5516,0.4855,0.06609999999999999,10,False,False,0.3587,0.3,0.9155,48.0,49.01
BOAMP:15-87511,,0,,,,,0,False,False,,,,48.0,114.75
BOAMP:15-69493,BOAMP:16-1046,1,0.633,0.633,0.3474,0.2856,2,False,False,0.4245,0.7,0.6911,11.0,7.29
BOAMP:15-89415,BOAMP:19-3707,1,0.5664,0.5664,0.559,0.007399999999999962,5,False,False,0.438,0.5,0.5808,48.0,42.97
BOAMP:15-89263,BOAMP:19-75795,1,0.7367,0.7367,,,1,True,False,0.6224,0.7,0.8135,48.0,45.76
BOAMP:15-90549,,0,,,,,0,False,False,,,,48.0,114.55
BOAMP:15-90148,,0,,,,,0,False,False,,,,48.0,114.55
BOAMP:15-92216,BOAMP:18-121819,1,0.6151,0.6151,0.614,0.0010999999999999899,10,False,False,0.4348,1.0,0.2058,48.0,38.47
BOAMP:15-92588,BOAMP:16-85662,1,0.6953,0.6953,0.6923,0.0030000000000000027,16,False,False,0.435,0.7,0.9816,12.0,12.22
BOAMP:15-94958,,0,,,,,0,False,False,,,,48.0,114.32
BOAMP:15-93928,,0,,,,,0,False,False,,,,48.0,114.32
BOAMP:15-95100,BOAMP:19-105444,1,0.6884,0.6884,0.5775,0.1109,7,False,False,0.8704,0.0,0.9511,48.0,48.59
BOAMP:15-95253,BOAMP:19-103545,1,0.5642,0.5642,0.4972,0.06700000000000006,9,False,False,0.3671,0.3,0.962,48.0,48.46
BOAMP:15-95813,BOAMP:19-104228,1,0.3872,0.3872,,,1,True,False,0.2313,0.0,0.7232,48.0,44.68
BOAMP:15-96106,BOAMP:19-103125,1,0.7484,0.7484,0.6558,0.0925999999999999,6,False,True,0.572,0.7,0.973,48.0,48.32
BOAMP:15-96786,,0,,,,,0,False,False,,,,48.0,114.26
BOAMP:15-96870,BOAMP:19-136955,1,0.6588,0.6588,0.623,0.035800000000000054,8,False,False,0.2522,1.0,0.7895,48.0,50.53
BOAMP:15-98976,BOAMP:17-44758,1,0.4452,0.4452,0.357,0.0882,2,False,False,0.3139,0.0,0.8482,24.0,25.82
BOAMP:15-100830,BOAMP:20-16573,1,0.5322,0.5322,0.4515,0.0807,4,False,False,0.3149,0.7,0.4063,48.0,55.12
BOAMP:15-100455,BOAMP:19-156899,1,0.7262,0.7262,0.6235,0.1026999999999999,30,False,True,0.4014,1.0,0.8279,48.0,50.07
BOAMP:15-102510,,0,,,,,0,False,False,,,,48.0,107.16
BOAMP:15-105085,BOAMP:19-106429,1,0.5538,0.5538,0.4585,0.09529999999999994,4,False,False,0.342,0.5,0.7101,48.0,51.48
BOAMP:15-104125,BOAMP:19-110370,1,0.5575,0.5575,0.4512,0.1063,9,False,False,0.2212,0.5,0.9702,48.0,48.36
BOAMP:15-107245,BOAMP:19-177021,1,0.6731,0.6731,0.5465,0.12660000000000005,3,False,False,0.5384,0.7,0.6636,48.0,52.04
BOAMP:15-108955,BOAMP:19-105444,1,0.7279,0.7279,0.6182,0.10970000000000002,7,False,True,0.6364,0.5,0.9915,48.0,47.9
BOAMP:15-108645,BOAMP:19-73211,1,0.4271,0.4271,,,1,True,False,0.282,0.0,0.8217,48.0,45.86
BOAMP:15-111481,BOAMP:19-59985,1,0.7506,0.7506,0.5381,0.21250000000000002,7,False,True,0.5054,1.0,0.7423,48.0,44.91
BOAMP:15-111661,,0,,,,,0,False,False,,,,36.0,113.37
BOAMP:15-114783,BOAMP:19-103125,1,0.7067,0.7067,0.6017,0.10499999999999998,6,False,True,0.4805,0.7,0.9477,48.0,47.37
BOAMP:15-115709,BOAMP:20-70268,1,0.5188,0.5188,0.4584,0.060400000000000065,7,False,False,0.4045,0.7,0.1599,48.0,58.08
BOAMP:15-115988,BOAMP:18-60154,1,0.4893,0.4893,0.422,0.06730000000000003,7,False,False,0.2297,0.7,0.3618,48.0,40.34
BOAMP:15-115336,,0,,,,,0,False,False,,,,60.0,101.41
BOAMP:15-119589,BOAMP:18-153394,1,0.6064,0.6064,,,1,True,False,0.5814,0.7,0.2441,48.0,38.93
BOAMP:15-119639,,0,,,,,0,False,False,,,,48.0,109.92
BOAMP:15-122609,BOAMP:21-25043,1,0.5672,0.5672,,,1,True,False,0.3229,0.5,0.8149,60.0,62.22
BOAMP:15-90876,BOAMP:18-177300,1,0.4892,0.4892,,,1,True,False,0.6643,0.0,0.3673,48.0,40.41
BOAMP:15-124226,BOAMP:19-71679,1,0.9894,0.9894,0.5878,0.40159999999999996,12,False,True,0.9847,1.0,0.9778,48.0,47.73
BOAMP:15-133200,,0,,,,,0,False,False,,,,6.0,112.02
BOAMP:15-134263,,0,,,,,0,False,False,,,,48.0,111.96
BOAMP:15-136371,BOAMP:18-154990,1,0.4538,0.4538,,,1,True,False,0.3593,0.5,0.1756,48.0,38.11
BOAMP:15-139094,,0,,,,,0,False,False,,,,38.0,108.94
BOAMP:15-141361,BOAMP:19-174098,1,0.6427,0.6427,0.5837,0.05900000000000005,13,False,False,0.4414,0.5,0.9559,48.0,47.47
BOAMP:15-142353,BOAMP:20-2441,1,0.8232,0.8232,0.514,0.30920000000000003,3,False,True,0.777,1.0,0.5623,48.0,53.25
BOAMP:15-143083,,0,,,,,0,False,False,,,,48.0,111.43
BOAMP:15-144405,,0,,,,,0,False,False,,,,48.0,111.3
BOAMP:15-146024,BOAMP:20-28749,1,0.6225,0.6225,0.5723,0.05020000000000002,9,False,False,0.36,0.7,0.7676,48.0,50.79
BOAMP:15-150393,,0,,,,,0,False,False,,,,12.0,110.87
BOAMP:15-153008,BOAMP:19-172734,1,0.9076,0.9076,0.5013,0.4063,4,False,True,0.8144,1.0,0.9093,48.0,46.91
BOAMP:15-154566,BOAMP:20-64610,1,0.6894,0.6894,0.6839,0.00550000000000006,6,False,False,0.7352,0.7,0.3515,48.0,55.78
BOAMP:15-160688,BOAMP:20-8882,1,0.5478,0.5478,0.3785,0.16929999999999995,2,False,False,0.3078,0.5,0.7485,48.0,51.02
BOAMP:15-159244,BOAMP:16-63342,1,0.5391,0.5391,0.5051,0.03400000000000003,12,False,False,0.4854,0.0,0.9746,12.0,11.7
BOAMP:15-164088,BOAMP:19-104228,1,0.4667,0.4667,,,1,True,False,0.4494,0.0,0.6848,48.0,44.22
BOAMP:15-164187,BOAMP:19-169855,1,0.6538,0.6538,0.5891,0.06470000000000009,7,False,False,0.3423,0.7,0.9593,48.0,48.49
BOAMP:15-165050,BOAMP:16-81907,1,0.6429,0.6429,0.6335,0.009400000000000075,3,False,False,0.3368,0.7,0.9159,12.0,13.01
BOAMP:15-165845,,0,,,,,0,False,False,,,,3.0,106.47
BOAMP:15-168917,,0,,,,,0,False,False,,,,48.0,109.72
BOAMP:15-169809,BOAMP:19-59985,1,0.6089,0.6089,0.574,0.03490000000000004,10,False,False,0.4919,0.7,0.4357,48.0,41.23
BOAMP:15-171325,,0,,,,,0,False,False,,,,24.0,109.69
BOAMP:15-173700,BOAMP:19-87143,1,0.5144,0.5144,0.4742,0.04019999999999996,2,False,False,0.3725,0.5,0.452,36.0,42.58
BOAMP:15-174987,BOAMP:19-136955,1,0.9206,0.9206,0.6962,0.22439999999999993,7,False,True,0.8962,1.0,0.8108,48.0,45.73
BOAMP:15-175210,BOAMP:20-26585,1,0.7294,0.7294,0.7201,0.009300000000000086,28,False,False,0.5138,0.7,0.9942,48.0,47.93
BOAMP:15-175690,,0,,,,,0,False,False,,,,24.0,106.24
BOAMP:15-177015,,0,,,,,0,False,False,,,,48.0,104.11
BOAMP:15-178728,BOAMP:19-177021,1,0.7279,0.7279,0.5205,0.20740000000000003,5,False,True,0.6193,0.7,0.7758,48.0,50.69
BOAMP:15-179034,,0,,,,,0,False,False,,,,48.0,109.13
BOAMP:15-179747,BOAMP:19-59985,1,0.6,0.6,0.5168,0.08319999999999994,9,False,False,0.4944,0.7,0.3864,48.0,40.64
BOAMP:15-178791,BOAMP:20-12070,1,0.8541,0.8541,0.7964,0.057699999999999974,29,False,True,0.7132,1.0,0.8443,48.0,49.87
BOAMP:15-182957,BOAMP:19-59985,1,0.5923,0.5923,0.507,0.08530000000000004,9,False,False,0.4847,0.7,0.3673,48.0,40.41
BOAMP:15-184251,BOAMP:18-146489,1,0.4986,0.4986,,,1,True,False,0.6382,0.0,0.4666,36.0,29.6
BOAMP:15-185112,BOAMP:19-126819,1,0.6476,0.6476,0.5618,0.08579999999999999,7,False,False,0.5864,0.5,0.6903,48.0,44.28
BOAMP:15-186668,,0,,,,,0,False,False,,,,48.0,104.89
BOAMP:15-187883,BOAMP:19-18263,1,0.6959,0.6959,0.686,0.009899999999999909,8,False,False,0.7427,0.5,0.6191,48.0,43.43
BOAMP:15-189271,BOAMP:19-174809,1,0.7704,0.7704,0.7388,0.03159999999999996,8,False,False,0.652,0.7,0.923,48.0,47.08
BOAMP:15-191209,BOAMP:20-892,1,0.6481,0.6481,,,1,True,False,0.4518,0.5,0.962,48.0,48.46
BOAMP:15-192356,BOAMP:17-13461,1,0.7085,0.7085,0.681,0.02749999999999997,14,False,False,0.509,0.7,0.8995,12.0,13.21
BOAMP:16-2771,BOAMP:19-126819,1,0.6271,0.6271,0.5779,0.04920000000000002,7,False,False,0.5747,0.5,0.6109,48.0,43.33
BOAMP:16-3447,,0,,,,,0,False,False,,,,48.0,107.65
BOAMP:16-4040,,0,,,,,0,False,False,,,,48.0,107.62
BOAMP:16-6135,BOAMP:20-23861,1,0.5132,0.5132,,,1,True,False,0.4599,0.0,0.8963,48.0,49.24
BOAMP:16-5206,BOAMP:18-36652,1,0.6549,0.6549,0.6463,0.008600000000000052,14,False,False,0.5269,0.5,0.8458,28.0,26.15
BOAMP:16-7712,BOAMP:18-29896,1,0.7026,0.7026,0.5838,0.11880000000000002,4,False,True,0.5584,0.7,0.7712,24.0,21.25
BOAMP:16-1046,,0,,,,,0,False,False,,,,55.0,107.42
BOAMP:16-7640,BOAMP:19-59985,1,0.6173,0.6173,0.5276,0.0897,9,False,False,0.4213,1.0,0.2441,48.0,38.93
BOAMP:16-7903,,0,,,,,0,False,False,,,,48.0,104.86
BOAMP:16-10778,BOAMP:18-8879,1,0.7371,0.7371,0.6941,0.04299999999999993,6,False,False,0.6431,0.7,0.7743,24.0,26.71
BOAMP:16-10414,,0,,,,,0,False,False,,,,24.0,107.29
BOAMP:16-10649,BOAMP:20-50911,1,0.5787,0.5787,0.5675,0.011199999999999988,6,False,False,0.5069,0.5,0.5048,48.0,53.94
BOAMP:16-12477,BOAMP:19-39750,1,0.5542,0.5542,0.5277,0.02650000000000008,3,False,False,0.3386,0.7,0.4686,48.0,41.62
BOAMP:16-14558,,0,,,,,0,False,False,,,,36.0,101.87
BOAMP:16-15282,BOAMP:19-190109,1,0.4843,0.4843,,,1,True,False,0.3961,0.0,0.8792,48.0,46.55
BOAMP:16-16627,BOAMP:19-160471,1,0.7171,0.7171,0.4853,0.23179999999999995,7,False,True,0.5361,0.7,0.8881,48.0,49.34
BOAMP:16-17002,BOAMP:19-87143,1,0.5594,0.5594,0.5085,0.050900000000000056,2,False,False,0.3769,0.5,0.6683,36.0,39.98
BOAMP:16-19705,,0,,,,,0,False,False,,,,48.0,102.33
BOAMP:16-21939,BOAMP:19-87143,1,0.4518,0.4518,0.4009,0.0509,4,False,False,0.2872,0.5,0.3098,48.0,39.72
BOAMP:16-23686,,0,,,,,0,False,False,,,,48.0,102.46
BOAMP:16-26260,BOAMP:16-151887,1,0.4122,0.4122,,,1,True,False,0.3311,0.0,0.6488,12.0,7.79
BOAMP:16-20531,,0,,,,,0,False,False,,,,48.0,106.24
BOAMP:16-25827,,0,,,,,0,False,False,,,,48.0,106.24
BOAMP:16-27767,,0,,,,,0,False,False,,,,48.0,106.18
BOAMP:16-28465,,0,,,,,0,False,False,,,,48.0,106.01
BOAMP:16-30120,BOAMP:20-27358,1,0.9509,0.9509,0.6972,0.2536999999999999,6,False,True,0.8882,1.0,0.9778,48.0,47.73
BOAMP:16-30715,,0,,,,,0,False,False,,,,48.0,105.98
BOAMP:16-30963,BOAMP:20-70265,1,0.8599,0.8599,0.5029,0.357,6,False,True,0.7892,1.0,0.7211,48.0,51.35
BOAMP:16-32105,,0,,,,,0,False,False,,,,12.0,102.96
BOAMP:16-33283,BOAMP:16-135042,1,0.7334,0.7334,0.6818,0.05160000000000009,19,False,True,0.5672,0.7,0.9077,12.0,13.11
BOAMP:16-33632,BOAMP:20-26585,1,0.763,0.763,0.7094,0.05359999999999998,28,False,True,0.6183,0.7,0.9531,48.0,47.44
BOAMP:16-27384,,0,,,,,0,False,False,,,,48.0,105.55
BOAMP:16-38113,BOAMP:19-160471,1,0.7501,0.7501,0.4739,0.2762,7,False,True,0.5628,0.7,0.9997,48.0,48.0
BOAMP:16-40838,BOAMP:20-76288,1,0.5955,0.5955,,,1,True,False,0.4201,0.5,0.7622,48.0,50.85
BOAMP:16-42023,,0,,,,,0,False,False,,,,48.0,105.26
BOAMP:16-42170,BOAMP:19-39750,1,0.3129,0.3129,,,1,True,False,0.2729,0.0,0.2687,48.0,39.22
BOAMP:16-42996,BOAMP:17-20659,1,0.475,0.475,,,1,True,False,0.4125,0.5,0.175,19.0,9.1
BOAMP:16-43654,,0,,,,,0,False,False,,,,48.0,105.09
BOAMP:16-45436,,0,,,,,0,False,False,,,,48.0,99.84
BOAMP:16-45870,BOAMP:19-35566,1,0.7765,0.7765,0.5855,0.19099999999999995,9,False,True,0.474,1.0,0.9347,36.0,35.22
BOAMP:16-44890,BOAMP:17-56105,1,0.5571,0.5571,,,1,True,False,0.257,0.5,0.8967,12.0,13.24
BOAMP:16-48130,BOAMP:20-70265,1,0.6467,0.6467,0.6296,0.017100000000000004,6,False,False,0.5827,0.5,0.6931,48.0,44.32
BOAMP:16-48232,BOAMP:20-27358,1,0.9344,0.9344,0.7162,0.21820000000000006,7,False,True,0.8869,1.0,0.8984,48.0,46.78
BOAMP:16-46830,BOAMP:18-146489,1,0.5865,0.5865,0.5354,0.051100000000000034,4,False,False,0.4821,0.7,0.3434,36.0,28.12
BOAMP:16-54252,,0,,,,,0,False,False,,,,12.0,104.53
BOAMP:16-53642,,0,,,,,0,False,False,,,,48.0,101.45
BOAMP:16-54197,BOAMP:20-78012,1,0.6164,0.6164,0.572,0.044399999999999995,29,False,False,0.3133,0.7,0.8306,48.0,50.03
BOAMP:16-54370,BOAMP:20-78012,1,0.6032,0.6032,0.571,0.032200000000000006,28,False,False,0.2801,0.7,0.8306,48.0,50.03
BOAMP:16-55219,,0,,,,,0,False,False,,,,48.0,104.43
BOAMP:16-34964,,0,,,,,0,False,False,,,,48.0,104.4
BOAMP:16-55493,,0,,,,,0,False,False,,,,14.0,104.4
BOAMP:16-56502,,0,,,,,0,False,False,,,,60.0,104.3
BOAMP:16-57562,BOAMP:19-85688,1,0.6824,0.6824,0.6201,0.06230000000000002,4,False,False,0.3951,1.0,0.6219,48.0,43.46
BOAMP:16-61061,BOAMP:19-174809,1,0.6005,0.6005,0.5752,0.02529999999999999,7,False,False,0.4093,0.7,0.5589,48.0,42.71
BOAMP:16-61484,BOAMP:20-12202,1,0.7037,0.7037,0.6496,0.05410000000000004,22,False,True,0.6362,0.5,0.871,48.0,46.45
BOAMP:16-62960,BOAMP:20-38676,1,0.605,0.605,0.5415,0.0635,7,False,False,0.4811,0.5,0.6876,48.0,44.25
BOAMP:16-63210,,0,,,,,0,False,False,,,,48.0,103.94
BOAMP:16-63741,,0,,,,,0,False,False,,,,12.0,100.92
BOAMP:16-65569,,0,,,,,0,False,False,,,,48.0,103.84
BOAMP:16-64280,,0,,,,,0,False,False,,,,60.0,99.61
BOAMP:16-63342,BOAMP:20-78012,1,0.5954,0.5954,0.5627,0.03270000000000006,27,False,False,0.5863,0.3,0.6794,48.0,44.15
BOAMP:16-66951,,0,,,,,0,False,False,,,,3.0,103.65
BOAMP:16-67267,,0,,,,,0,False,False,,,,39.0,97.21
BOAMP:16-68875,,0,,,,,0,False,False,,,,48.0,103.65
BOAMP:16-69641,,0,,,,,0,False,False,,,,48.0,103.61
BOAMP:16-63298,,0,,,,,0,False,False,,,,5.0,103.48
BOAMP:16-70203,BOAMP:18-54467,1,0.6095,0.6095,0.5642,0.04530000000000001,7,False,False,0.5046,1.0,0.0383,37.0,25.46
BOAMP:16-72442,BOAMP:20-50446,1,0.8155,0.8155,0.6685,0.14700000000000002,14,False,True,0.8678,0.5,0.9668,48.0,47.6
BOAMP:16-73215,BOAMP:19-36958,1,0.7245,0.7245,0.6904,0.03410000000000002,27,False,False,0.5059,0.7,0.9859,36.0,36.17
BOAMP:16-73358,BOAMP:20-2441,1,0.7979,0.7979,0.5684,0.22950000000000004,3,False,True,0.6907,0.7,0.9832,48.0,47.8
BOAMP:16-73319,BOAMP:20-70268,1,0.8885,0.8885,0.503,0.38549999999999995,4,False,True,0.7471,1.0,0.9483,48.0,48.62
BOAMP:16-74130,,0,,,,,0,False,False,,,,48.0,101.18
BOAMP:16-74267,BOAMP:20-115620,1,0.6315,0.6315,0.6139,0.01759999999999995,13,False,False,0.4262,0.7,0.68,48.0,51.84
BOAMP:16-77563,BOAMP:20-140005,1,0.8909,0.8909,0.8623,0.02860000000000007,2,False,False,0.9597,1.0,0.5349,48.0,53.58
BOAMP:16-78018,,0,,,,,0,False,False,,,,72.0,103.06
BOAMP:16-81005,BOAMP:17-68883,1,0.6139,0.6139,0.6024,0.011499999999999955,3,False,False,0.682,0.0,0.9554,12.0,11.47
BOAMP:16-81774,BOAMP:19-163024,1,0.6248,0.6248,0.6069,0.017900000000000027,6,False,False,0.3302,0.7,0.8388,48.0,49.93
BOAMP:16-79797,BOAMP:17-39998,1,0.4604,0.4604,0.4443,0.016100000000000003,11,False,False,0.3153,0.0,0.9214,12.0,12.94
BOAMP:16-83187,BOAMP:20-8882,1,0.52,0.52,0.3554,0.16460000000000002,3,False,False,0.303,0.5,0.6191,48.0,43.43
BOAMP:16-84309,BOAMP:18-265,1,0.5489,0.5489,0.5276,0.021300000000000097,8,False,False,0.3016,1.0,0.1412,12.0,22.31
BOAMP:16-81907,BOAMP:19-127477,1,0.5892,0.5892,0.5293,0.05989999999999995,5,False,False,0.4482,0.7,0.4248,48.0,41.1
BOAMP:16-81846,,0,,,,,0,False,False,,,,48.0,99.11
BOAMP:16-83013,BOAMP:20-72064,1,0.3211,0.3211,,,1,True,False,0.2483,0.0,0.3591,48.0,40.31
BOAMP:16-79523,BOAMP:17-94724,1,0.5496,0.5496,0.5229,0.026699999999999946,12,False,False,0.312,0.3,0.9992,12.0,11.99
BOAMP:16-84729,BOAMP:20-70265,1,0.6238,0.6238,0.6237,9.999999999998899e-05,6,False,False,0.6924,0.0,0.9839,48.0,48.19
BOAMP:16-85552,BOAMP:17-77862,1,0.5061,0.5061,0.5029,0.0031999999999999806,11,False,False,0.4044,0.0,0.9719,12.0,11.66
BOAMP:16-85545,BOAMP:20-75569,1,0.3741,0.3741,,,1,True,False,0.2489,0.0,0.6225,48.0,52.53
BOAMP:16-85662,BOAMP:17-71849,1,0.6935,0.6935,0.6887,0.0048000000000000265,14,False,False,0.5806,0.7,0.6814,6.0,9.82
BOAMP:16-85619,BOAMP:20-138135,1,0.7593,0.7593,0.707,0.05230000000000001,20,False,True,0.7513,0.7,0.6691,48.0,51.97
BOAMP:16-80474,,0,,,,,0,False,False,,,,48.0,96.02
BOAMP:16-92101,BOAMP:21-4564,1,0.3601,0.3601,,,1,True,False,0.4427,0.0,0.1651,41.0,51.02
BOAMP:16-94328,,0,,,,,0,False,False,,,,60.0,102.14
BOAMP:16-96174,BOAMP:17-140948,1,0.7281,0.7281,0.7196,0.008499999999999952,31,False,False,0.7322,0.5,0.8009,12.0,14.39
BOAMP:16-95884,BOAMP:18-144441,1,0.5173,0.5173,,,1,True,False,0.5666,0.0,0.7031,24.0,27.56
BOAMP:16-98551,BOAMP:20-6485,1,0.7113,0.7113,0.7021,0.009200000000000097,4,False,False,0.5165,0.7,0.8984,48.0,46.78
BOAMP:16-98698,BOAMP:18-74252,1,0.9964,0.9964,0.4571,0.5392999999999999,7,False,True,1.0,1.0,0.982,24.0,23.78
BOAMP:16-97484,,0,,,,,0,False,False,,,,48.0,96.29
BOAMP:16-92162,,0,,,,,0,False,False,,,,48.0,96.39
BOAMP:16-98038,,0,,,,,0,False,False,,,,36.0,101.91
BOAMP:16-100426,BOAMP:20-66280,1,0.6509,0.6509,0.6302,0.02070000000000005,7,False,False,0.286,1.0,0.6828,48.0,51.81
BOAMP:16-98835,,0,,,,,0,False,False,,,,60.0,101.74
BOAMP:16-102238,,0,,,,,0,False,False,,,,24.0,101.74
BOAMP:16-102715,BOAMP:17-91935,1,0.6373,0.6373,0.51,0.12729999999999997,23,False,False,0.2949,0.7,0.9719,12.0,11.66
BOAMP:16-103088,BOAMP:17-105683,1,0.7071,0.7071,0.4988,0.20829999999999993,4,False,True,1.0,0.3,0.4104,6.0,13.07
BOAMP:16-104455,,0,,,,,0,False,False,,,,48.0,101.61
BOAMP:16-103802,,0,,,,,0,False,False,,,,24.0,101.61
BOAMP:16-103833,BOAMP:20-49949,1,0.8138,0.8138,0.7435,0.07029999999999992,22,False,True,0.841,0.7,0.7622,48.0,50.85
BOAMP:16-106250,,0,,,,,0,False,False,,,,48.0,101.54
BOAMP:16-105530,,0,,,,,0,False,False,,,,48.0,101.54
BOAMP:16-106204,BOAMP:21-14714,1,0.4947,0.4947,0.4911,0.003599999999999992,4,False,False,0.4657,0.0,0.7923,48.0,50.49
BOAMP:16-106449,,0,,,,,0,False,False,,,,48.0,101.54
BOAMP:16-108815,,0,,,,,0,False,False,,,,8.0,101.35
BOAMP:16-109013,,0,,,,,0,False,False,,,,12.0,101.31
BOAMP:16-109017,BOAMP:17-85294,1,0.7115,0.7115,0.6229,0.08860000000000001,5,False,True,0.5091,0.7,0.9144,12.0,10.97
BOAMP:16-107267,BOAMP:20-70268,1,0.6177,0.6177,0.5631,0.05459999999999998,7,False,False,0.2893,0.7,0.8847,48.0,46.62
BOAMP:16-109854,,0,,,,,0,False,False,,,,48.0,101.22
BOAMP:16-99329,,0,,,,,0,False,False,,,,48.0,97.77
BOAMP:16-110437,,0,,,,,0,False,False,,,,36.0,101.18
BOAMP:16-111867,BOAMP:22-127882,1,0.3874,0.3874,0.2765,0.1109,2,False,False,0.2134,0.0,0.76,72.0,69.12
BOAMP:16-114007,,0,,,,,0,False,False,,,,12.0,101.05
BOAMP:16-114945,BOAMP:18-76556,1,0.6883,0.6883,0.6726,0.015700000000000047,11,False,False,0.4855,0.7,0.8452,24.0,22.14
BOAMP:16-118533,BOAMP:17-124242,1,0.704,0.704,,,1,True,False,0.2657,1.0,0.9883,12.0,11.86
BOAMP:16-123498,BOAMP:20-62727,1,0.49,0.49,0.482,0.008000000000000007,12,False,False,0.3734,0.0,0.9531,48.0,47.44
BOAMP:16-124376,BOAMP:18-150422,1,0.7755,0.7755,0.7572,0.018299999999999983,23,False,False,0.445,1.0,0.9875,24.0,23.85
BOAMP:16-125901,,0,,,,,0,False,False,,,,48.0,100.16
BOAMP:16-127032,BOAMP:21-88219,1,0.521,0.521,0.481,0.040000000000000036,5,False,False,0.4458,0.7,0.0887,48.0,58.94
BOAMP:16-128900,,0,,,,,0,False,False,,,,48.0,99.93
BOAMP:16-128870,BOAMP:20-118996,1,0.8218,0.8218,0.6996,0.12219999999999998,15,False,True,0.605,1.0,0.899,48.0,49.21
BOAMP:16-130215,BOAMP:18-133090,1,0.7836,0.7836,0.7239,0.059699999999999975,4,False,True,0.9172,1.0,0.0837,12.0,23.0
BOAMP:16-128161,BOAMP:21-7561,1,0.8315,0.8315,0.7197,0.11180000000000001,27,False,True,0.7579,1.0,0.6417,48.0,52.3
BOAMP:16-131471,,0,,,,,0,False,False,,,,48.0,96.85
BOAMP:16-132878,,0,,,,,0,False,False,,,,48.0,99.61
BOAMP:16-134501,BOAMP:16-139147,1,0.6335,0.6335,0.6288,0.0046999999999999265,8,False,False,0.3892,0.7,0.7638,12.0,9.17
BOAMP:16-135042,BOAMP:22-39212,1,0.8093,0.8093,0.7399,0.06940000000000002,37,False,True,0.5594,1.0,0.9277,60.0,59.13
BOAMP:16-136139,BOAMP:17-68186,1,0.7982,0.7982,0.7168,0.08140000000000003,26,False,True,1.0,0.5,0.616,12.0,7.39
BOAMP:16-136057,BOAMP:17-69161,1,0.6049,0.6049,0.5149,0.08999999999999997,3,False,False,0.617,0.3,0.6657,2.0,6.01
BOAMP:16-139456,BOAMP:20-50911,1,0.6339,0.6339,0.5898,0.04410000000000003,3,False,False,0.481,0.5,0.8327,48.0,45.99
BOAMP:16-139147,BOAMP:17-93952,1,0.8337,0.8337,0.7137,0.12,5,False,True,0.6366,1.0,0.8952,12.0,10.74
BOAMP:16-139674,BOAMP:20-150503,1,0.5895,0.5895,0.4315,0.15800000000000003,3,False,False,0.6917,0.0,0.8142,48.0,50.23
BOAMP:16-139386,,0,,,,,0,False,False,,,,48.0,97.77
BOAMP:16-137248,,0,,,,,0,False,False,,,,48.0,96.02
BOAMP:16-140691,,0,,,,,0,False,False,,,,24.0,99.05
BOAMP:16-142611,BOAMP:21-124087,1,0.2514,0.2514,,,1,True,False,0.2337,0.0,0.0394,48.0,59.53
BOAMP:16-146809,,0,,,,,0,False,False,,,,12.0,92.44
BOAMP:16-149380,,0,,,,,0,False,False,,,,3.0,98.59
BOAMP:16-151887,,0,,,,,0,False,False,,,,12.0,94.94
BOAMP:16-151274,BOAMP:21-4564,1,0.3013,0.3013,,,1,True,False,0.3602,0.0,0.0359,36.0,47.57
BOAMP:16-153677,BOAMP:19-87143,1,0.5085,0.5085,0.4957,0.012799999999999978,3,False,False,0.2723,0.5,0.6226,36.0,31.47
BOAMP:16-153566,,0,,,,,0,False,False,,,,36.0,98.36
BOAMP:16-153330,BOAMP:22-165917,1,0.6474,0.6474,0.5768,0.0706,30,False,False,0.7836,0.0,0.9195,60.0,59.03
BOAMP:16-153188,BOAMP:18-122920,1,0.5388,0.5388,0.4172,0.12159999999999993,6,False,False,0.593,0.0,0.7582,28.0,25.1
BOAMP:16-153795,BOAMP:17-177418,1,0.6465,0.6465,0.6171,0.02939999999999998,13,False,False,0.5413,1.0,0.1498,24.0,13.8
BOAMP:16-155186,BOAMP:17-61199,1,0.6898,0.6898,,,1,True,False,0.4644,1.0,0.5201,12.0,6.24
BOAMP:16-158195,,0,,,,,0,False,False,,,,36.0,98.09
BOAMP:16-158411,,0,,,,,0,False,False,,,,12.0,98.09
BOAMP:16-161115,BOAMP:19-141668,1,0.5406,0.5406,,,1,True,False,0.3252,1.0,0.0525,48.0,36.63
BOAMP:16-166758,BOAMP:20-2441,1,0.6459,0.6459,0.6442,0.0017000000000000348,4,False,False,0.6203,0.5,0.6137,48.0,43.36
BOAMP:16-167180,,0,,,,,0,False,False,,,,12.0,96.35
BOAMP:16-170680,BOAMP:20-50446,1,0.5998,0.5998,0.5697,0.030100000000000016,8,False,False,0.341,0.5,0.9422,48.0,47.31
BOAMP:16-172610,BOAMP:20-17802,1,0.7078,0.7078,0.6965,0.011299999999999977,6,False,False,0.6843,0.7,0.5452,48.0,42.54
BOAMP:16-171762,BOAMP:17-127198,1,0.4586,0.4586,,,1,True,False,0.4618,0.3,0.2446,18.0,8.94
BOAMP:16-172095,BOAMP:17-127198,1,0.3878,0.3878,0.3385,0.049299999999999955,2,False,False,0.5716,0.0,0.0458,24.0,12.55
BOAMP:16-173647,,0,,,,,0,False,False,,,,48.0,96.88
BOAMP:16-176618,BOAMP:20-48669,1,0.3843,0.3843,0.3025,0.08179999999999998,2,False,False,0.428,0.0,0.3153,48.0,39.78
BOAMP:16-176813,,0,,,,,0,False,False,,,,48.0,91.92
BOAMP:16-179721,BOAMP:20-59734,1,0.4226,0.4226,0.3563,0.06629999999999997,4,False,False,0.2995,0.3,0.3892,48.0,40.67
BOAMP:16-180684,,0,,,,,0,False,False,,,,1.0,96.48
BOAMP:16-182034,BOAMP:17-174760,1,0.7498,0.7498,0.4975,0.2523,2,False,True,0.6358,1.0,0.4773,7.0,13.27
BOAMP:16-184522,,0,,,,,0,False,False,,,,48.0,96.25
BOAMP:16-183156,BOAMP:21-88219,1,0.5206,0.5206,0.5165,0.0040999999999999925,6,False,False,0.253,0.7,0.472,48.0,54.34
BOAMP:16-183705,BOAMP:17-176560,1,0.8868,0.8868,0.3456,0.5412,3,False,True,0.7269,1.0,0.9801,12.0,11.76
BOAMP:16-184210,BOAMP:19-176592,1,0.5837,0.5837,0.5806,0.0030999999999999917,6,False,False,0.5964,0.5,0.3509,48.0,40.21
BOAMP:16-184750,BOAMP:19-177026,1,0.2862,0.2862,,,1,True,False,0.297,0.0,0.0872,24.0,34.95
BOAMP:17-1971,,0,,,,,0,False,False,,,,48.0,95.8
BOAMP:17-2924,,0,,,,,0,False,False,,,,12.0,95.73
BOAMP:17-4904,,0,,,,,0,False,False,,,,48.0,95.63
BOAMP:17-8592,BOAMP:18-91798,1,0.5244,0.5244,,,1,True,False,0.3489,0.5,0.5491,12.0,17.41
BOAMP:17-6714,BOAMP:20-114106,1,0.8663,0.8663,0.5243,0.34199999999999997,3,False,True,1.0,1.0,0.3316,36.0,44.02
BOAMP:17-8714,BOAMP:21-88219,1,0.5621,0.5621,0.5126,0.0495000000000001,5,False,False,0.4895,0.7,0.2064,48.0,57.52
BOAMP:17-9361,BOAMP:21-15299,1,0.494,0.494,0.4797,0.01429999999999998,14,False,False,0.3817,0.0,0.9565,48.0,48.52
BOAMP:17-10167,,0,,,,,0,False,False,,,,48.0,95.34
BOAMP:17-8483,BOAMP:18-58630,1,0.2636,0.2636,,,1,True,False,0.2347,0.0,0.0987,4.0,14.82
BOAMP:17-12394,,0,,,,,0,False,False,,,,48.0,95.14
BOAMP:17-13461,BOAMP:20-26328,1,0.6898,0.6898,0.6892,0.0005999999999999339,27,False,False,0.4423,0.7,0.9393,36.0,36.73
BOAMP:17-14320,,0,,,,,0,False,False,,,,48.0,94.94
BOAMP:17-14986,BOAMP:17-159373,1,0.7115,0.7115,0.7,0.011500000000000066,10,False,False,0.5488,0.7,0.835,12.0,10.02
BOAMP:17-16256,,0,,,,,0,False,False,,,,48.0,94.91
BOAMP:17-15684,BOAMP:20-98331,1,0.4818,0.4818,0.4135,0.06830000000000003,4,False,False,0.3941,0.3,0.4959,48.0,41.95
BOAMP:17-20659,BOAMP:21-44149,1,0.7777,0.7777,0.5245,0.2532,2,False,True,0.7994,0.5,0.9148,48.0,46.98
BOAMP:17-19962,BOAMP:18-61507,1,0.5141,0.5141,0.4538,0.06030000000000002,2,False,False,0.4468,0.0,0.9269,12.0,12.88
BOAMP:17-19635,,0,,,,,0,False,False,,,,1.0,94.61
BOAMP:17-20825,BOAMP:21-28963,1,0.6015,0.6015,0.5051,0.09640000000000004,5,False,False,0.242,0.7,0.8984,48.0,46.78
BOAMP:17-23389,BOAMP:17-147216,1,0.8546,0.8546,0.7887,0.06590000000000007,2,False,True,0.6707,1.0,0.9317,9.0,8.18
BOAMP:17-22230,,0,,,,,0,False,False,,,,12.0,91.46
BOAMP:17-23490,,0,,,,,0,False,False,,,,12.0,94.38
BOAMP:17-25253,,0,,,,,0,False,False,,,,48.0,94.28
BOAMP:17-25915,BOAMP:21-45622,1,0.5238,0.5238,0.5109,0.012900000000000023,15,False,False,0.3067,0.5,0.6307,48.0,52.43
BOAMP:17-26666,,0,,,,,0,False,False,,,,12.0,93.07
BOAMP:17-27341,BOAMP:20-35774,1,0.4584,0.4584,0.4189,0.03949999999999998,11,False,False,0.2729,0.0,0.9963,44.0,43.96
BOAMP:17-29415,BOAMP:21-77546,1,0.8515,0.8515,0.7656,0.08590000000000009,12,False,True,0.7641,1.0,0.7293,48.0,51.25
BOAMP:17-32686,BOAMP:17-147216,1,0.8126,0.8126,0.7927,0.01990000000000003,2,False,False,0.6346,1.0,0.7936,10.0,7.52
BOAMP:17-31647,,0,,,,,0,False,False,,,,48.0,83.28
BOAMP:17-35511,,0,,,,,0,False,False,,,,48.0,93.59
BOAMP:17-35759,BOAMP:19-147943,1,0.5563,0.5563,0.545,0.011299999999999977,15,False,False,0.3621,0.7,0.4321,24.0,30.81
BOAMP:17-35545,BOAMP:18-159101,1,0.8492,0.8492,0.6487,0.2004999999999999,9,False,True,0.876,0.7,0.869,14.0,15.57
BOAMP:17-38797,BOAMP:18-101099,1,0.4847,0.4847,,,1,True,False,0.3879,0.0,0.8979,12.0,10.78
BOAMP:17-39457,BOAMP:18-87219,1,0.8787,0.8787,0.8561,0.022600000000000064,2,False,False,0.8236,1.0,0.7462,12.0,15.05
BOAMP:17-40324,BOAMP:21-27874,1,0.6041,0.6041,0.4867,0.11739999999999995,2,False,False,0.269,0.7,0.8573,48.0,46.29
BOAMP:17-39093,BOAMP:20-91479,1,0.4136,0.4136,,,1,True,False,0.3959,0.0,0.5261,48.0,42.31
BOAMP:17-39998,BOAMP:21-101248,1,0.6274,0.6274,0.412,0.21539999999999998,6,False,False,0.4215,0.7,0.6691,48.0,51.97
BOAMP:17-44758,BOAMP:21-22700,1,0.5155,0.5155,0.4611,0.05439999999999995,2,False,False,0.3259,0.5,0.5507,48.0,42.61
BOAMP:17-44607,BOAMP:21-67771,1,0.6808,0.6808,0.6721,0.00869999999999993,26,False,False,0.3098,1.0,0.7841,48.0,50.59
BOAMP:17-45104,BOAMP:19-104228,1,0.363,0.363,,,1,True,False,0.484,0.0,0.0973,12.0,22.83
BOAMP:17-47832,,0,,,,,0,False,False,,,,48.0,92.87
BOAMP:17-48788,BOAMP:19-147943,1,0.6383,0.6383,0.6328,0.005499999999999949,15,False,False,0.496,0.7,0.5745,24.0,29.11
BOAMP:17-47703,BOAMP:18-153265,1,0.4567,0.4567,0.3105,0.1462,2,False,False,0.3208,0.0,0.892,24.0,25.3
BOAMP:17-47930,BOAMP:19-147530,1,0.6457,0.6457,0.5569,0.0888000000000001,2,False,False,0.5788,0.7,0.4458,24.0,30.65
BOAMP:17-48519,,0,,,,,0,False,False,,,,48.0,92.74
BOAMP:17-42319,,0,,,,,0,False,False,,,,12.0,86.2
BOAMP:17-47467,,0,,,,,0,False,False,,,,48.0,90.08
BOAMP:17-53475,BOAMP:18-8879,1,0.8377,0.8377,0.7558,0.08189999999999997,3,False,True,0.7936,0.7,0.9761,12.0,12.29
BOAMP:17-55172,BOAMP:19-10579,1,0.5002,0.5002,,,1,True,False,0.5848,0.0,0.5813,16.0,21.02
BOAMP:17-54861,,0,,,,,0,False,False,,,,36.0,90.37
BOAMP:17-57345,BOAMP:20-122198,1,0.5199,0.5199,0.4121,0.1078,2,False,False,0.3875,0.5,0.4494,48.0,41.39
BOAMP:17-56720,,0,,,,,0,False,False,,,,12.0,88.07
BOAMP:17-58486,BOAMP:17-159373,1,0.7582,0.7582,0.7381,0.020100000000000007,10,False,False,0.6177,0.7,0.9308,12.0,11.17
BOAMP:17-58113,BOAMP:19-177026,1,0.3781,0.3781,,,1,True,False,0.361,0.0,0.4184,24.0,30.98
BOAMP:17-58214,BOAMP:21-85842,1,0.7514,0.7514,0.6878,0.06359999999999999,24,False,True,0.455,1.0,0.847,48.0,49.84
BOAMP:17-56890,BOAMP:18-103911,1,0.445,0.445,0.4447,0.00030000000000002247,12,False,False,0.2733,0.0,0.9281,12.0,11.14
BOAMP:17-62129,BOAMP:18-128655,1,0.6896,0.6896,0.6723,0.017299999999999982,22,False,False,0.5062,0.7,0.8109,18.0,20.27
BOAMP:17-61199,,0,,,,,0,False,False,,,,12.0,91.92
BOAMP:17-61541,BOAMP:21-76925,1,0.8958,0.8958,0.7413,0.15450000000000008,12,False,True,0.8556,1.0,0.7676,48.0,50.79
BOAMP:17-62974,BOAMP:20-98937,1,0.3893,0.3893,,,1,True,False,0.2709,0.0,0.6547,48.0,43.86
BOAMP:17-62873,BOAMP:20-114106,1,0.926,0.926,0.4647,0.46130000000000004,5,False,True,1.0,1.0,0.63,36.0,40.44
BOAMP:17-56105,,0,,,,,0,False,False,,,,60.0,91.82
BOAMP:17-66007,BOAMP:21-37354,1,0.5874,0.5874,0.5865,0.0009000000000000119,11,False,False,0.6649,0.0,0.8573,48.0,46.29
BOAMP:17-67752,BOAMP:21-124527,1,0.4642,0.4642,0.4571,0.007099999999999995,4,False,False,0.4538,0.0,0.6636,48.0,52.04
BOAMP:17-69161,BOAMP:21-103746,1,0.8021,0.8021,0.4957,0.30640000000000006,3,False,True,0.9135,0.5,0.8087,48.0,50.3
BOAMP:17-69162,BOAMP:19-160471,1,0.6144,0.6144,0.4577,0.15669999999999995,4,False,False,0.2853,0.7,0.8763,30.0,28.52
BOAMP:17-68186,BOAMP:18-128655,1,0.6674,0.6674,0.6622,0.005199999999999982,15,False,False,0.6928,0.5,0.5764,12.0,17.08
BOAMP:17-59442,,0,,,,,0,False,False,,,,48.0,91.43
BOAMP:17-68883,BOAMP:19-177026,1,0.3896,0.3896,,,1,True,False,0.361,0.0,0.4759,24.0,30.29
BOAMP:17-71849,BOAMP:18-26824,1,0.7278,0.7278,0.7104,0.01739999999999997,14,False,False,0.3816,1.0,0.876,12.0,10.51
BOAMP:17-71852,,0,,,,,0,False,False,,,,48.0,91.26
BOAMP:17-73536,BOAMP:22-153504,1,0.6811,0.6811,0.6718,0.009300000000000086,38,False,False,0.5489,0.5,0.9327,60.0,60.81
BOAMP:17-73142,BOAMP:19-177021,1,0.6843,0.6843,0.5428,0.14150000000000007,6,False,False,0.5061,0.7,0.7842,36.0,33.41
BOAMP:17-73357,,0,,,,,0,False,False,,,,12.0,86.17
BOAMP:17-72992,,0,,,,,0,False,False,,,,24.0,89.49
BOAMP:17-74632,BOAMP:21-61224,1,0.6589,0.6589,0.6075,0.0514,6,False,False,0.4942,0.5,0.9312,48.0,47.17
BOAMP:17-75817,,0,,,,,0,False,False,,,,48.0,91.03
BOAMP:17-76729,,0,,,,,0,False,False,,,,48.0,91.0
BOAMP:17-76616,BOAMP:21-85842,1,0.7196,0.7196,0.6764,0.043200000000000016,26,False,False,0.329,1.0,0.9401,48.0,48.72
BOAMP:17-77862,BOAMP:18-105237,1,0.5835,0.5835,0.5314,0.052100000000000035,17,False,False,0.4925,0.3,0.8076,12.0,9.69
BOAMP:17-78402,BOAMP:20-137315,1,0.6149,0.6149,0.5456,0.06930000000000003,2,False,False,0.4253,0.5,0.8491,48.0,46.19
BOAMP:17-78663,,0,,,,,0,False,False,,,,48.0,90.83
BOAMP:17-79002,BOAMP:20-140005,1,0.8873,0.8873,0.8826,0.0046999999999999265,2,False,False,0.9964,1.0,0.4439,48.0,41.33
BOAMP:17-68985,BOAMP:21-150402,1,0.695,0.695,0.6308,0.06419999999999992,28,False,False,0.4645,0.7,0.9209,48.0,48.95
BOAMP:17-80207,BOAMP:21-146075,1,0.6109,0.6109,,,1,True,False,0.5381,0.5,0.6034,48.0,52.76
BOAMP:17-80194,BOAMP:21-77546,1,0.7087,0.7087,0.6664,0.042300000000000004,8,False,False,0.2743,1.0,0.9949,48.0,48.06
BOAMP:17-80573,BOAMP:22-17364,1,0.471,0.471,0.448,0.022999999999999965,4,False,False,0.4529,0.0,0.6992,48.0,51.61
BOAMP:17-80380,,0,,,,,0,False,False,,,,48.0,86.93
BOAMP:17-82963,BOAMP:21-103746,1,0.5823,0.5823,0.3618,0.22050000000000003,2,False,False,0.3711,0.5,0.7943,48.0,45.53
BOAMP:17-85841,BOAMP:18-87166,1,0.6407,0.6407,0.6078,0.03290000000000004,14,False,False,0.4447,0.5,0.939,12.0,11.27
BOAMP:17-85294,BOAMP:18-40176,1,0.6408,0.6408,0.4195,0.22130000000000005,4,False,False,0.4116,0.7,0.7556,12.0,9.07
BOAMP:17-88463,,0,,,,,0,False,False,,,,39.0,90.21
BOAMP:17-90424,BOAMP:21-135182,1,0.7853,0.7853,0.609,0.1763,2,False,True,0.6039,1.0,0.7184,48.0,51.38
BOAMP:17-90049,BOAMP:18-40176,1,0.458,0.458,0.456,0.0020000000000000018,5,False,False,0.4018,0.0,0.7364,12.0,8.84
BOAMP:17-91935,BOAMP:21-163822,1,0.8311,0.8311,0.7728,0.05829999999999991,29,False,True,0.8075,1.0,0.5404,48.0,53.52
BOAMP:17-91530,,0,,,,,0,False,False,,,,24.0,79.11
BOAMP:17-93042,BOAMP:20-27358,1,0.5544,0.5544,,,1,True,False,0.3957,0.7,0.3555,24.0,31.73
BOAMP:17-93666,BOAMP:21-113953,1,0.7983,0.7983,0.7917,0.00660000000000005,11,False,False,0.5613,1.0,0.8689,48.0,49.57
BOAMP:17-93952,BOAMP:19-169855,1,0.6311,0.6311,0.6166,0.014499999999999957,6,False,False,0.5166,0.7,0.4975,24.0,17.97
BOAMP:17-97519,BOAMP:21-146075,1,0.7159,0.7159,,,1,True,False,0.6359,0.7,0.6828,48.0,51.81
BOAMP:17-97609,BOAMP:21-38984,1,0.7407,0.7407,0.3921,0.3486,5,False,True,0.6846,0.7,0.7095,48.0,44.51
BOAMP:17-94724,BOAMP:20-98331,1,0.5466,0.5466,0.5163,0.030299999999999994,5,False,False,0.5749,0.0,0.8334,36.0,34.0
BOAMP:17-98996,BOAMP:20-118247,1,0.6946,0.6946,,,1,True,False,0.6406,0.7,0.567,36.0,41.2
BOAMP:17-96902,BOAMP:21-101248,1,0.601,0.601,0.3989,0.2021,6,False,False,0.3445,0.7,0.691,48.0,51.71
BOAMP:17-82154,BOAMP:20-98214,1,0.6543,0.6543,0.6543,0.0,22,False,False,0.605,0.3,0.9366,36.0,36.76
BOAMP:17-100085,BOAMP:19-85688,1,0.4409,0.4409,0.413,0.027900000000000036,7,False,False,0.2662,0.0,0.9221,24.0,24.93
BOAMP:17-101340,,0,,,,,0,False,False,,,,48.0,89.55
BOAMP:17-102708,BOAMP:20-65753,1,0.7252,0.7252,0.6439,0.08129999999999993,20,False,True,0.5063,0.7,0.9886,36.0,36.14
BOAMP:17-102482,BOAMP:21-113953,1,0.8065,0.8065,0.7999,0.006599999999999939,11,False,False,0.5613,1.0,0.91,48.0,49.08
BOAMP:17-102187,BOAMP:19-190328,1,0.6313,0.6313,0.553,0.07829999999999993,5,False,False,0.5531,0.7,0.4255,36.0,29.11
BOAMP:17-100105,BOAMP:18-88858,1,0.5997,0.5997,0.5808,0.018900000000000028,9,False,False,0.4593,0.5,0.7051,12.0,15.54
BOAMP:17-103193,BOAMP:22-72517,1,0.8108,0.8108,0.6625,0.1483,24,False,True,0.927,0.5,0.8251,48.0,50.1
BOAMP:17-102923,BOAMP:21-67771,1,0.6161,0.6161,0.5539,0.06220000000000003,20,False,False,0.462,0.5,0.7813,48.0,50.62
BOAMP:17-103816,,0,,,,,0,False,False,,,,66.0,84.36
BOAMP:17-102568,,0,,,,,0,False,False,,,,48.0,89.36
BOAMP:17-104235,BOAMP:19-51224,1,0.661,0.661,0.4655,0.1955,9,False,False,0.5328,0.7,0.6144,36.0,31.37
BOAMP:17-104895,,0,,,,,0,False,False,,,,48.0,86.73
BOAMP:17-104307,BOAMP:21-169350,1,0.7222,0.7222,0.3459,0.37629999999999997,3,False,True,0.6927,0.7,0.6006,48.0,52.79
BOAMP:17-105683,,0,,,,,0,False,False,,,,2.0,84.36
BOAMP:17-106453,BOAMP:21-39936,1,0.5617,0.5617,,,1,True,False,0.258,0.5,0.9175,48.0,47.01
BOAMP:17-106009,BOAMP:22-26998,1,0.7035,0.7035,0.6994,0.0040999999999999925,31,False,False,0.3817,1.0,0.7539,48.0,50.95
BOAMP:17-106845,BOAMP:19-21081,1,0.3539,0.3539,,,1,True,False,0.2572,0.0,0.5049,14.0,19.94
BOAMP:17-109941,BOAMP:18-122920,1,0.5155,0.5155,0.5094,0.006099999999999994,4,False,False,0.4352,0.0,0.957,12.0,12.52
BOAMP:17-110921,BOAMP:21-4564,1,0.4112,0.4112,,,1,True,False,0.3061,0.5,0.0689,48.0,36.83
BOAMP:17-103068,,0,,,,,0,False,False,,,,48.0,88.7
BOAMP:17-115008,,0,,,,,0,False,False,,,,12.0,88.7
BOAMP:17-114118,BOAMP:22-72517,1,0.7454,0.7454,0.6864,0.05899999999999994,23,False,True,0.8742,0.5,0.6034,48.0,52.76
BOAMP:17-114694,,0,,,,,0,False,False,,,,12.0,84.63
BOAMP:17-111330,BOAMP:18-174875,1,0.762,0.762,0.7464,0.015600000000000058,17,False,False,0.6325,0.7,0.9198,12.0,11.04
BOAMP:17-115598,,0,,,,,0,False,False,,,,5.0,88.63
BOAMP:17-117075,BOAMP:21-133433,1,0.9649,0.9649,,,1,True,False,0.9791,1.0,0.8662,48.0,49.61
BOAMP:17-117591,,0,,,,,0,False,False,,,,48.0,88.44
BOAMP:17-118765,BOAMP:18-87166,1,0.6064,0.6064,0.5944,0.01200000000000001,12,False,False,0.4303,0.5,0.7966,12.0,9.56
BOAMP:17-119142,,0,,,,,0,False,False,,,,48.0,88.27
BOAMP:17-120212,BOAMP:18-79401,1,0.6172,0.6172,0.6045,0.012699999999999934,18,False,False,0.4475,0.5,0.8158,12.0,9.79
BOAMP:17-115928,,0,,,,,0,False,False,,,,48.0,80.26
BOAMP:17-120545,,0,,,,,0,False,False,,,,12.0,85.81
BOAMP:17-123450,BOAMP:21-77546,1,0.5409,0.5409,0.5312,0.009700000000000042,10,False,False,0.5937,0.0,0.767,48.0,45.2
BOAMP:17-123584,,0,,,,,0,False,False,,,,7.0,84.89
BOAMP:17-124242,,0,,,,,0,False,False,,,,48.0,86.14
BOAMP:17-123595,BOAMP:18-146989,1,0.5594,0.5594,0.5535,0.005900000000000016,2,False,False,0.6444,0.0,0.7583,12.0,9.1
BOAMP:17-124586,BOAMP:20-114106,1,0.9525,0.9525,0.4407,0.5118,6,False,True,1.0,1.0,0.7623,36.0,33.15
BOAMP:17-128615,,0,,,,,0,False,False,,,,24.0,87.55
BOAMP:17-129931,,0,,,,,0,False,False,,,,48.0,87.45
BOAMP:17-127198,,0,,,,,0,False,False,,,,12.0,84.4
BOAMP:17-130980,BOAMP:22-103042,1,0.413,0.413,,,1,True,False,0.5816,0.0,0.1517,48.0,58.18
BOAMP:17-117419,,0,,,,,0,False,False,,,,48.0,84.59
BOAMP:17-133782,BOAMP:18-146310,1,0.4753,0.4753,,,1,True,False,0.3484,0.0,0.9296,12.0,12.84
BOAMP:17-135447,BOAMP:21-61224,1,0.5405,0.5405,0.5315,0.009000000000000008,6,False,False,0.3597,0.5,0.6082,48.0,43.3
BOAMP:17-134575,BOAMP:21-22700,1,0.4771,0.4771,,,1,True,False,0.4298,0.5,0.151,48.0,37.81
BOAMP:17-135932,,0,,,,,0,False,False,,,,48.0,87.09
BOAMP:17-136551,,0,,,,,0,False,False,,,,48.0,87.02
BOAMP:17-130666,,0,,,,,0,False,False,,,,48.0,86.99
BOAMP:17-138140,,0,,,,,0,False,False,,,,12.0,86.89
BOAMP:17-140377,BOAMP:20-5957,1,0.6293,0.6293,0.6166,0.012699999999999934,12,False,False,0.4301,0.5,0.9112,24.0,25.07
BOAMP:17-141116,BOAMP:22-73696,1,0.8138,0.8138,0.5789,0.2349,2,False,True,0.9641,1.0,0.1407,48.0,58.31
BOAMP:17-140760,,0,,,,,0,False,False,,,,12.0,86.76
BOAMP:17-140948,BOAMP:22-72517,1,0.723,0.723,0.7208,0.0021999999999999797,27,False,False,0.8156,0.5,0.6088,48.0,52.69
BOAMP:17-142028,BOAMP:21-129937,1,0.6859,0.6859,0.5922,0.0937,8,False,False,0.555,0.5,0.9444,47.0,47.67
BOAMP:17-142035,BOAMP:21-67771,1,0.6165,0.6165,0.5745,0.04200000000000004,22,False,False,0.462,0.5,0.7834,48.0,45.4
BOAMP:17-144102,BOAMP:21-152470,1,0.4677,0.4677,,,1,True,False,0.2109,0.3,0.7916,48.0,45.5
BOAMP:17-143241,BOAMP:23-132830,1,0.6116,0.6116,0.6027,0.008900000000000019,29,False,False,0.4792,0.5,0.7246,60.0,63.3
BOAMP:17-148560,,0,,,,,0,False,False,,,,48.0,86.3
BOAMP:17-147216,,0,,,,,0,False,False,,,,54.0,86.27
BOAMP:17-152746,BOAMP:21-156783,1,0.4964,0.4964,0.4835,0.012900000000000023,2,False,False,0.3826,0.0,0.9668,48.0,47.6
BOAMP:17-155889,,0,,,,,0,False,False,,,,6.0,82.69
BOAMP:17-158731,BOAMP:22-98192,1,0.6355,0.6355,0.6087,0.026799999999999935,7,False,False,0.461,0.7,0.6307,48.0,52.43
BOAMP:17-159373,BOAMP:22-87982,1,0.8506,0.8506,0.7576,0.09299999999999997,12,False,True,0.7372,1.0,0.7786,48.0,50.66
BOAMP:17-158224,BOAMP:22-69242,1,0.5974,0.5974,0.5755,0.02190000000000003,33,False,False,0.3332,0.5,0.9456,48.0,48.65
BOAMP:17-159853,BOAMP:20-66280,1,0.7406,0.7406,0.7108,0.02980000000000005,7,False,False,0.7212,0.7,0.6355,36.0,40.37
BOAMP:17-161917,BOAMP:18-149893,1,0.8031,0.8031,0.7447,0.05840000000000001,8,False,True,0.5395,1.0,0.9363,12.0,11.24
BOAMP:17-161006,BOAMP:22-162609,1,0.6782,0.6782,0.5596,0.11860000000000004,9,False,False,0.4076,0.7,0.9511,48.0,48.59
BOAMP:17-163707,BOAMP:19-169855,1,0.7267,0.7267,0.5373,0.1894,4,False,True,0.5186,0.7,0.9711,24.0,23.65
BOAMP:17-161606,,0,,,,,0,False,False,,,,48.0,85.25
BOAMP:17-165149,,0,,,,,0,False,False,,,,12.0,85.18
BOAMP:17-165815,BOAMP:22-44037,1,0.5688,0.5688,,,1,True,False,0.6457,0.0,0.8026,48.0,45.63
BOAMP:17-165817,BOAMP:22-44037,1,0.7204,0.7204,,,1,True,False,1.0,0.0,0.8518,48.0,46.22
BOAMP:17-166932,,0,,,,,0,False,False,,,,48.0,85.12
BOAMP:17-167643,BOAMP:19-81470,1,0.6233,0.6233,0.488,0.13529999999999998,7,False,False,0.3002,1.0,0.5162,12.0,17.81
BOAMP:17-167707,BOAMP:21-143183,1,0.7038,0.7038,0.6795,0.02429999999999999,33,False,False,0.6187,0.5,0.9066,48.0,46.88
BOAMP:17-168569,BOAMP:22-21573,1,0.8746,0.8746,0.6889,0.1857000000000001,23,False,True,0.7862,1.0,0.8005,48.0,50.39
BOAMP:17-171316,BOAMP:21-126684,1,0.6426,0.6426,0.6318,0.01079999999999992,21,False,False,0.2038,1.0,0.8053,48.0,45.66
BOAMP:17-172862,,0,,,,,0,False,False,,,,72.0,84.76
BOAMP:17-173975,BOAMP:19-137030,1,0.6364,0.6364,0.552,0.08439999999999992,15,False,False,0.5301,0.5,0.7466,24.0,20.96
BOAMP:17-174760,BOAMP:21-38984,1,0.6396,0.6396,0.4844,0.15519999999999995,3,False,False,0.5275,1.0,0.1428,48.0,37.71
BOAMP:17-173663,BOAMP:22-154717,1,0.6815,0.6815,0.6739,0.00759999999999994,35,False,False,0.5483,0.5,0.9359,60.0,59.23
BOAMP:17-176560,BOAMP:20-52846,1,0.7407,0.7407,,,1,True,False,0.8041,1.0,0.0954,24.0,34.86
BOAMP:17-177418,BOAMP:22-5921,1,0.4902,0.4902,0.4785,0.011700000000000044,5,False,False,0.5516,0.0,0.5979,48.0,52.83
BOAMP:17-129614,BOAMP:22-26998,1,0.844,0.844,0.7714,0.0726,35,False,True,0.6989,1.0,0.8224,48.0,50.13
BOAMP:17-179962,BOAMP:18-95630,1,0.9905,0.9905,0.4243,0.5662,7,False,True,1.0,1.0,0.9525,6.0,6.57
BOAMP:17-178496,BOAMP:22-5921,1,0.4814,0.4814,0.4681,0.013299999999999979,5,False,False,0.5281,0.0,0.6006,48.0,52.79
BOAMP:17-179112,BOAMP:22-39891,1,0.5971,0.5971,0.5916,0.005499999999999949,28,False,False,0.4242,0.5,0.7622,48.0,50.85
BOAMP:18-265,BOAMP:19-32405,1,0.5072,0.5072,0.5033,0.0039000000000000146,8,False,False,0.2059,0.3,0.9992,12.0,11.99
BOAMP:18-546,BOAMP:19-176963,1,0.489,0.489,0.4744,0.014600000000000002,4,False,False,0.4975,0.0,0.7001,24.0,20.4
BOAMP:18-2518,BOAMP:18-121819,1,0.5602,0.5602,0.5591,0.0010999999999999899,6,False,False,0.2692,0.7,0.6379,12.0,7.65
BOAMP:18-4239,,0,,,,,0,False,False,,,,12.0,81.44
BOAMP:18-6884,BOAMP:18-121819,1,0.5706,0.5706,0.5695,0.0010999999999999899,6,False,False,0.4296,0.5,0.6187,12.0,7.42
BOAMP:18-6138,BOAMP:22-39410,1,0.8612,0.8612,0.8383,0.02289999999999992,2,False,False,1.0,0.5,0.9312,48.0,47.17
BOAMP:18-3854,,0,,,,,0,False,False,,,,3.0,80.88
BOAMP:18-8070,BOAMP:20-66280,1,0.6347,0.6347,0.5717,0.06300000000000006,5,False,False,0.3663,0.7,0.8161,36.0,38.21
BOAMP:18-8615,,0,,,,,0,False,False,,,,48.0,83.34
BOAMP:18-8280,,0,,,,,0,False,False,,,,48.0,79.99
BOAMP:18-8879,BOAMP:20-16671,1,0.7199,0.7199,0.6626,0.05730000000000002,6,False,True,0.4975,0.7,0.9796,24.0,24.24
BOAMP:18-10415,BOAMP:20-111877,1,0.4907,0.4907,0.4622,0.028500000000000025,8,False,False,0.409,0.0,0.8856,30.0,31.37
BOAMP:18-9170,,0,,,,,0,False,False,,,,48.0,83.21
BOAMP:18-11225,BOAMP:22-94904,1,0.7341,0.7341,0.7028,0.031299999999999994,32,False,False,0.868,0.5,0.5596,48.0,53.29
BOAMP:18-12557,,0,,,,,0,False,False,,,,12.0,83.08
BOAMP:18-12119,BOAMP:22-20320,1,0.7519,0.7519,0.7465,0.00539999999999996,25,False,False,0.5867,0.7,0.9613,48.0,47.54
BOAMP:18-13131,BOAMP:21-23663,1,0.3964,0.3964,,,1,True,False,0.2119,0.0,0.8079,39.0,36.7
BOAMP:18-13243,BOAMP:22-35499,1,0.556,0.556,0.4987,0.05730000000000007,11,False,False,0.5672,0.0,0.8956,48.0,46.75
BOAMP:18-14081,,0,,,,,0,False,False,,,,48.0,82.92
BOAMP:18-15680,BOAMP:22-94408,1,0.5549,0.5549,0.5162,0.03869999999999996,5,False,False,0.4036,0.5,0.5924,48.0,52.89
BOAMP:18-17886,BOAMP:18-133090,1,0.6282,0.6282,0.5539,0.07430000000000003,5,False,False,0.4528,0.7,0.6105,12.0,7.33
BOAMP:18-18750,,0,,,,,0,False,False,,,,12.0,82.72
BOAMP:18-18602,BOAMP:21-129937,1,0.6397,0.6397,0.5802,0.0595,5,False,False,0.5911,0.5,0.641,48.0,43.69
BOAMP:18-21470,,0,,,,,0,False,False,,,,48.0,78.88
BOAMP:18-22345,,0,,,,,0,False,False,,,,12.0,82.42
BOAMP:18-22305,,0,,,,,0,False,False,,,,12.0,82.42
BOAMP:18-25344,,0,,,,,0,False,False,,,,3.0,82.29
BOAMP:18-25585,BOAMP:18-60154,1,0.5987,0.5987,0.4889,0.10980000000000001,4,False,False,0.2914,0.7,0.7857,12.0,9.43
BOAMP:18-26430,BOAMP:22-159813,1,0.7342,0.7342,0.6922,0.041999999999999926,11,False,False,0.7002,0.5,0.8956,48.0,46.75
BOAMP:18-26654,,0,,,,,0,False,False,,,,48.0,66.03
BOAMP:18-26824,BOAMP:19-1779,1,0.7504,0.7504,0.6252,0.12519999999999998,13,False,True,0.4338,1.0,0.8843,12.0,10.61
BOAMP:18-27476,BOAMP:18-128950,1,0.5798,0.5798,0.5528,0.027000000000000024,3,False,False,0.3221,0.7,0.6297,12.0,7.56
BOAMP:18-29896,,0,,,,,0,False,False,,,,48.0,82.0
BOAMP:18-28651,BOAMP:23-60788,1,0.7268,0.7268,0.7259,0.0009000000000000119,32,False,False,0.7138,0.5,0.8314,60.0,62.02
BOAMP:18-28473,,0,,,,,0,False,False,,,,12.0,81.96
BOAMP:18-30222,BOAMP:19-147943,1,0.6345,0.6345,0.6298,0.0046999999999999265,9,False,False,0.5034,0.7,0.5408,12.0,17.51
BOAMP:18-30024,BOAMP:22-162609,1,0.6427,0.6427,0.4233,0.21940000000000004,10,False,False,0.4111,0.7,0.7662,60.0,57.19
BOAMP:18-32739,,0,,,,,0,False,False,,,,12.0,81.8
BOAMP:18-31687,BOAMP:22-72517,1,0.762,0.762,0.6931,0.06889999999999996,27,False,True,0.7682,0.5,0.8984,48.0,46.78
BOAMP:18-31507,,0,,,,,0,False,False,,,,11.0,79.6
BOAMP:18-34848,BOAMP:22-55482,1,0.4272,0.4272,,,1,True,False,0.3024,0.0,0.7813,48.0,50.62
BOAMP:18-35039,,0,,,,,0,False,False,,,,12.0,75.66
BOAMP:18-35804,,0,,,,,0,False,False,,,,48.0,81.54
BOAMP:18-37425,BOAMP:23-40733,1,0.6913,0.6913,0.6184,0.07290000000000008,8,False,False,0.6908,1.0,0.075,48.0,59.1
BOAMP:18-36652,BOAMP:21-101248,1,0.5603,0.5603,0.4598,0.10050000000000003,7,False,False,0.401,0.5,0.6246,48.0,43.5
BOAMP:18-38804,,0,,,,,0,False,False,,,,48.0,81.41
BOAMP:18-38591,BOAMP:21-101248,1,0.5329,0.5329,0.463,0.06990000000000002,7,False,False,0.3339,0.5,0.6219,48.0,43.46
BOAMP:18-38747,BOAMP:19-80774,1,0.5172,0.5172,0.4263,0.09089999999999998,4,False,False,0.2413,0.5,0.7282,12.0,8.74
BOAMP:18-40625,BOAMP:22-51760,1,0.9771,0.9771,0.7202,0.2569,8,False,True,1.0,1.0,0.8853,48.0,49.38
BOAMP:18-40176,BOAMP:19-51224,1,0.6148,0.6148,0.6091,0.005700000000000038,7,False,False,0.2527,0.7,0.9437,24.0,23.32
BOAMP:18-40946,BOAMP:21-67011,1,0.4059,0.4059,,,1,True,False,0.3479,0.0,0.5836,48.0,43.0
BOAMP:18-42613,BOAMP:19-181393,1,0.5947,0.5947,0.5373,0.05740000000000001,4,False,False,0.4968,0.7,0.3547,12.0,19.74
BOAMP:18-41248,BOAMP:21-101248,1,0.5537,0.5537,0.4563,0.09739999999999999,5,False,False,0.2731,0.7,0.5972,48.0,43.17
BOAMP:18-46804,BOAMP:18-79401,1,0.4607,0.4607,0.4513,0.00940000000000002,8,False,False,0.5208,0.0,0.5119,12.0,6.14
BOAMP:18-46346,BOAMP:21-35440,1,0.6168,0.6168,0.4607,0.15610000000000002,4,False,False,0.2586,0.7,0.9421,36.0,36.7
BOAMP:18-41182,,0,,,,,0,False,False,,,,60.0,80.78
BOAMP:18-51459,BOAMP:22-95015,1,0.5954,0.5954,0.5701,0.02529999999999999,20,False,False,0.2923,0.7,0.7676,48.0,50.79
BOAMP:18-43289,,0,,,,,0,False,False,,,,14.0,80.45
BOAMP:18-52389,,0,,,,,0,False,False,,,,12.0,80.45
BOAMP:18-55455,BOAMP:21-113571,1,0.6559,0.6559,0.6069,0.049000000000000044,4,False,False,0.5177,0.7,0.6191,48.0,43.43
BOAMP:18-53378,BOAMP:22-52027,1,0.9329,0.9329,0.7564,0.1765,35,False,True,0.842,1.0,0.9805,48.0,47.77
BOAMP:18-52482,,0,,,,,0,False,False,,,,48.0,74.41
BOAMP:18-54467,BOAMP:22-54094,1,0.6833,0.6833,0.4902,0.1931,7,False,False,0.4287,0.7,0.934,48.0,47.21
BOAMP:18-53804,BOAMP:22-142509,1,0.5742,0.5742,0.5335,0.04070000000000007,9,False,False,0.3354,0.5,0.8251,48.0,50.1
BOAMP:18-56546,BOAMP:22-69242,1,0.6361,0.6361,0.6187,0.01739999999999997,36,False,False,0.4299,0.5,0.9456,48.0,48.65
BOAMP:18-58630,BOAMP:21-138241,1,0.692,0.692,0.6256,0.0663999999999999,8,False,False,0.452,1.0,0.5562,48.0,42.67
BOAMP:18-55179,,0,,,,,0,False,False,,,,48.0,80.16
BOAMP:18-57918,BOAMP:20-79138,1,0.5578,0.5578,,,1,True,False,0.2802,0.5,0.8537,24.0,25.76
BOAMP:18-58840,,0,,,,,0,False,False,,,,12.0,80.12
BOAMP:18-61507,,0,,,,,0,False,False,,,,48.0,79.96
BOAMP:18-60154,BOAMP:20-85492,1,0.4383,0.4383,0.4354,0.0029000000000000137,2,False,False,0.2797,0.7,0.007,12.0,23.92
BOAMP:18-61256,BOAMP:22-94454,1,0.848,0.848,0.6378,0.21019999999999994,22,False,True,0.9046,1.0,0.4309,48.0,54.83
BOAMP:18-61655,BOAMP:22-94454,1,0.8072,0.8072,0.7656,0.04160000000000008,32,False,False,0.9901,0.7,0.4309,48.0,54.83
BOAMP:18-62528,,0,,,,,0,False,False,,,,6.0,79.86
BOAMP:18-62916,,0,,,,,0,False,False,,,,48.0,66.89
BOAMP:18-66502,,0,,,,,0,False,False,,,,48.0,79.53
BOAMP:18-62604,BOAMP:22-54094,1,0.8047,0.8047,0.5089,0.29579999999999995,8,False,True,0.706,0.7,0.9866,48.0,48.16
BOAMP:18-67939,,0,,,,,0,False,False,,,,48.0,79.4
BOAMP:18-66863,BOAMP:19-36958,1,0.7591,0.7591,0.7308,0.028299999999999992,24,False,False,0.6856,0.7,0.7994,12.0,9.59
BOAMP:18-70110,BOAMP:18-122920,1,0.4696,0.4696,0.3881,0.08150000000000002,3,False,False,0.5416,0.0,0.5147,12.0,6.18
BOAMP:18-71355,BOAMP:23-83529,1,0.4126,0.4126,0.4023,0.010300000000000031,2,False,False,0.3226,0.0,0.6677,60.0,56.01
BOAMP:18-71689,BOAMP:22-29878,1,0.5081,0.5081,0.4743,0.0338,11,False,False,0.2047,0.5,0.756,48.0,45.07
BOAMP:18-72093,,0,,,,,0,False,False,,,,48.0,74.28
BOAMP:18-73364,,0,,,,,0,False,False,,,,36.0,79.01
BOAMP:18-74871,,0,,,,,0,False,False,,,,12.0,79.01
BOAMP:18-74252,BOAMP:20-106379,1,0.969,0.969,0.5878,0.3812,6,False,True,1.0,1.0,0.8452,24.0,22.14
BOAMP:18-76556,BOAMP:22-87982,1,0.7947,0.7947,0.7219,0.07279999999999998,13,False,True,0.5099,1.0,0.9538,48.0,48.55
BOAMP:18-79401,BOAMP:19-174098,1,0.5417,0.5417,0.4902,0.051499999999999935,7,False,False,0.4752,0.5,0.383,6.0,13.4
BOAMP:18-79743,BOAMP:22-1668,1,0.914,0.914,,,1,True,False,1.0,1.0,0.5699,48.0,42.84
BOAMP:18-80935,BOAMP:22-143552,1,0.333,0.333,,,1,True,False,0.3325,0.0,0.2502,48.0,57.0
BOAMP:18-80158,BOAMP:20-68352,1,0.5616,0.5616,0.4936,0.068,6,False,False,0.5701,0.7,0.0426,12.0,23.49
BOAMP:18-79940,,0,,,,,0,False,False,,,,48.0,78.61
BOAMP:18-86992,,0,,,,,0,False,False,,,,48.0,78.32
BOAMP:18-87166,BOAMP:20-125567,1,0.5903,0.5903,0.578,0.012300000000000089,19,False,False,0.4914,0.5,0.5936,24.0,28.88
BOAMP:18-87219,,0,,,,,0,False,False,,,,12.0,78.25
BOAMP:18-87467,,0,,,,,0,False,False,,,,4.0,76.74
BOAMP:18-91062,,0,,,,,0,False,False,,,,48.0,78.09
BOAMP:18-89409,BOAMP:21-125536,1,0.4367,0.4367,0.4117,0.024999999999999967,3,False,False,0.3332,0.0,0.7669,36.0,38.8
BOAMP:18-91090,BOAMP:22-162609,1,0.6633,0.6633,0.6379,0.025399999999999978,9,False,False,0.5687,0.7,0.5541,48.0,53.35
BOAMP:18-90097,BOAMP:23-132830,1,0.6378,0.6378,0.6208,0.017000000000000015,13,False,False,0.6648,0.5,0.4842,60.0,53.81
BOAMP:18-90616,,0,,,,,0,False,False,,,,48.0,78.02
BOAMP:18-90932,,0,,,,,0,False,False,,,,48.0,78.02
BOAMP:18-88858,BOAMP:19-187147,1,0.5809,0.5809,0.5594,0.021499999999999964,6,False,False,0.4458,0.7,0.388,24.0,16.66
BOAMP:18-91798,BOAMP:19-130305,1,0.4152,0.4152,,,1,True,False,0.2926,0.5,0.116,7.0,17.61
BOAMP:18-91441,BOAMP:23-24020,1,0.5183,0.5183,,,1,True,False,0.5957,0.0,0.6499,48.0,52.2
BOAMP:18-94803,BOAMP:19-103545,1,0.7561,0.7561,0.6136,0.14249999999999996,5,False,True,0.5781,0.7,0.9992,12.0,11.99
BOAMP:18-93359,BOAMP:18-93488,1,0.8664,0.8664,0.5254,0.34099999999999997,2,False,True,1.0,1.0,0.3322,18.0,9.99
BOAMP:18-93488,BOAMP:19-172484,1,0.3984,0.3984,,,1,True,False,0.4878,0.0,0.2665,18.0,9.2
BOAMP:18-95630,BOAMP:22-25102,1,0.4365,0.4365,0.4362,0.00030000000000002247,10,False,False,0.2206,0.3,0.6164,48.0,43.4
BOAMP:18-96170,BOAMP:19-37169,1,0.5819,0.5819,0.5745,0.007399999999999962,8,False,False,0.6788,0.0,0.8021,12.0,9.63
BOAMP:18-96470,BOAMP:20-68352,1,0.4428,0.4428,0.4135,0.029300000000000048,5,False,False,0.4725,0.0,0.5189,12.0,17.77
BOAMP:18-98583,,0,,,,,0,False,False,,,,2.0,77.63
BOAMP:18-60137,BOAMP:23-31575,1,0.5613,0.5613,0.4387,0.12260000000000004,3,False,False,0.2755,0.7,0.6307,48.0,52.43
BOAMP:18-97260,BOAMP:22-165686,1,0.529,0.529,0.4816,0.04740000000000005,11,False,False,0.4691,0.0,0.9565,48.0,48.52
BOAMP:18-98603,BOAMP:21-11209,1,0.5885,0.5885,0.5257,0.06280000000000008,3,False,False,0.2607,0.7,0.7962,24.0,26.45
BOAMP:18-101437,,0,,,,,0,False,False,,,,48.0,77.46
BOAMP:18-100479,,0,,,,,0,False,False,,,,24.0,77.43
BOAMP:18-101350,BOAMP:23-48831,1,0.6095,0.6095,0.4503,0.15920000000000006,6,False,False,0.6144,0.3,0.6937,48.0,51.68
BOAMP:18-101085,BOAMP:23-72834,1,0.8304,0.8304,,,1,True,False,0.9052,0.7,0.7169,60.0,56.6
BOAMP:18-103319,BOAMP:19-41115,1,0.4808,0.4808,,,1,True,False,0.3807,0.0,0.8925,12.0,10.71
BOAMP:18-103911,BOAMP:22-102623,1,0.9976,0.9976,0.7659,0.23170000000000002,33,False,True,0.997,1.0,0.9942,48.0,47.93
BOAMP:18-105237,BOAMP:19-32405,1,0.9199,0.9199,0.413,0.5069000000000001,6,False,True,0.8398,1.0,0.9198,12.0,11.04
BOAMP:18-110962,BOAMP:21-135182,1,0.8368,0.8368,,,1,True,False,1.0,1.0,0.1839,48.0,38.21
BOAMP:18-110102,,0,,,,,0,False,False,,,,12.0,74.28
BOAMP:18-117157,BOAMP:19-46630,1,0.4585,0.4585,0.4094,0.04910000000000003,2,False,False,0.4741,0.0,0.5941,12.0,7.13
BOAMP:18-110801,,0,,,,,0,False,False,,,,48.0,76.35
BOAMP:18-114671,,0,,,,,0,False,False,,,,16.0,76.28
BOAMP:18-120601,BOAMP:19-165120,1,0.5,0.5,0.4892,0.010799999999999976,6,False,False,0.4609,0.0,0.8283,12.0,14.06
BOAMP:18-121819,BOAMP:22-87982,1,0.8307,0.8307,0.6767,0.15400000000000003,9,False,True,0.6701,1.0,0.8135,48.0,45.76
BOAMP:18-122920,BOAMP:23-24849,1,0.6733,0.6733,0.6473,0.026000000000000023,7,False,False,0.4855,0.7,0.7704,48.0,50.76
BOAMP:18-123694,BOAMP:21-138241,1,0.8164,0.8164,0.7452,0.07120000000000004,9,False,True,0.8504,1.0,0.381,48.0,40.57
BOAMP:18-124536,,0,,,,,0,False,False,,,,12.0,75.82
BOAMP:18-125586,,0,,,,,0,False,False,,,,48.0,75.79
BOAMP:18-125410,,0,,,,,0,False,False,,,,48.0,75.79
BOAMP:18-126368,BOAMP:22-77622,1,0.976,0.976,0.6688,0.30720000000000003,10,False,True,0.9949,1.0,0.8902,48.0,46.68
BOAMP:18-126631,BOAMP:22-114731,1,0.4659,0.4659,0.4523,0.013600000000000001,10,False,False,0.3131,0.0,0.9531,48.0,47.44
BOAMP:18-127908,BOAMP:22-83128,1,0.8402,0.8402,0.8082,0.03199999999999992,9,False,False,0.7252,1.0,0.7505,48.0,45.01
BOAMP:18-127661,,0,,,,,0,False,False,,,,48.0,75.59
BOAMP:18-126992,,0,,,,,0,False,False,,,,48.0,75.59
BOAMP:18-127511,BOAMP:22-148365,1,0.6593,0.6593,0.4599,0.19940000000000002,6,False,False,0.9127,0.0,0.7211,48.0,51.35
BOAMP:18-127938,BOAMP:20-148013,1,0.5706,0.5706,0.465,0.10559999999999997,7,False,False,0.392,0.7,0.4437,20.0,26.68
BOAMP:18-128159,BOAMP:22-39891,1,0.6407,0.6407,0.608,0.03270000000000006,26,False,False,0.3484,1.0,0.5069,48.0,42.08
BOAMP:18-128655,BOAMP:23-63763,1,0.7049,0.7049,0.6579,0.04699999999999993,27,False,False,0.7401,0.5,0.6691,48.0,51.97
BOAMP:18-128950,BOAMP:22-150817,1,0.9186,0.9186,0.6263,0.2923,10,False,True,0.8949,1.0,0.8032,48.0,50.36
BOAMP:18-129941,,0,,,,,0,False,False,,,,24.0,75.36
BOAMP:18-129881,BOAMP:22-12003,1,0.3107,0.3107,,,1,True,False,0.3371,0.0,0.1291,48.0,37.55
BOAMP:18-133090,BOAMP:20-155309,1,0.9103,0.9103,0.8552,0.05510000000000004,6,False,True,0.8599,1.0,0.8318,24.0,26.02
BOAMP:18-134465,BOAMP:19-131092,1,0.6208,0.6208,0.5839,0.036900000000000044,2,False,False,0.3788,1.0,0.3465,12.0,19.84
BOAMP:18-135728,,0,,,,,0,False,False,,,,34.0,60.61
BOAMP:18-125716,,0,,,,,0,False,False,,,,36.0,69.12
BOAMP:18-137958,,0,,,,,0,False,False,,,,48.0,74.93
BOAMP:18-137945,,0,,,,,0,False,False,,,,3.0,74.93
BOAMP:18-139266,,0,,,,,0,False,False,,,,54.0,70.04
BOAMP:18-141219,BOAMP:21-150615,1,0.3959,0.3959,,,1,True,False,0.5653,0.0,0.099,48.0,37.19
BOAMP:18-144441,,0,,,,,0,False,False,,,,12.0,74.47
BOAMP:18-144285,,0,,,,,0,False,False,,,,48.0,70.6
BOAMP:18-146310,,0,,,,,0,False,False,,,,48.0,74.44
BOAMP:18-146639,BOAMP:19-119207,1,0.8875,0.8875,0.4425,0.44499999999999995,4,False,True,0.8465,1.0,0.7446,12.0,8.94
BOAMP:18-146489,BOAMP:22-131126,1,0.7955,0.7955,0.5969,0.1986,10,False,True,0.5136,1.0,0.9504,48.0,47.4
BOAMP:18-146220,BOAMP:18-93488,1,0.7367,0.7367,,,1,True,False,0.4878,1.0,0.708,3.0,6.5
BOAMP:18-146989,BOAMP:22-50379,1,0.5051,0.5051,,,1,True,False,0.3425,0.5,0.4658,48.0,41.59
BOAMP:18-148384,,0,,,,,0,False,False,,,,48.0,72.17
BOAMP:18-149889,,0,,,,,0,False,False,,,,48.0,74.18
BOAMP:18-149893,BOAMP:20-68352,1,0.7501,0.7501,0.6019,0.1482,6,False,True,0.6691,1.0,0.4122,12.0,19.05
BOAMP:18-150422,BOAMP:21-35651,1,0.6634,0.6634,0.628,0.03539999999999999,21,False,False,0.5424,0.7,0.6073,24.0,28.71
BOAMP:18-150889,BOAMP:22-166698,1,0.5995,0.5995,0.515,0.08450000000000002,8,False,False,0.7183,0.0,0.8108,48.0,45.73
BOAMP:18-151695,BOAMP:20-79138,1,0.5936,0.5936,,,1,True,False,0.4752,0.5,0.6426,24.0,19.71
BOAMP:18-152399,BOAMP:23-137663,1,0.6433,0.6433,0.5039,0.13939999999999997,8,False,False,0.8494,0.3,0.3926,48.0,55.29
BOAMP:18-153394,BOAMP:23-48446,1,0.4629,0.4629,,,1,True,False,0.3163,0.3,0.5568,48.0,53.32
BOAMP:18-153265,BOAMP:21-86348,1,0.4164,0.4164,0.3648,0.05159999999999998,3,False,False,0.4348,0.0,0.4622,24.0,30.45
BOAMP:18-154720,,0,,,,,0,False,False,,,,48.0,73.85
BOAMP:18-154770,BOAMP:22-77622,1,0.5527,0.5527,0.4476,0.10509999999999997,11,False,False,0.552,0.0,0.9093,48.0,46.91
BOAMP:18-154990,,0,,,,,0,False,False,,,,48.0,73.69
BOAMP:18-157794,,0,,,,,0,False,False,,,,48.0,73.62
BOAMP:18-158821,,0,,,,,0,False,False,,,,48.0,73.59
BOAMP:18-159087,BOAMP:19-82021,1,0.698,0.698,0.56,0.1379999999999999,3,False,False,0.7545,0.5,0.6062,11.0,6.27
BOAMP:18-159101,BOAMP:22-118151,1,0.6067,0.6067,0.5804,0.02629999999999999,7,False,False,0.3058,0.7,0.7971,48.0,45.57
BOAMP:18-158087,,0,,,,,0,False,False,,,,36.0,73.52
BOAMP:18-160377,BOAMP:23-81527,1,0.6273,0.6273,0.4258,0.20149999999999996,2,False,False,0.3623,0.7,0.7868,48.0,50.56
BOAMP:18-163164,,0,,,,,0,False,False,,,,48.0,73.29
BOAMP:18-165012,BOAMP:19-118102,1,0.5902,0.5902,0.2904,0.29979999999999996,2,False,False,0.2904,0.5,0.9953,12.0,12.06
BOAMP:18-167367,BOAMP:22-165672,1,0.6162,0.6162,0.5226,0.09360000000000002,2,False,False,0.3762,0.5,0.9538,48.0,48.55
BOAMP:18-166821,BOAMP:20-4011,1,0.7163,0.7163,0.7019,0.01440000000000008,3,False,False,0.5915,0.7,0.7735,12.0,14.72
BOAMP:18-167431,BOAMP:20-64610,1,0.6466,0.6466,0.542,0.10459999999999992,3,False,False,0.5333,0.7,0.5413,24.0,18.5
BOAMP:18-168544,BOAMP:19-156899,1,0.7088,0.7088,0.5722,0.13659999999999994,13,False,True,0.5365,0.7,0.8459,12.0,10.15
BOAMP:18-169881,BOAMP:21-159075,1,0.5771,0.5771,,,1,True,False,0.2353,1.0,0.4152,35.0,42.02
BOAMP:18-170789,BOAMP:23-22379,1,0.6491,0.6491,0.5061,0.14300000000000002,4,False,False,0.3129,0.7,0.9949,48.0,48.06
BOAMP:18-171623,BOAMP:22-69458,1,0.6398,0.6398,0.5485,0.09130000000000005,8,False,False,0.3584,0.7,0.8573,48.0,46.29
BOAMP:18-173792,BOAMP:22-165672,1,0.6234,0.6234,0.5297,0.0937,2,False,False,0.3762,0.5,0.9894,48.0,48.13
BOAMP:18-173960,BOAMP:20-64610,1,0.679,0.679,0.6353,0.04370000000000007,3,False,False,0.5007,0.7,0.7685,24.0,21.22
BOAMP:18-174875,BOAMP:23-34854,1,0.814,0.814,0.7062,0.1077999999999999,34,False,True,0.8415,0.7,0.7622,48.0,50.85
BOAMP:18-177619,BOAMP:19-152227,1,0.5033,0.5033,0.4286,0.07469999999999999,3,False,False,0.2209,0.7,0.4496,9.0,15.6
BOAMP:18-175843,,0,,,,,0,False,False,,,,12.0,69.42
BOAMP:18-177187,,0,,,,,0,False,False,,,,12.0,66.66
BOAMP:18-177300,,0,,,,,0,False,False,,,,24.0,72.31
BOAMP:18-179065,,0,,,,,0,False,False,,,,48.0,69.25
BOAMP:18-180161,BOAMP:20-6008,1,0.5283,0.5283,0.3738,0.15449999999999997,2,False,False,0.574,0.0,0.7434,12.0,15.08
BOAMP:18-173397,,0,,,,,0,False,False,,,,48.0,72.17
BOAMP:19-3707,BOAMP:21-170353,1,0.7087,0.7087,0.705,0.0037000000000000366,12,False,False,0.6567,0.7,0.6053,36.0,40.74
BOAMP:19-1779,BOAMP:20-5957,1,0.5123,0.5123,0.5059,0.006399999999999961,5,False,False,0.2552,0.5,0.6762,12.0,8.11
BOAMP:19-3078,BOAMP:20-76288,1,0.5388,0.5388,,,1,True,False,0.6715,0.0,0.6012,22.0,17.21
BOAMP:19-2530,,0,,,,,0,False,False,,,,12.0,71.68
BOAMP:19-8964,BOAMP:22-77622,1,0.7252,0.7252,0.6428,0.08239999999999992,8,False,True,0.6458,0.7,0.7095,48.0,44.51
BOAMP:19-8916,BOAMP:19-176963,1,0.4592,0.4592,0.4528,0.006400000000000017,4,False,False,0.2884,0.0,0.9691,12.0,11.63
BOAMP:19-9782,BOAMP:19-88976,1,0.4664,0.4664,0.4624,0.0040000000000000036,2,False,False,0.4556,0.0,0.6707,12.0,8.05
BOAMP:19-7404,,0,,,,,0,False,False,,,,12.0,54.89
BOAMP:19-8820,,0,,,,,0,False,False,,,,24.0,66.23
BOAMP:19-10579,BOAMP:23-47137,1,0.6194,0.6194,0.6192,0.00019999999999997797,4,False,False,0.4809,0.7,0.5103,48.0,53.88
BOAMP:19-10428,BOAMP:20-70265,1,0.703,0.703,0.4519,0.25109999999999993,6,False,True,0.4311,1.0,0.6531,12.0,16.16
BOAMP:19-12872,BOAMP:23-138104,1,0.4658,0.4658,0.421,0.044800000000000006,2,False,False,0.3035,0.7,0.0969,48.0,58.84
BOAMP:19-13483,,0,,,,,0,False,False,,,,8.0,56.96
BOAMP:19-16528,,0,,,,,0,False,False,,,,36.0,70.99
BOAMP:19-15670,BOAMP:23-61217,1,0.5962,0.5962,0.5146,0.0816,6,False,False,0.4194,0.5,0.767,48.0,45.2
BOAMP:19-16942,BOAMP:23-34705,1,0.684,0.684,0.6529,0.031100000000000017,22,False,False,0.4564,0.7,0.882,48.0,46.58
BOAMP:19-17531,,0,,,,,0,False,False,,,,6.0,67.77
BOAMP:19-17058,BOAMP:19-184490,1,0.6783,0.6783,0.5632,0.11509999999999998,13,False,False,0.2701,1.0,0.8514,12.0,10.22
BOAMP:19-15197,,0,,,,,0,False,False,,,,48.0,70.86
BOAMP:19-18202,,0,,,,,0,False,False,,,,48.0,70.86
BOAMP:19-18263,BOAMP:19-146419,1,0.4966,0.4966,0.4543,0.042300000000000004,2,False,False,0.5997,0.0,0.5338,12.0,6.41
BOAMP:19-17307,BOAMP:23-48831,1,0.415,0.415,0.4075,0.007500000000000007,5,False,False,0.2514,0.0,0.8224,48.0,50.13
BOAMP:19-21081,,0,,,,,0,False,False,,,,24.0,69.19
BOAMP:19-22390,,0,,,,,0,False,False,,,,24.0,67.38
BOAMP:19-22007,,0,,,,,0,False,False,,,,9.0,70.57
BOAMP:19-21908,BOAMP:20-9474,1,0.6248,0.6248,0.5591,0.06569999999999998,8,False,False,0.2814,0.7,0.9363,12.0,11.24
BOAMP:19-27651,,0,,,,,0,False,False,,,,48.0,70.34
BOAMP:19-28845,BOAMP:22-114731,1,0.6778,0.6778,0.6665,0.011299999999999977,13,False,False,0.4411,1.0,0.5069,48.0,42.08
BOAMP:19-33752,,0,,,,,0,False,False,,,,48.0,70.04
BOAMP:19-32405,BOAMP:20-138135,1,0.5483,0.5483,0.4966,0.051700000000000024,13,False,False,0.6212,0.3,0.3739,12.0,19.51
BOAMP:19-34598,BOAMP:23-91696,1,0.6954,0.6954,0.5944,0.10099999999999998,5,False,False,0.5886,0.7,0.6746,48.0,51.91
BOAMP:19-34512,,0,,,,,0,False,False,,,,6.0,69.88
BOAMP:19-35566,BOAMP:23-37581,1,0.6272,0.6272,0.5601,0.06709999999999994,12,False,False,0.2772,0.7,0.9565,48.0,48.52
BOAMP:19-35540,BOAMP:22-16811,1,0.4528,0.4528,0.325,0.12779999999999997,2,False,False,0.3116,0.0,0.891,30.0,31.31
BOAMP:19-37169,BOAMP:20-6008,1,0.5561,0.5561,,,1,True,False,0.5695,0.0,0.8913,12.0,13.3
BOAMP:19-36958,BOAMP:22-108057,1,0.8287,0.8287,0.6985,0.13019999999999998,26,False,True,0.9772,1.0,0.1893,48.0,38.27
BOAMP:19-39464,,0,,,,,0,False,False,,,,12.0,66.43
BOAMP:19-39750,BOAMP:23-6460,1,0.5632,0.5632,0.4187,0.14450000000000002,3,False,False,0.5008,0.7,0.1893,48.0,38.27
BOAMP:19-41115,BOAMP:21-142218,1,0.374,0.374,,,1,True,False,0.4328,0.0,0.2542,24.0,32.95
BOAMP:19-43213,BOAMP:23-61217,1,0.5929,0.5929,0.5221,0.07079999999999997,4,False,False,0.2338,0.7,0.8717,48.0,49.54
BOAMP:19-46630,BOAMP:20-70746,1,0.5594,0.5594,0.5123,0.04710000000000003,7,False,False,0.5538,0.0,0.9396,18.0,18.73
BOAMP:19-47604,,0,,,,,0,False,False,,,,12.0,69.22
BOAMP:19-48376,BOAMP:23-6460,1,0.5669,0.5669,0.4401,0.12679999999999997,4,False,False,0.3939,0.7,0.422,48.0,41.06
BOAMP:19-51014,BOAMP:20-8874,1,0.3659,0.3659,0.2562,0.10970000000000002,2,False,False,0.3131,0.0,0.4532,12.0,18.56
BOAMP:19-50622,,0,,,,,0,False,False,,,,48.0,69.12
BOAMP:19-49300,BOAMP:21-69582,1,0.4261,0.4261,,,1,True,False,0.2292,0.0,0.9221,24.0,24.93
BOAMP:19-50035,,0,,,,,0,False,False,,,,12.0,69.09
BOAMP:19-51024,,0,,,,,0,False,False,,,,48.0,65.7
BOAMP:19-51224,BOAMP:22-40191,1,0.5053,0.5053,0.4646,0.04069999999999996,9,False,False,0.4142,0.0,0.9484,36.0,35.38
BOAMP:19-51855,BOAMP:20-70265,1,0.518,0.518,0.4608,0.05720000000000003,6,False,False,0.4674,0.3,0.5299,12.0,17.64
BOAMP:19-52455,,0,,,,,0,False,False,,,,12.0,67.35
BOAMP:19-48030,BOAMP:23-43054,1,0.978,0.978,0.4917,0.48629999999999995,3,False,True,0.9863,1.0,0.9175,48.0,47.01
BOAMP:19-53794,BOAMP:23-106776,1,0.6067,0.6067,0.4947,0.11200000000000004,3,False,False,0.4837,0.5,0.691,48.0,51.71
BOAMP:19-56150,BOAMP:22-40744,1,0.7145,0.7145,0.5704,0.1441,13,False,True,1.0,0.5,0.1975,48.0,38.37
BOAMP:19-55808,BOAMP:23-106736,1,0.7044,0.7044,0.6152,0.08920000000000006,2,False,True,0.5017,0.7,0.8936,48.0,49.28
BOAMP:19-56876,BOAMP:20-148013,1,0.5364,0.5364,0.5043,0.03210000000000002,6,False,False,0.3268,0.5,0.6535,24.0,19.84
BOAMP:19-55110,BOAMP:23-60788,1,0.7375,0.7375,0.6868,0.05070000000000008,31,False,True,1.0,0.0,0.9374,48.0,48.75
BOAMP:19-62635,BOAMP:23-6087,1,0.33,0.33,,,1,True,False,0.3306,0.0,0.2386,48.0,38.86
BOAMP:19-64938,BOAMP:23-24020,1,0.6133,0.6133,,,1,True,False,0.4939,0.3,0.9538,48.0,48.55
BOAMP:19-54309,BOAMP:24-104541,1,0.5526,0.5526,0.5477,0.0049000000000000155,9,False,False,0.6227,0.0,0.7676,48.0,50.79
BOAMP:19-66871,,0,,,,,0,False,False,,,,48.0,68.2
BOAMP:19-66602,BOAMP:22-114884,1,0.4742,0.4742,0.4518,0.02240000000000003,2,False,False,0.2085,0.7,0.329,48.0,39.95
BOAMP:19-69736,BOAMP:23-38908,1,0.5995,0.5995,0.5557,0.04380000000000006,27,False,False,0.4913,0.3,0.8902,48.0,46.68
BOAMP:19-70735,BOAMP:23-137663,1,0.8743,0.8743,0.524,0.35029999999999994,6,False,True,0.9608,0.7,0.8251,48.0,50.1
BOAMP:19-71182,BOAMP:23-73840,1,0.7167,0.7167,,,1,True,False,0.9359,0.0,0.962,48.0,48.46
BOAMP:19-67059,BOAMP:23-34854,1,0.6248,0.6248,0.6003,0.024500000000000077,30,False,False,0.7611,0.0,0.8518,48.0,46.22
BOAMP:19-71679,BOAMP:23-137663,1,0.5383,0.5383,0.5243,0.014000000000000012,6,False,False,0.5583,0.0,0.8251,48.0,50.1
BOAMP:19-75615,BOAMP:23-117688,1,0.356,0.356,,,1,True,False,0.3049,0.0,0.42,48.0,54.96
BOAMP:19-75795,BOAMP:22-100677,1,0.6447,0.6447,0.5723,0.07240000000000002,3,False,False,0.6804,0.5,0.4877,48.0,41.85
BOAMP:19-74485,BOAMP:23-37068,1,0.8874,0.8874,0.6727,0.2147,24,False,True,0.7992,1.0,0.8388,48.0,49.93
BOAMP:19-78493,BOAMP:23-22379,1,0.7044,0.7044,0.5893,0.11509999999999998,6,False,True,0.4883,0.7,0.9203,48.0,47.04
BOAMP:19-78854,BOAMP:21-23643,1,0.3652,0.3652,,,1,True,False,0.3086,0.0,0.4587,12.0,18.5
BOAMP:19-80774,BOAMP:21-103746,1,0.7982,0.7982,0.4869,0.3113,3,False,True,0.8963,0.5,0.8236,24.0,26.12
BOAMP:19-80016,,0,,,,,0,False,False,,,,24.0,62.71
BOAMP:19-81470,BOAMP:20-9474,1,0.4966,0.4966,0.4801,0.01649999999999996,7,False,False,0.3477,0.3,0.6625,12.0,7.95
BOAMP:19-82021,BOAMP:20-47300,1,0.4469,0.4469,0.3959,0.051000000000000045,4,False,False,0.4245,0.0,0.6355,11.0,15.37
BOAMP:19-80203,BOAMP:23-48831,1,0.6878,0.6878,0.589,0.0988,7,False,False,0.4646,0.7,0.8847,48.0,46.62
BOAMP:19-79147,BOAMP:21-63730,1,0.524,0.524,,,1,True,False,0.8273,0.0,0.2153,19.0,28.42
BOAMP:19-85688,BOAMP:21-74412,1,0.6571,0.6571,0.656,0.0010999999999999899,8,False,False,0.3899,1.0,0.5057,24.0,18.07
BOAMP:19-87143,BOAMP:22-140992,1,0.5075,0.5075,0.4169,0.09059999999999996,2,False,False,0.3934,0.5,0.3755,48.0,40.51
BOAMP:19-87510,BOAMP:22-92345,1,0.696,0.696,0.6938,0.0021999999999999797,5,False,False,0.592,1.0,0.2961,48.0,39.55
BOAMP:19-87023,,0,,,,,0,False,False,,,,34.0,60.51
BOAMP:19-88976,,0,,,,,0,False,False,,,,5.0,63.37
BOAMP:19-91357,,0,,,,,0,False,False,,,,11.0,66.59
BOAMP:19-90615,BOAMP:23-110154,1,0.4628,0.4628,0.421,0.041800000000000004,10,False,False,0.3489,0.0,0.8662,48.0,49.61
BOAMP:19-91082,BOAMP:19-185581,1,0.7774,0.7774,0.6183,0.15910000000000002,2,False,True,1.0,0.5,0.5119,12.0,6.14
BOAMP:19-93739,BOAMP:23-32316,1,0.3935,0.3935,,,1,True,False,0.25,0.0,0.7177,48.0,44.61
BOAMP:19-95263,BOAMP:22-124634,1,0.3367,0.3367,,,1,True,False,0.346,0.0,0.2413,48.0,38.9
BOAMP:19-97686,,0,,,,,0,False,False,,,,48.0,58.67
BOAMP:19-99589,BOAMP:23-97071,1,0.4824,0.4824,,,1,True,False,0.4325,0.0,0.7971,48.0,45.57
BOAMP:19-100067,,0,,,,,0,False,False,,,,48.0,66.06
BOAMP:19-99928,BOAMP:21-12643,1,0.5508,0.5508,,,1,True,False,0.5627,0.5,0.2537,10.0,18.96
BOAMP:19-103125,BOAMP:20-6485,1,0.7243,0.7243,0.7191,0.0052000000000000934,3,False,False,0.552,0.7,0.8925,12.0,10.71
BOAMP:19-103833,BOAMP:20-71610,1,0.3856,0.3856,,,1,True,False,0.385,0.0,0.408,4.0,11.1
BOAMP:19-104228,BOAMP:23-171468,1,0.8368,0.8368,0.6152,0.22160000000000002,2,False,True,0.8054,1.0,0.5733,48.0,53.12
BOAMP:19-102776,BOAMP:24-40517,1,0.3966,0.3966,0.3279,0.06869999999999998,2,False,False,0.3259,0.0,0.5815,48.0,53.02
BOAMP:19-103897,BOAMP:23-90833,1,0.7351,0.7351,0.7244,0.010699999999999932,6,False,False,0.5707,0.7,0.9093,48.0,46.91
BOAMP:19-105133,,0,,,,,0,False,False,,,,12.0,65.74
BOAMP:19-105083,BOAMP:23-78413,1,0.6465,0.6465,0.5901,0.056400000000000006,24,False,False,0.4701,0.5,0.9175,48.0,47.01
BOAMP:19-106429,,0,,,,,0,False,False,,,,48.0,62.35
BOAMP:19-106682,,0,,,,,0,False,False,,,,12.0,61.33
BOAMP:19-108442,BOAMP:20-88562,1,0.4677,0.4677,0.391,0.07669999999999999,2,False,False,0.4397,0.0,0.709,12.0,8.51
BOAMP:19-110311,,0,,,,,0,False,False,,,,48.0,65.54
BOAMP:19-109687,BOAMP:22-135485,1,0.4231,0.4231,0.3608,0.062299999999999967,3,False,False,0.4069,0.0,0.5515,36.0,30.62
BOAMP:19-111839,BOAMP:20-107502,1,0.616,0.616,0.5464,0.0696,13,False,False,0.729,0.0,0.8721,12.0,13.53
BOAMP:19-112517,,0,,,,,0,False,False,,,,24.0,62.81
BOAMP:19-114079,,0,,,,,0,False,False,,,,48.0,63.14
BOAMP:19-115344,,0,,,,,0,False,False,,,,48.0,56.5
BOAMP:19-117328,BOAMP:23-61217,1,0.638,0.638,0.5705,0.0675,6,False,False,0.5185,0.5,0.7779,48.0,45.34
BOAMP:19-118102,BOAMP:23-168941,1,0.4597,0.4597,0.437,0.022699999999999998,5,False,False,0.2852,0.0,0.9784,48.0,48.26
BOAMP:19-118142,,0,,,,,0,False,False,,,,48.0,61.07
BOAMP:19-109269,BOAMP:21-152470,1,0.4462,0.4462,0.3854,0.060799999999999965,3,False,False,0.2,0.3,0.7059,24.0,27.53
BOAMP:19-119207,BOAMP:20-91088,1,0.3977,0.3977,,,1,True,False,0.3829,0.0,0.4727,10.0,16.33
BOAMP:19-119269,BOAMP:23-37068,1,0.7467,0.7467,0.7209,0.025800000000000045,26,False,False,0.6336,0.7,0.8415,48.0,49.9
BOAMP:19-120649,,0,,,,,0,False,False,,,,48.0,58.87
BOAMP:19-123299,,0,,,,,0,False,False,,,,12.0,61.14
BOAMP:19-124424,,0,,,,,0,False,False,,,,48.0,56.34
BOAMP:19-125270,BOAMP:23-61217,1,0.6563,0.6563,0.5262,0.1301,5,False,False,0.5903,0.5,0.7259,48.0,44.71
BOAMP:19-126819,BOAMP:23-87983,1,0.5574,0.5574,,,1,True,False,0.2814,0.5,0.8491,48.0,46.19
BOAMP:19-128681,BOAMP:20-142015,1,0.605,0.605,0.5579,0.04710000000000003,10,False,False,0.3515,0.5,0.9472,12.0,11.37
BOAMP:19-130305,,0,,,,,0,False,False,,,,48.0,60.38
BOAMP:19-131601,BOAMP:23-117688,1,0.6906,0.6906,,,1,True,False,0.3701,1.0,0.7129,48.0,51.45
BOAMP:19-131225,BOAMP:23-117688,1,0.6576,0.6576,,,1,True,False,0.2876,1.0,0.7129,48.0,51.45
BOAMP:19-131092,BOAMP:20-67439,1,0.7686,0.7686,0.7455,0.0230999999999999,3,False,False,0.5533,1.0,0.7364,12.0,8.84
BOAMP:19-136955,BOAMP:19-127477,1,0.6646,0.6646,0.5312,0.13339999999999996,6,False,False,0.5272,0.7,0.6433,12.0,7.72
BOAMP:19-137030,BOAMP:21-67771,1,0.6234,0.6234,0.6106,0.012799999999999923,24,False,False,0.4071,0.5,0.9276,24.0,24.87
BOAMP:19-138013,,0,,,,,0,False,False,,,,36.0,60.61
BOAMP:19-141668,,0,,,,,0,False,False,,,,6.0,58.54
BOAMP:19-142610,BOAMP:23-106776,1,0.4069,0.4069,0.3427,0.06419999999999998,3,False,False,0.2178,0.0,0.8491,48.0,46.19
BOAMP:19-145053,BOAMP:23-139972,1,0.7573,0.7573,0.685,0.07229999999999992,6,False,True,0.5969,0.7,0.9675,48.0,48.39
BOAMP:19-145845,BOAMP:23-61217,1,0.5857,0.5857,0.4102,0.1755,5,False,False,0.4725,0.5,0.6082,48.0,43.3
BOAMP:19-144868,BOAMP:20-61728,1,0.3323,0.3323,0.3227,0.009599999999999997,3,False,False,0.411,0.0,0.0896,24.0,13.07
BOAMP:19-146419,BOAMP:23-137663,1,0.6142,0.6142,0.5415,0.07269999999999999,5,False,False,0.6485,0.3,0.6493,48.0,43.79
BOAMP:19-147943,BOAMP:22-8616,1,0.6823,0.6823,0.6101,0.07220000000000004,21,False,False,0.4254,0.7,0.9358,24.0,24.77
BOAMP:19-147530,,0,,,,,0,False,False,,,,48.0,62.16
BOAMP:19-150722,,0,,,,,0,False,False,,,,48.0,62.91
BOAMP:19-150176,BOAMP:23-45378,1,0.409,0.409,,,1,True,False,0.5131,0.0,0.2687,48.0,39.22
BOAMP:19-151799,,0,,,,,0,False,False,,,,48.0,62.81
BOAMP:19-152227,BOAMP:24-22970,1,0.4827,0.4827,0.4701,0.0126,4,False,False,0.2977,0.3,0.6931,48.0,44.32
BOAMP:19-153997,BOAMP:23-49047,1,0.4133,0.4133,0.3223,0.09100000000000003,2,False,False,0.4033,0.0,0.5096,48.0,42.12
BOAMP:19-154710,,0,,,,,0,False,False,,,,24.0,62.68
BOAMP:19-155590,,0,,,,,0,False,False,,,,48.0,60.38
BOAMP:19-156899,BOAMP:23-176813,1,0.5283,0.5283,0.46,0.06829999999999997,12,False,False,0.3035,0.3,0.9093,48.0,46.91
BOAMP:19-157359,BOAMP:20-109382,1,0.6036,0.6036,0.4361,0.16750000000000004,3,False,False,0.4769,0.3,0.939,12.0,11.27
BOAMP:19-156761,BOAMP:21-19596,1,0.3669,0.3669,,,1,True,False,0.2826,0.3,0.1443,24.0,13.73
BOAMP:19-159241,,0,,,,,0,False,False,,,,12.0,62.39
BOAMP:19-160018,BOAMP:20-140005,1,0.802,0.802,,,1,True,False,1.0,1.0,0.0102,1.0,12.88
BOAMP:19-160471,BOAMP:23-169082,1,0.6896,0.6896,0.6363,0.053300000000000014,7,False,False,0.5486,0.7,0.7259,48.0,44.71
BOAMP:19-160506,BOAMP:22-163765,1,0.6366,0.6366,0.5424,0.09420000000000006,2,False,False,0.3171,0.7,0.9238,36.0,35.09
BOAMP:19-161349,,0,,,,,0,False,False,,,,48.0,62.22
BOAMP:19-165120,BOAMP:20-136269,1,0.6434,0.6434,0.5145,0.12890000000000001,13,False,False,0.3094,0.7,0.9734,12.0,12.32
BOAMP:19-164716,BOAMP:23-117051,1,0.8054,0.8054,,,1,True,False,0.7212,0.7,0.9593,48.0,48.49
BOAMP:19-169855,BOAMP:22-159813,1,0.7082,0.7082,0.6295,0.0787000000000001,10,False,True,0.4882,0.7,0.9393,36.0,36.73
BOAMP:19-172484,,0,,,,,0,False,False,,,,18.0,58.67
BOAMP:19-172734,BOAMP:23-83529,1,0.4463,0.4463,0.4407,0.005599999999999994,4,False,False,0.4175,0.3,0.2715,48.0,39.26
BOAMP:19-174809,BOAMP:23-139972,1,0.7579,0.7579,0.6549,0.10299999999999998,5,False,True,0.6441,0.7,0.8765,48.0,46.52
BOAMP:19-174098,BOAMP:21-116891,1,0.6703,0.6703,0.6061,0.06420000000000003,29,False,False,0.5601,0.5,0.8564,24.0,25.72
BOAMP:19-175237,,0,,,,,0,False,False,,,,48.0,61.33
BOAMP:19-174412,BOAMP:22-141031,1,0.7413,0.7413,0.6954,0.04589999999999994,9,False,False,0.7452,1.0,0.2158,24.0,33.41
BOAMP:19-177026,,0,,,,,0,False,False,,,,48.0,61.14
BOAMP:19-178175,BOAMP:23-130718,1,0.6427,0.6427,0.6241,0.01860000000000006,10,False,False,0.5299,0.7,0.5288,48.0,42.35
BOAMP:19-177220,BOAMP:20-71239,1,0.6552,0.6552,,,1,True,False,0.9406,0.5,0.0201,18.0,6.24
BOAMP:19-172419,,0,,,,,0,False,False,,,,48.0,61.07
BOAMP:19-179524,BOAMP:23-49047,1,0.71,0.71,,,1,True,False,0.9198,0.7,0.0853,48.0,37.02
BOAMP:19-180395,BOAMP:22-103042,1,0.573,0.573,,,1,True,False,0.3879,0.5,0.7141,24.0,27.43
BOAMP:19-181049,,0,,,,,0,False,False,,,,12.0,50.85
BOAMP:19-181393,BOAMP:24-50203,1,0.6181,0.6181,0.5258,0.09229999999999994,8,False,False,0.2982,0.7,0.8689,48.0,49.57
BOAMP:19-184534,BOAMP:20-61130,1,0.5622,0.5622,0.4607,0.10150000000000003,2,False,False,0.598,0.0,0.8651,12.0,10.38
BOAMP:19-184300,,0,,,,,0,False,False,,,,24.0,60.64
BOAMP:19-184490,BOAMP:23-73693,1,0.7216,0.7216,0.5826,0.139,8,False,True,0.7175,1.0,0.1729,48.0,38.07
BOAMP:19-187147,BOAMP:24-20340,1,0.6416,0.6416,0.6233,0.018299999999999983,8,False,False,0.5895,0.3,0.9039,48.0,46.85
BOAMP:19-187630,BOAMP:23-87983,1,0.4632,0.4632,,,1,True,False,0.2495,0.7,0.1921,48.0,38.3
BOAMP:19-185581,BOAMP:20-70680,1,0.5116,0.5116,,,1,True,False,0.2904,0.5,0.6023,12.0,7.23
BOAMP:19-190109,,0,,,,,0,False,False,,,,48.0,60.38
BOAMP:19-189641,BOAMP:21-156687,1,0.5786,0.5786,0.3236,0.255,2,False,False,0.4743,0.7,0.3195,24.0,15.83
BOAMP:19-190328,BOAMP:22-150817,1,0.7844,0.7844,0.4469,0.33749999999999997,3,False,True,0.8266,1.0,0.2687,48.0,39.22
BOAMP:20-4011,,0,,,,,0,False,False,,,,24.0,55.09
BOAMP:20-6019,BOAMP:22-71838,1,0.594,0.594,0.5773,0.016699999999999937,3,False,False,0.4693,0.5,0.6566,24.0,28.12
BOAMP:20-5957,BOAMP:20-110309,1,0.6406,0.6406,0.6292,0.011399999999999966,17,False,False,0.4198,0.5,0.9883,12.0,11.86
BOAMP:20-6008,,0,,,,,0,False,False,,,,12.0,54.73
BOAMP:20-6485,,0,,,,,0,False,False,,,,24.0,55.22
BOAMP:20-8882,BOAMP:21-3091,1,0.6117,0.6117,0.5138,0.09789999999999999,4,False,False,0.3571,0.5,0.9691,12.0,11.63
BOAMP:20-9474,,0,,,,,0,False,False,,,,36.0,59.33
BOAMP:20-8874,,0,,,,,0,False,False,,,,12.0,50.56
BOAMP:20-8819,,0,,,,,0,False,False,,,,12.0,50.53
BOAMP:20-12202,BOAMP:22-20320,1,0.7076,0.7076,0.7016,0.006000000000000005,20,False,False,1.0,0.5,0.1631,12.0,22.04
BOAMP:20-11443,BOAMP:22-5921,1,0.5765,0.5765,0.4818,0.0947,4,False,False,0.4226,1.0,0.0371,12.0,23.55
BOAMP:20-16671,BOAMP:22-159813,1,0.7348,0.7348,0.6932,0.04159999999999997,9,False,False,0.5869,0.7,0.8753,24.0,22.5
BOAMP:20-20633,BOAMP:21-86348,1,0.3197,0.3197,,,1,True,False,0.325,0.0,0.1986,12.0,21.62
BOAMP:20-23104,BOAMP:21-11209,1,0.62,0.62,0.3831,0.2369,2,False,False,0.3903,0.5,0.9445,12.0,11.33
BOAMP:20-23300,,0,,,,,0,False,False,,,,36.0,58.48
BOAMP:20-27109,BOAMP:20-61130,1,0.9325,0.9325,0.5371,0.3954,2,False,True,1.0,1.0,0.6625,12.0,7.95
BOAMP:20-32737,BOAMP:20-110309,1,0.5901,0.5901,0.5446,0.045499999999999985,10,False,False,0.2357,0.7,0.8541,12.0,10.25
BOAMP:20-34709,,0,,,,,0,False,False,,,,6.0,57.79
BOAMP:20-36082,,0,,,,,0,False,False,,,,1.0,57.72
BOAMP:20-35774,BOAMP:21-77546,1,0.7858,0.7858,0.6788,0.1070000000000001,3,False,True,0.8413,0.7,0.6214,12.0,7.46
BOAMP:20-49128,,0,,,,,0,False,False,,,,6.0,53.81
BOAMP:20-52846,,0,,,,,0,False,False,,,,12.0,49.61
BOAMP:20-51762,,0,,,,,0,False,False,,,,12.0,53.52
BOAMP:20-54010,,0,,,,,0,False,False,,,,24.0,56.41
BOAMP:20-54626,BOAMP:21-11209,1,0.4546,0.4546,0.3595,0.09510000000000002,2,False,False,0.381,0.0,0.7611,12.0,9.13
BOAMP:20-56147,BOAMP:20-137453,1,0.5898,0.5898,0.502,0.08779999999999999,3,False,False,0.5132,0.5,0.5475,12.0,6.57
BOAMP:20-56877,,0,,,,,0,False,False,,,,4.0,56.24
BOAMP:20-58079,BOAMP:23-43183,1,0.9337,0.9337,0.6097,0.32399999999999995,7,False,True,0.8874,1.0,0.8937,36.0,34.72
BOAMP:20-57925,BOAMP:21-63730,1,0.3197,0.3197,,,1,True,False,0.2193,0.3,0.0348,24.0,12.42
BOAMP:20-61130,BOAMP:21-102565,1,0.5707,0.5707,0.4873,0.08339999999999997,2,False,False,0.4879,0.3,0.7528,12.0,9.03
BOAMP:20-62727,BOAMP:21-76925,1,0.6565,0.6565,0.6346,0.02189999999999992,9,False,False,0.4241,0.7,0.8091,12.0,14.29
BOAMP:20-65753,BOAMP:21-67771,1,0.7653,0.7653,0.7073,0.05799999999999994,20,False,True,0.7071,0.7,0.7872,12.0,14.55
BOAMP:20-68352,BOAMP:21-77546,1,0.8466,0.8466,0.7939,0.05269999999999997,9,False,True,0.634,1.0,0.9652,12.0,12.42
BOAMP:20-68923,BOAMP:21-78563,1,0.7629,0.7629,0.6409,0.122,5,False,True,0.6094,0.7,0.9707,12.0,12.35
BOAMP:20-70268,BOAMP:22-165686,1,0.667,0.667,0.6105,0.056499999999999995,6,False,False,0.4194,0.7,0.8713,25.0,26.54
BOAMP:20-70265,BOAMP:22-51860,1,0.4047,0.4047,0.3582,0.046499999999999986,3,False,False,0.584,0.0,0.1056,12.0,22.73
BOAMP:20-70855,BOAMP:20-138135,1,0.5546,0.5546,0.5261,0.02849999999999997,14,False,False,0.2277,0.7,0.6926,12.0,8.31
BOAMP:20-70746,BOAMP:22-148365,1,0.489,0.489,0.4289,0.06009999999999999,3,False,False,0.5334,0.0,0.6281,36.0,31.54
BOAMP:20-71239,,0,,,,,0,False,False,,,,18.0,54.86
BOAMP:20-72064,,0,,,,,0,False,False,,,,8.0,54.83
BOAMP:20-72791,BOAMP:21-126360,1,0.9534,0.9534,0.9216,0.03180000000000005,2,False,False,1.0,1.0,0.7672,16.0,13.21
BOAMP:20-75569,BOAMP:22-38732,1,0.5777,0.5777,,,1,True,False,0.412,0.7,0.4396,12.0,18.73
BOAMP:20-77757,,0,,,,,0,False,False,,,,12.0,54.4
BOAMP:20-78639,,0,,,,,0,False,False,,,,6.0,51.31
BOAMP:20-84141,,0,,,,,0,False,False,,,,12.0,50.03
BOAMP:20-85580,,0,,,,,0,False,False,,,,24.0,53.88
BOAMP:20-91479,BOAMP:22-100677,1,0.7607,0.7607,0.6661,0.09460000000000002,3,False,True,0.7958,0.5,0.8369,24.0,22.04
BOAMP:20-85492,BOAMP:22-120791,1,0.5888,0.5888,0.4177,0.17109999999999997,5,False,False,0.2739,0.7,0.7712,24.0,21.25
BOAMP:20-94462,BOAMP:21-139293,1,0.5711,0.5711,0.558,0.0131,7,False,False,0.452,0.5,0.5764,12.0,17.08
BOAMP:20-96647,BOAMP:22-140992,1,0.3474,0.3474,,,1,True,False,0.4749,0.0,0.0371,12.0,23.55
BOAMP:20-97584,BOAMP:23-99938,1,0.6611,0.6611,0.6566,0.0045000000000000595,6,False,False,0.3661,0.7,0.9484,36.0,35.38
BOAMP:20-98331,BOAMP:23-110154,1,0.6562,0.6562,0.5792,0.07699999999999996,9,False,False,0.7679,0.0,0.995,36.0,35.94
BOAMP:20-98264,BOAMP:22-52027,1,0.7369,0.7369,0.7313,0.005600000000000049,30,False,False,0.4355,1.0,0.8136,18.0,20.24
BOAMP:20-98214,BOAMP:22-52027,1,0.7369,0.7369,0.7313,0.005600000000000049,30,False,False,0.4355,1.0,0.8136,18.0,20.24
BOAMP:20-98937,,0,,,,,0,False,False,,,,12.0,48.03
BOAMP:20-100172,,0,,,,,0,False,False,,,,1.0,52.79
BOAMP:20-106379,BOAMP:22-124106,1,0.5601,0.5601,0.4981,0.062000000000000055,5,False,False,1.0,0.0,0.0505,36.0,24.61
BOAMP:20-107792,BOAMP:22-24405,1,0.6351,0.6351,0.6182,0.016900000000000026,4,False,False,0.3296,0.7,0.8913,12.0,13.3
BOAMP:20-109382,BOAMP:21-101248,1,0.5078,0.5078,0.491,0.016800000000000037,4,False,False,0.436,0.0,0.9171,12.0,11.01
BOAMP:20-110872,,0,,,,,0,False,False,,,,36.0,51.71
BOAMP:20-110309,BOAMP:21-126684,1,0.6569,0.6569,0.6175,0.03939999999999999,14,False,False,0.5779,0.7,0.5035,6.0,11.96
BOAMP:20-111698,BOAMP:21-67771,1,0.5932,0.5932,0.574,0.019199999999999995,18,False,False,0.6863,0.0,0.8432,12.0,10.12
BOAMP:20-114032,,0,,,,,0,False,False,,,,12.0,51.45
BOAMP:20-114106,BOAMP:22-150817,1,0.4528,0.4528,0.451,0.0017999999999999683,7,False,False,0.4949,0.0,0.5241,36.0,30.29
BOAMP:20-114714,,0,,,,,0,False,False,,,,12.0,46.94
BOAMP:20-115241,BOAMP:21-139293,1,0.6025,0.6025,0.5598,0.04270000000000007,7,False,False,0.3595,0.5,0.9186,12.0,12.98
BOAMP:20-117677,,0,,,,,0,False,False,,,,12.0,47.37
BOAMP:20-118247,BOAMP:23-118784,1,0.6067,0.6067,0.5839,0.022800000000000042,4,False,False,0.3595,1.0,0.3144,24.0,32.23
BOAMP:20-119807,,0,,,,,0,False,False,,,,36.0,50.99
BOAMP:20-120399,BOAMP:24-65191,1,0.3684,0.3684,0.3225,0.045899999999999996,2,False,False,0.2159,0.0,0.6601,36.0,40.08
BOAMP:20-120545,,0,,,,,0,False,False,,,,12.0,48.92
BOAMP:20-124045,BOAMP:23-69310,1,0.5886,0.5886,0.5779,0.010700000000000043,19,False,False,0.3075,0.7,0.7031,24.0,27.56
BOAMP:20-125567,BOAMP:21-67771,1,0.7693,0.7693,0.6988,0.07050000000000001,20,False,True,0.6166,1.0,0.6132,12.0,7.36
BOAMP:20-133527,BOAMP:22-166698,1,0.8452,0.8452,0.6872,0.15799999999999992,8,False,True,0.7137,1.0,0.7986,24.0,21.58
BOAMP:20-137453,BOAMP:21-123669,1,0.5625,0.5625,,,1,True,False,0.4765,0.5,0.4847,4.0,10.18
BOAMP:20-138135,BOAMP:21-116891,1,0.5669,0.5669,0.5605,0.006399999999999961,18,False,False,0.5825,0.0,0.9198,12.0,11.04
BOAMP:20-142134,BOAMP:21-76634,1,0.6043,0.6043,0.5089,0.09539999999999993,14,False,False,0.2414,0.7,0.9135,5.5,6.54
BOAMP:20-142015,BOAMP:23-134735,1,0.6198,0.6198,0.5791,0.04070000000000007,14,False,False,0.4356,0.5,0.8526,36.0,34.23
BOAMP:20-143091,,0,,,,,0,False,False,,,,12.0,44.15
BOAMP:20-148013,,0,,,,,0,False,False,,,,22.0,48.85
BOAMP:20-149977,,0,,,,,0,False,False,,,,24.0,48.65
BOAMP:20-154115,,0,,,,,0,False,False,,,,3.0,46.62
BOAMP:20-155284,BOAMP:21-130956,1,0.6904,0.6904,0.5774,0.11299999999999999,16,False,False,0.4158,0.7,0.9953,12.0,12.06
BOAMP:20-155309,BOAMP:22-166698,1,0.8833,0.8833,0.6945,0.18879999999999997,8,False,True,0.8228,1.0,0.7712,24.0,21.25
BOAMP:21-11209,,0,,,,,0,False,False,,,,5.0,47.17
BOAMP:21-12643,,0,,,,,0,False,False,,,,6.0,47.11
BOAMP:21-16407,,0,,,,,0,False,False,,,,12.0,46.85
BOAMP:21-16505,BOAMP:22-20320,1,0.7543,0.7543,0.6569,0.09739999999999993,18,False,True,0.6106,0.7,0.9253,12.0,11.1
BOAMP:21-20759,,0,,,,,0,False,False,,,,24.0,46.58
BOAMP:21-19596,,0,,,,,0,False,False,,,,12.0,43.43
BOAMP:21-22700,BOAMP:23-61473,1,0.7428,0.7428,0.5918,0.15100000000000002,2,False,True,0.744,0.5,0.851,24.0,25.79
BOAMP:21-25043,,0,,,,,0,False,False,,,,6.0,46.22
BOAMP:21-25103,,0,,,,,0,False,False,,,,12.0,46.16
BOAMP:21-26779,BOAMP:23-73693,1,0.6782,0.6782,0.6574,0.02080000000000004,17,False,False,0.4001,0.7,0.9656,24.0,23.59
BOAMP:21-29818,BOAMP:22-28887,1,0.8933,0.8933,,,1,True,False,1.0,1.0,0.4667,5.0,11.4
BOAMP:21-30450,,0,,,,,0,False,False,,,,5.0,45.7
BOAMP:21-32692,,0,,,,,0,False,False,,,,12.0,45.63
BOAMP:21-35939,,0,,,,,0,False,False,,,,12.0,45.43
BOAMP:21-36205,,0,,,,,0,False,False,,,,12.0,45.4
BOAMP:21-37354,BOAMP:21-170353,1,0.5689,0.5689,0.5684,0.0004999999999999449,5,False,False,0.2092,0.7,0.8009,12.0,14.39
BOAMP:21-39936,BOAMP:22-122102,1,0.4904,0.4904,,,1,True,False,0.3561,0.7,0.1151,4.0,14.62
BOAMP:21-46043,BOAMP:22-13142,1,0.7147,0.7147,0.6565,0.05820000000000003,22,False,True,0.4888,0.7,0.9707,12.0,12.35
BOAMP:21-50713,BOAMP:22-39260,1,0.6017,0.6017,0.5814,0.020299999999999985,6,False,False,0.3583,0.5,0.9171,12.0,11.01
BOAMP:21-51104,BOAMP:22-159813,1,0.8328,0.8328,0.7227,0.11009999999999998,8,False,True,0.878,0.7,0.783,12.0,9.4
BOAMP:21-51620,,0,,,,,0,False,False,,,,12.0,44.45
BOAMP:21-53976,BOAMP:22-83349,1,0.688,0.688,0.6673,0.02069999999999994,12,False,False,0.436,1.0,0.5682,12.0,17.18
BOAMP:21-53955,,0,,,,,0,False,False,,,,12.0,44.25
BOAMP:21-53968,,0,,,,,0,False,False,,,,12.0,44.25
BOAMP:21-57207,BOAMP:22-8616,1,0.4762,0.4762,0.4041,0.0721,5,False,False,0.3851,0.0,0.8606,7.0,8.67
BOAMP:21-57288,BOAMP:23-167186,1,0.4435,0.4435,0.3622,0.08129999999999998,2,False,False,0.3558,0.0,0.7558,30.0,27.07
BOAMP:21-62138,BOAMP:22-8616,1,0.3588,0.3588,,,1,True,False,0.2072,0.0,0.6298,4.0,8.44
BOAMP:21-50135,BOAMP:23-101767,1,0.4096,0.4096,,,1,True,False,0.621,0.0,0.0563,12.0,23.32
BOAMP:21-68348,,0,,,,,0,False,False,,,,12.0,36.56
BOAMP:21-67771,BOAMP:22-85365,1,0.739,0.739,0.7286,0.010399999999999965,23,False,False,0.7021,0.5,0.9159,12.0,13.01
BOAMP:21-69124,,0,,,,,0,False,False,,,,12.0,43.3
BOAMP:21-67894,,0,,,,,0,False,False,,,,12.0,36.73
BOAMP:21-76925,BOAMP:22-87982,1,0.7271,0.7271,0.5883,0.13879999999999992,6,False,True,0.4729,1.0,0.6899,12.0,8.28
BOAMP:21-77546,,0,,,,,0,False,False,,,,12.0,42.71
BOAMP:21-77933,,0,,,,,0,False,False,,,,12.0,41.16
BOAMP:21-78101,BOAMP:22-105384,1,0.7848,0.7848,0.4215,0.36330000000000007,4,False,True,0.9031,1.0,0.1178,4.0,14.59
BOAMP:21-78393,,0,,,,,0,False,False,,,,12.0,42.67
BOAMP:21-79975,BOAMP:24-3414,1,0.5902,0.5902,,,1,True,False,0.4524,0.7,0.4212,24.0,30.95
BOAMP:21-81812,,0,,,,,0,False,False,,,,12.0,38.14
BOAMP:21-82013,,0,,,,,0,False,False,,,,18.0,42.44
BOAMP:21-86124,,0,,,,,0,False,False,,,,24.0,42.28
BOAMP:21-87993,,0,,,,,0,False,False,,,,8.0,42.21
BOAMP:21-86348,BOAMP:23-48532,1,0.6923,0.6923,0.6164,0.07590000000000008,9,False,False,0.5602,0.5,0.9659,24.0,24.41
BOAMP:21-86773,BOAMP:23-12419,1,0.6217,0.6217,0.5973,0.024399999999999977,18,False,False,0.5282,0.3,0.9273,24.0,23.13
BOAMP:21-88585,,0,,,,,0,False,False,,,,12.0,38.14
BOAMP:21-88617,,0,,,,,0,False,False,,,,12.0,42.05
BOAMP:21-89893,BOAMP:23-32316,1,0.4755,0.4755,0.3844,0.09109999999999996,2,False,False,0.4719,0.0,0.6836,24.0,20.2
BOAMP:21-91773,BOAMP:22-74813,1,0.729,0.729,0.691,0.038000000000000034,7,False,False,0.7427,0.5,0.7849,24.0,21.42
BOAMP:21-93999,,0,,,,,0,False,False,,,,12.0,41.75
BOAMP:21-97121,,0,,,,,0,False,False,,,,24.0,38.67
BOAMP:21-99793,,0,,,,,0,False,False,,,,5.0,41.52
BOAMP:21-101248,BOAMP:22-163372,1,0.6452,0.6452,0.6207,0.024499999999999966,10,False,False,0.3494,0.7,0.9022,12.0,13.17
BOAMP:21-102565,BOAMP:22-19299,1,0.4659,0.4659,,,1,True,False,0.4759,0.0,0.6279,7.0,11.47
BOAMP:21-103746,BOAMP:23-83529,1,0.6694,0.6694,0.4407,0.22870000000000001,3,False,False,0.5387,0.5,0.8944,24.0,22.73
BOAMP:21-114338,,0,,,,,0,False,False,,,,18.0,40.24
BOAMP:21-118586,BOAMP:22-69458,1,0.7142,0.7142,0.6798,0.034399999999999986,8,False,False,0.7828,0.3,0.8803,12.0,13.44
BOAMP:21-120100,,0,,,,,0,False,False,,,,6.0,39.68
BOAMP:21-125862,,0,,,,,0,False,False,,,,12.0,39.29
BOAMP:21-125536,BOAMP:22-38732,1,0.6774,0.6774,,,1,True,False,0.3651,1.0,0.657,12.0,7.88
BOAMP:21-125688,BOAMP:22-93332,1,0.6553,0.6553,,,1,True,False,0.5512,0.5,0.7994,12.0,9.59
BOAMP:21-126360,,0,,,,,0,False,False,,,,6.0,38.11
BOAMP:21-126684,BOAMP:23-98718,1,0.6004,0.6004,0.5881,0.012300000000000089,10,False,False,0.4358,0.7,0.5057,24.0,18.07
BOAMP:21-128976,,0,,,,,0,False,False,,,,12.0,34.3
BOAMP:21-121431,BOAMP:22-72719,1,0.5282,0.5282,0.4767,0.05149999999999999,3,False,False,0.3364,0.3,0.8432,12.0,10.12
BOAMP:21-129937,BOAMP:23-40733,1,0.5727,0.5727,0.5683,0.0043999999999999595,6,False,False,0.4053,0.5,0.6782,24.0,20.14
BOAMP:21-130956,BOAMP:23-174149,1,0.5815,0.5815,0.5061,0.07540000000000002,13,False,False,0.4003,0.3,0.982,24.0,23.78
BOAMP:21-137487,BOAMP:22-93332,1,0.8515,0.8515,,,1,True,False,0.7291,1.0,0.7994,12.0,9.59
BOAMP:21-137461,,0,,,,,0,False,False,,,,12.0,38.53
BOAMP:21-141754,,0,,,,,0,False,False,,,,5.0,38.34
BOAMP:21-142218,BOAMP:23-87870,1,0.7271,0.7271,,,1,True,False,0.4638,1.0,0.7078,12.0,15.51
BOAMP:21-142703,,0,,,,,0,False,False,,,,18.0,38.14
BOAMP:21-144079,,0,,,,,0,False,False,,,,24.0,38.11
BOAMP:21-139944,,0,,,,,0,False,False,,,,24.0,35.22
BOAMP:21-146075,,0,,,,,0,False,False,,,,24.0,38.01
BOAMP:21-148591,,0,,,,,0,False,False,,,,6.0,37.68
BOAMP:21-148611,BOAMP:22-105384,1,0.8341,0.8341,0.4708,0.36329999999999996,4,False,True,0.9031,1.0,0.3642,4.0,11.63
BOAMP:21-150615,,0,,,,,0,False,False,,,,12.0,37.55
BOAMP:21-152470,BOAMP:23-48831,1,0.6518,0.6518,0.596,0.05580000000000007,6,False,False,0.4302,1.0,0.3989,24.0,16.79
BOAMP:21-151331,,0,,,,,0,False,False,,,,12.0,37.45
BOAMP:21-153244,BOAMP:23-89292,1,0.3923,0.3923,,,1,True,False,0.3036,0.0,0.6042,24.0,19.25
BOAMP:21-155430,BOAMP:23-42045,1,0.5896,0.5896,0.5867,0.0029000000000000137,5,False,False,0.4988,0.7,0.3252,8.0,16.1
BOAMP:21-161507,,0,,,,,0,False,False,,,,24.0,35.12
BOAMP:21-159075,,0,,,,,0,False,False,,,,24.0,30.81
BOAMP:21-161904,BOAMP:22-90329,1,0.9126,0.9126,,,1,True,False,0.8023,1.0,0.9582,12.0,11.5
BOAMP:21-170353,BOAMP:22-148365,1,0.499,0.499,0.4665,0.03249999999999997,4,False,False,0.373,0.0,0.9992,12.0,11.99
BOAMP:22-13142,BOAMP:23-63763,1,0.6432,0.6432,0.6394,0.0038000000000000256,11,False,False,0.5029,0.5,0.835,12.0,10.02
BOAMP:22-15926,,0,,,,,0,False,False,,,,3.0,34.99
BOAMP:22-12758,BOAMP:23-47137,1,0.8216,0.8216,0.3974,0.4242,2,False,True,0.7849,0.7,0.9132,12.0,13.04
BOAMP:22-15069,BOAMP:23-159290,1,0.5287,0.5287,0.5043,0.024399999999999977,4,False,False,0.5367,0.3,0.445,12.0,18.66
BOAMP:22-21573,BOAMP:22-111359,1,0.7381,0.7381,0.7355,0.0025999999999999357,18,False,False,0.6048,0.7,0.8562,8.0,6.27
BOAMP:22-25102,BOAMP:22-150264,1,0.6435,0.6435,0.6304,0.0131,16,False,False,0.5598,0.5,0.7227,12.0,8.67
BOAMP:22-24902,BOAMP:22-162609,1,0.6246,0.6246,0.4989,0.12570000000000003,6,False,False,0.3556,0.7,0.7867,7.0,9.56
BOAMP:22-28144,BOAMP:22-93332,1,0.7397,0.7397,,,1,True,False,0.555,1.0,0.5886,12.0,7.06
BOAMP:22-28887,BOAMP:23-31948,1,0.8148,0.8148,,,1,True,False,1.0,0.7,0.4491,4.0,10.61
BOAMP:22-30678,BOAMP:22-162095,1,0.6871,0.6871,0.6566,0.030500000000000083,9,False,False,0.5179,0.7,0.7747,12.0,9.3
BOAMP:22-29878,BOAMP:23-104062,1,0.4974,0.4974,0.4887,0.008699999999999986,11,False,False,0.3845,0.0,0.9679,12.0,12.39
BOAMP:22-32770,BOAMP:22-150264,1,0.5637,0.5637,0.5609,0.0028000000000000247,10,False,False,0.3795,0.5,0.6844,12.0,8.21
BOAMP:22-35887,BOAMP:23-153863,1,0.3899,0.3899,,,1,True,False,0.2828,0.0,0.6339,12.0,16.39
BOAMP:22-38732,,0,,,,,0,False,False,,,,12.0,31.41
BOAMP:22-39639,BOAMP:22-162095,1,0.6784,0.6784,0.5899,0.08850000000000002,7,False,False,0.5181,0.7,0.7309,12.0,8.77
BOAMP:22-38397,,0,,,,,0,False,False,,,,12.0,33.51
BOAMP:22-41063,BOAMP:23-165823,1,0.4143,0.4143,0.35,0.06430000000000002,2,False,False,0.3836,0.0,0.5545,12.0,17.35
BOAMP:22-51860,BOAMP:23-41648,1,0.6594,0.6594,0.6168,0.04259999999999997,6,False,False,0.5238,0.7,0.6242,12.0,7.49
BOAMP:22-52158,BOAMP:22-90329,1,0.5788,0.5788,,,1,True,False,0.4922,0.7,0.2845,19.0,10.41
BOAMP:22-55032,BOAMP:22-90329,1,0.6516,0.6516,,,1,True,False,0.3908,0.7,0.8514,12.0,10.22
BOAMP:22-58525,,0,,,,,0,False,False,,,,18.0,27.73
BOAMP:22-61807,BOAMP:22-90329,1,0.6656,0.6656,,,1,True,False,0.4423,0.7,0.8186,12.0,9.82
BOAMP:22-64560,,0,,,,,0,False,False,,,,12.0,28.52
BOAMP:22-66076,BOAMP:22-148365,1,0.508,0.508,0.4916,0.016400000000000026,6,False,False,0.4249,0.0,0.9405,12.0,12.71
BOAMP:22-69458,BOAMP:23-105797,1,0.467,0.467,0.4503,0.016700000000000048,4,False,False,0.3276,0.0,0.9296,12.0,12.84
BOAMP:22-72719,BOAMP:23-47137,1,0.8782,0.8782,0.451,0.42719999999999997,2,False,True,0.9052,0.7,0.9554,12.0,11.47
BOAMP:22-73696,BOAMP:23-83529,1,0.4521,0.4521,0.3711,0.08100000000000002,4,False,False,0.3363,0.0,0.8377,12.0,10.05
BOAMP:22-78731,BOAMP:23-165206,1,0.4313,0.4313,,,1,True,False,0.4411,0.0,0.5244,12.0,17.71
BOAMP:22-87982,BOAMP:23-65504,1,0.6086,0.6086,0.5896,0.019000000000000017,4,False,False,0.2643,0.7,0.8897,12.0,10.68
BOAMP:22-90330,,0,,,,,0,False,False,,,,12.0,30.06
BOAMP:22-90329,,0,,,,,0,False,False,,,,12.0,22.27
BOAMP:22-93332,,0,,,,,0,False,False,,,,12.0,27.17
BOAMP:22-94809,BOAMP:23-113446,1,0.7087,0.7087,0.6941,0.014599999999999946,2,False,False,0.4557,1.0,0.6322,6.0,10.41
BOAMP:22-95015,BOAMP:23-104062,1,0.7636,0.7636,0.5442,0.21939999999999993,10,False,True,0.4278,1.0,0.9624,12.0,12.45
BOAMP:22-95969,BOAMP:22-150817,1,0.6613,0.6613,0.3446,0.3167,2,False,False,0.2632,1.0,0.78,6.0,8.64
BOAMP:22-99915,BOAMP:23-52464,1,0.5169,0.5169,0.4769,0.040000000000000036,2,False,False,0.623,0.0,0.5886,12.0,7.06
BOAMP:22-102191,,0,,,,,0,False,False,,,,1.0,29.27
BOAMP:22-102718,,0,,,,,0,False,False,,,,12.0,25.1
BOAMP:22-112462,BOAMP:22-141031,1,0.6504,0.6504,0.5774,0.07299999999999995,4,False,False,0.5047,0.7,0.6176,3.0,7.59
BOAMP:22-118541,,0,,,,,0,False,False,,,,12.0,27.96
BOAMP:22-120791,BOAMP:23-159290,1,0.4792,0.4792,0.4014,0.07780000000000004,2,False,False,0.2474,0.3,0.7763,12.0,14.68
BOAMP:22-123056,BOAMP:23-166646,1,0.6717,0.6717,0.6054,0.06629999999999991,5,False,False,0.4658,0.7,0.8021,12.0,9.63
BOAMP:22-126881,BOAMP:23-163699,1,0.5051,0.5051,0.4533,0.05180000000000001,2,False,False,0.4724,0.0,0.831,12.0,14.03
BOAMP:22-128177,BOAMP:23-41937,1,0.5742,0.5742,,,1,True,False,0.4798,0.5,0.5366,12.0,6.44
BOAMP:22-134715,BOAMP:23-163699,1,0.4805,0.4805,0.4744,0.006099999999999994,2,False,False,0.3889,0.0,0.8748,12.0,13.5
BOAMP:22-141252,BOAMP:23-89292,1,0.6789,0.6789,,,1,True,False,0.3522,1.0,0.6899,12.0,8.28
BOAMP:22-141594,BOAMP:23-23753,1,0.6407,0.6407,0.5986,0.042100000000000026,5,False,False,0.3204,0.7,0.9378,12.0,12.75
BOAMP:22-144511,BOAMP:23-98709,1,0.4811,0.4811,,,1,True,False,0.2449,0.3,0.791,6.0,8.51
BOAMP:22-148365,BOAMP:23-168941,1,0.3402,0.3402,,,1,True,False,0.2195,0.0,0.5119,12.0,6.14
BOAMP:22-150567,,0,,,,,0,False,False,,,,12.0,25.62
BOAMP:22-153148,BOAMP:23-73693,1,0.7149,0.7149,0.6563,0.058599999999999985,7,False,True,0.5332,0.7,0.8828,5.0,6.41
BOAMP:22-162609,BOAMP:24-3636,1,0.598,0.598,0.5363,0.06169999999999998,6,False,False,0.226,0.7,0.9132,12.0,13.04
BOAMP:22-162095,BOAMP:23-66104,1,0.8039,0.8039,0.7444,0.0595,4,False,True,0.6291,1.0,0.7611,12.0,9.13
BOAMP:22-165707,BOAMP:23-105797,1,0.6737,0.6737,0.5837,0.08999999999999997,3,False,False,0.4146,0.7,0.9144,12.0,10.97
BOAMP:22-166133,BOAMP:23-135203,1,0.4983,0.4983,,,1,True,False,0.4821,0.0,0.7775,12.0,9.33
BOAMP:22-166149,,0,,,,,0,False,False,,,,2.0,22.34
BOAMP:23-12742,,0,,,,,0,False,False,,,,4.0,23.09
BOAMP:23-30054,,0,,,,,0,False,False,,,,3.0,21.85
BOAMP:23-31948,,0,,,,,0,False,False,,,,4.0,21.71
BOAMP:23-48831,BOAMP:23-44436,1,0.4598,0.4598,,,1,True,False,0.3722,0.0,0.8046,6.0,8.34
BOAMP:23-56091,,0,,,,,0,False,False,,,,4.0,20.2
BOAMP:23-98097,,0,,,,,0,False,False,,,,3.0,17.71
BOAMP:23-137061,,0,,,,,0,False,False,,,,2.0,14.95
